# seed,length,entropy,runs,pi,acf,uni,rep
1.000000,300.000000,0.790527,1.000000,0.999512,0.958008,0.247070,0.994629
2.000000,300.000000,0.797852,1.000000,0.999512,0.959961,0.257812,0.988770
3.000000,300.000000,0.789062,1.000000,0.986328,0.958008,0.246094,0.990723
4.000000,300.000000,0.788086,1.000000,0.991699,0.956543,0.243164,0.993164
5.000000,300.000000,0.800781,1.000000,0.983887,0.954590,0.260742,0.994629
6.000000,300.000000,0.797852,1.000000,0.996582,0.957031,0.257812,0.994629
7.000000,300.000000,0.795410,1.000000,0.999512,0.959961,0.253906,0.995117
8.000000,300.000000,0.792969,1.000000,0.996582,0.958984,0.250977,0.988770
9.000000,300.000000,0.795410,1.000000,0.988281,0.953613,0.253906,0.985352
10.000000,300.000000,0.798828,1.000000,0.956543,0.963867,0.258789,0.994629
11.000000,300.000000,0.803223,1.000000,0.997070,0.959473,0.265625,0.990234
12.000000,300.000000,0.790527,1.000000,0.996582,0.961426,0.246094,0.995117
13.000000,300.000000,0.797852,1.000000,0.998535,0.960938,0.256836,0.993164
14.000000,300.000000,0.793457,1.000000,0.993652,0.956543,0.251953,0.994629
15.000000,300.000000,0.797363,1.000000,0.976562,0.956543,0.255859,0.993652
16.000000,300.000000,0.799316,1.000000,1.000000,0.960938,0.259766,0.988770
17.000000,300.000000,0.795898,1.000000,0.999512,0.960449,0.254883,0.990723
18.000000,300.000000,0.793457,1.000000,0.972656,0.956055,0.252930,0.990723
19.000000,300.000000,0.797363,1.000000,0.999023,0.961426,0.256836,0.990723
20.000000,300.000000,0.797363,1.000000,0.994629,0.963379,0.256836,0.986816
21.000000,300.000000,0.795898,1.000000,0.988281,0.955078,0.255859,0.993164
22.000000,300.000000,0.803223,1.000000,0.994629,0.961426,0.265625,0.994629
23.000000,300.000000,0.796875,1.000000,0.990234,0.959961,0.255859,0.993652
24.000000,300.000000,0.796387,1.000000,0.994629,0.956543,0.255859,0.992188
25.000000,300.000000,0.795898,1.000000,0.999512,0.957031,0.254883,0.994141
26.000000,300.000000,0.794922,1.000000,0.999023,0.959961,0.252930,0.994629
27.000000,300.000000,0.786133,1.000000,0.988281,0.957031,0.243164,0.990723
28.000000,300.000000,0.798340,1.000000,1.000000,0.962891,0.257812,0.987305
29.000000,300.000000,0.790039,1.000000,0.988281,0.961426,0.246094,0.995117
30.000000,300.000000,0.788086,1.000000,0.981934,0.958496,0.245117,0.991699
31.000000,300.000000,0.798340,1.000000,1.000000,0.956543,0.257812,0.994629
32.000000,300.000000,0.797852,1.000000,0.996582,0.961426,0.258789,0.992188
33.000000,300.000000,0.794434,1.000000,0.991699,0.958984,0.252930,0.993652
34.000000,300.000000,0.795898,1.000000,0.951660,0.957520,0.254883,0.991699
35.000000,300.000000,0.795898,1.000000,0.991699,0.959473,0.255859,0.994141
36.000000,300.000000,0.792969,1.000000,0.994629,0.959473,0.250977,0.991211
37.000000,300.000000,0.789062,1.000000,1.000000,0.961426,0.246094,0.995605
38.000000,300.000000,0.792969,1.000000,0.999023,0.956543,0.250977,0.988770
39.000000,300.000000,0.796387,1.000000,0.990234,0.952148,0.254883,0.985352
40.000000,300.000000,0.795410,1.000000,0.998535,0.953125,0.253906,0.986816
41.000000,300.000000,0.792480,1.000000,0.970215,0.963379,0.250977,0.995117
42.000000,300.000000,0.797852,1.000000,0.981934,0.958496,0.256836,0.995605
43.000000,300.000000,0.795410,1.000000,0.991699,0.962891,0.254883,0.984863
44.000000,300.000000,0.794434,1.000000,0.999512,0.960449,0.252930,0.994141
45.000000,300.000000,0.790527,1.000000,0.990234,0.957031,0.247070,0.988770
46.000000,300.000000,0.795410,1.000000,0.970215,0.962891,0.252930,0.995605
47.000000,300.000000,0.798828,0.000000,0.966309,0.961426,0.258789,0.986328
48.000000,300.000000,0.793457,1.000000,0.963867,0.956055,0.250977,0.985840
49.000000,300.000000,0.793457,1.000000,0.994629,0.958984,0.252930,0.985352
50.000000,300.000000,0.801758,1.000000,0.994629,0.958984,0.262695,0.994629
51.000000,300.000000,0.788574,1.000000,0.996582,0.958496,0.246094,0.994141
52.000000,300.000000,0.793945,1.000000,0.999023,0.959473,0.251953,0.988770
53.000000,300.000000,0.792480,1.000000,0.994629,0.963379,0.250000,0.988770
54.000000,300.000000,0.795410,1.000000,0.990234,0.956055,0.253906,0.985352
55.000000,300.000000,0.800293,1.000000,0.999023,0.954590,0.260742,0.994141
56.000000,300.000000,0.797852,1.000000,0.997070,0.956055,0.257812,0.993652
57.000000,300.000000,0.797363,1.000000,0.998535,0.958008,0.256836,0.994141
58.000000,300.000000,0.796875,1.000000,0.999512,0.957031,0.256836,0.993652
59.000000,300.000000,0.798340,1.000000,0.988281,0.958008,0.258789,0.995117
60.000000,300.000000,0.796875,0.000000,0.959473,0.959473,0.256836,0.988281
61.000000,300.000000,0.799316,0.000000,0.999512,0.963379,0.259766,0.995117
62.000000,300.000000,0.794434,1.000000,0.996582,0.957031,0.252930,0.994629
63.000000,300.000000,0.797852,1.000000,1.000000,0.958008,0.256836,0.987305
64.000000,300.000000,0.800293,1.000000,0.999512,0.958984,0.261719,0.995117
65.000000,300.000000,0.796387,1.000000,0.970215,0.954590,0.255859,0.989258
66.000000,300.000000,0.790527,1.000000,0.993652,0.957520,0.248047,0.995605
67.000000,300.000000,0.800293,1.000000,0.999023,0.958496,0.260742,0.993652
68.000000,300.000000,0.792969,1.000000,0.996582,0.960938,0.250000,0.992676
69.000000,300.000000,0.792969,1.000000,0.970215,0.958008,0.250000,0.987305
70.000000,300.000000,0.790527,1.000000,1.000000,0.961426,0.247070,0.995117
71.000000,300.000000,0.794922,1.000000,0.981934,0.958496,0.253906,0.989746
72.000000,300.000000,0.789551,0.000000,0.998535,0.958984,0.247070,0.986816
73.000000,300.000000,0.798828,1.000000,0.981934,0.953125,0.259766,0.995605
74.000000,300.000000,0.789551,1.000000,0.972656,0.960938,0.246094,0.987793
75.000000,300.000000,0.788086,1.000000,0.993652,0.961914,0.243164,0.991211
76.000000,300.000000,0.795898,1.000000,0.999512,0.956055,0.254883,0.994141
77.000000,300.000000,0.798828,0.000000,0.998535,0.958496,0.258789,0.990723
78.000000,300.000000,0.800781,1.000000,0.993652,0.959961,0.260742,0.994629
79.000000,300.000000,0.802246,1.000000,0.972656,0.956055,0.263672,0.989258
80.000000,300.000000,0.798828,1.000000,0.997070,0.952148,0.258789,0.994629
81.000000,300.000000,0.791992,1.000000,0.996582,0.960938,0.249023,0.991211
82.000000,300.000000,0.794434,1.000000,0.997070,0.960938,0.252930,0.994629
83.000000,300.000000,0.797852,1.000000,0.998535,0.960449,0.256836,0.994141
84.000000,300.000000,0.794922,1.000000,0.990234,0.962402,0.253906,0.994629
85.000000,300.000000,0.797363,1.000000,0.963867,0.956543,0.256836,0.995605
86.000000,300.000000,0.796875,1.000000,0.983887,0.955566,0.255859,0.993652
87.000000,300.000000,0.795898,1.000000,0.996582,0.957520,0.255859,0.987793
88.000000,300.000000,0.800781,0.000000,0.994629,0.955078,0.261719,0.992188
89.000000,300.000000,0.797363,1.000000,0.994629,0.958496,0.255859,0.985840
90.000000,300.000000,0.788574,1.000000,0.990234,0.960938,0.244141,0.989258
91.000000,300.000000,0.794434,1.000000,0.983887,0.956055,0.252930,0.986328
92.000000,300.000000,0.790527,1.000000,1.000000,0.959961,0.248047,0.990234
93.000000,300.000000,0.794922,1.000000,0.998535,0.959473,0.252930,0.995117
94.000000,300.000000,0.792969,1.000000,1.000000,0.958008,0.250000,0.994629
95.000000,300.000000,0.791016,1.000000,0.972656,0.958984,0.247070,0.993164
96.000000,300.000000,0.797852,1.000000,0.991699,0.958008,0.256836,0.994629
97.000000,300.000000,0.790039,1.000000,0.999512,0.957031,0.246094,0.982910
98.000000,300.000000,0.795410,1.000000,0.986328,0.956543,0.253906,0.984863
99.000000,300.000000,0.792480,1.000000,0.999512,0.954102,0.250000,0.987305
100.000000,300.000000,0.794434,1.000000,0.976562,0.953613,0.251953,0.995605
101.000000,300.000000,0.790039,1.000000,0.997070,0.958984,0.249023,0.991699
102.000000,300.000000,0.794922,1.000000,0.991699,0.956543,0.252930,0.993652
103.000000,300.000000,0.792969,1.000000,0.999512,0.956543,0.251953,0.988770
104.000000,300.000000,0.796387,1.000000,0.976562,0.960449,0.254883,0.994629
105.000000,300.000000,0.795410,1.000000,1.000000,0.956543,0.253906,0.985840
106.000000,300.000000,0.799805,1.000000,0.991699,0.954102,0.260742,0.994141
107.000000,300.000000,0.798828,1.000000,0.996582,0.955078,0.259766,0.994141
108.000000,300.000000,0.787109,1.000000,0.981934,0.956055,0.243164,0.988281
109.000000,300.000000,0.793945,1.000000,0.983887,0.957031,0.252930,0.989746
110.000000,300.000000,0.798828,1.000000,1.000000,0.957520,0.257812,0.989746
111.000000,300.000000,0.797852,1.000000,0.997070,0.957520,0.256836,0.994629
112.000000,300.000000,0.795410,1.000000,0.996582,0.957520,0.252930,0.991211
113.000000,300.000000,0.795898,1.000000,1.000000,0.960449,0.253906,0.991699
114.000000,300.000000,0.798828,1.000000,0.993652,0.958496,0.258789,0.994141
115.000000,300.000000,0.793945,1.000000,0.963867,0.956543,0.251953,0.994629
116.000000,300.000000,0.797363,1.000000,0.996582,0.956543,0.257812,0.991211
117.000000,300.000000,0.793945,1.000000,0.978516,0.958984,0.254883,0.990234
118.000000,300.000000,0.795410,1.000000,0.998535,0.959961,0.253906,0.985840
119.000000,300.000000,0.795410,1.000000,0.998535,0.956543,0.254883,0.994629
120.000000,300.000000,0.800781,1.000000,0.972656,0.960938,0.261719,0.988770
121.000000,300.000000,0.791504,1.000000,0.966309,0.959473,0.249023,0.992676
122.000000,300.000000,0.800781,1.000000,1.000000,0.954102,0.262695,0.995117
123.000000,300.000000,0.797363,1.000000,0.990234,0.949707,0.255859,0.994629
124.000000,300.000000,0.787109,1.000000,0.996582,0.958496,0.245117,0.992676
125.000000,300.000000,0.788574,1.000000,0.999023,0.960449,0.244141,0.993164
126.000000,300.000000,0.794922,1.000000,0.986328,0.958984,0.252930,0.992188
127.000000,300.000000,0.795410,1.000000,0.991699,0.958984,0.252930,0.993652
128.000000,300.000000,0.798340,1.000000,0.983887,0.960938,0.257812,0.988281
129.000000,300.000000,0.785156,1.000000,0.990234,0.957520,0.239258,0.986328
130.000000,300.000000,0.797363,1.000000,0.997070,0.958496,0.256836,0.992188
131.000000,300.000000,0.793945,1.000000,1.000000,0.957520,0.252930,0.989746
132.000000,300.000000,0.790039,1.000000,0.990234,0.957520,0.248047,0.992188
133.000000,300.000000,0.796387,1.000000,0.999023,0.959961,0.254883,0.979492
134.000000,300.000000,0.792480,1.000000,0.999512,0.960938,0.250000,0.988770
135.000000,300.000000,0.793457,1.000000,0.959473,0.958984,0.251953,0.990723
136.000000,300.000000,0.791992,1.000000,1.000000,0.959473,0.250000,0.991699
137.000000,300.000000,0.795898,1.000000,0.994629,0.960449,0.253906,0.991699
138.000000,300.000000,0.792480,1.000000,0.988281,0.959961,0.250977,0.991211
139.000000,300.000000,0.796387,1.000000,0.999023,0.955566,0.254883,0.994629
140.000000,300.000000,0.796387,1.000000,0.996582,0.955566,0.255859,0.989258
141.000000,300.000000,0.800293,1.000000,0.983887,0.959961,0.260742,0.985352
142.000000,300.000000,0.793457,1.000000,0.999023,0.955078,0.251953,0.994141
143.000000,300.000000,0.797363,1.000000,0.999512,0.956055,0.256836,0.987793
144.000000,300.000000,0.792969,1.000000,0.986328,0.953613,0.250000,0.992188
145.000000,300.000000,0.794922,1.000000,0.986328,0.958008,0.253906,0.993164
146.000000,300.000000,0.789062,1.000000,0.999023,0.957031,0.245117,0.982422
147.000000,300.000000,0.790527,1.000000,0.994629,0.957031,0.249023,0.994629
148.000000,300.000000,0.794434,1.000000,0.990234,0.956543,0.252930,0.993164
149.000000,300.000000,0.793457,1.000000,0.951660,0.955078,0.251953,0.988770
150.000000,300.000000,0.806641,1.000000,0.997070,0.953125,0.269531,0.995117
151.000000,300.000000,0.796875,1.000000,0.999512,0.956055,0.255859,0.991211
152.000000,300.000000,0.797363,1.000000,0.990234,0.955078,0.256836,0.989258
153.000000,300.000000,0.797363,1.000000,1.000000,0.959473,0.256836,0.992188
154.000000,300.000000,0.792969,1.000000,0.996582,0.958984,0.250000,0.988770
155.000000,300.000000,0.803223,1.000000,0.986328,0.958008,0.265625,0.995117
156.000000,300.000000,0.801758,1.000000,0.999023,0.957031,0.262695,0.989746
157.000000,300.000000,0.794434,1.000000,1.000000,0.954590,0.252930,0.995117
158.000000,300.000000,0.796387,1.000000,1.000000,0.957520,0.255859,0.990723
159.000000,300.000000,0.795898,1.000000,1.000000,0.958496,0.254883,0.990723
160.000000,300.000000,0.797363,1.000000,0.998535,0.956543,0.256836,0.995117
161.000000,300.000000,0.797852,1.000000,0.997070,0.962402,0.257812,0.994629
162.000000,300.000000,0.790527,1.000000,0.997070,0.959961,0.247070,0.994629
163.000000,300.000000,0.803223,1.000000,0.991699,0.957520,0.264648,0.996094
164.000000,300.000000,0.799316,1.000000,0.991699,0.954102,0.259766,0.988770
165.000000,300.000000,0.791992,1.000000,0.999512,0.961426,0.249023,0.996094
166.000000,300.000000,0.794922,1.000000,0.997070,0.958496,0.253906,0.995117
167.000000,300.000000,0.798340,1.000000,0.991699,0.958008,0.257812,0.995117
168.000000,300.000000,0.795898,1.000000,0.988281,0.960938,0.254883,0.993164
169.000000,300.000000,0.798828,1.000000,0.999023,0.956055,0.258789,0.993652
170.000000,300.000000,0.798340,1.000000,0.998535,0.960449,0.258789,0.994141
171.000000,300.000000,0.795410,1.000000,1.000000,0.962402,0.253906,0.993164
172.000000,300.000000,0.797852,0.000000,0.999023,0.957031,0.257812,0.991699
173.000000,300.000000,0.788574,1.000000,0.994629,0.960449,0.247070,0.991211
174.000000,300.000000,0.792480,1.000000,0.999023,0.959961,0.249023,0.995117
175.000000,300.000000,0.796387,1.000000,0.993652,0.957520,0.254883,0.995117
176.000000,300.000000,0.799805,1.000000,0.997070,0.956543,0.259766,0.995117
177.000000,300.000000,0.786133,1.000000,0.999023,0.958984,0.241211,0.987305
178.000000,300.000000,0.798340,1.000000,0.999512,0.958984,0.257812,0.991211
179.000000,300.000000,0.792480,1.000000,0.991699,0.960449,0.250000,0.993164
180.000000,300.000000,0.795898,1.000000,0.993652,0.956543,0.254883,0.994629
181.000000,300.000000,0.788574,1.000000,0.999023,0.960938,0.245117,0.986328
182.000000,300.000000,0.794434,1.000000,0.999512,0.960938,0.251953,0.985840
183.000000,300.000000,0.793457,1.000000,0.991699,0.956543,0.251953,0.991699
184.000000,300.000000,0.793945,1.000000,0.996582,0.958496,0.250977,0.992188
185.000000,300.000000,0.799316,1.000000,1.000000,0.961914,0.258789,0.987305
186.000000,300.000000,0.798828,1.000000,0.996582,0.955566,0.258789,0.994629
187.000000,300.000000,0.802734,1.000000,0.986328,0.962402,0.263672,0.985352
188.000000,300.000000,0.797363,0.000000,0.997070,0.961426,0.255859,0.994141
189.000000,300.000000,0.796387,1.000000,0.996582,0.956055,0.254883,0.994141
190.000000,300.000000,0.796387,0.000000,0.990234,0.953613,0.256836,0.988281
191.000000,300.000000,0.798340,1.000000,0.993652,0.959961,0.257812,0.994141
192.000000,300.000000,0.790527,1.000000,0.943359,0.956055,0.248047,0.988770
193.000000,300.000000,0.792969,1.000000,0.997070,0.957520,0.251953,0.981445
194.000000,300.000000,0.792480,1.000000,0.998535,0.962402,0.250977,0.991699
195.000000,300.000000,0.799805,1.000000,0.999023,0.957520,0.259766,0.994141
196.000000,300.000000,0.798828,1.000000,1.000000,0.958496,0.257812,0.985840
197.000000,300.000000,0.788574,0.000000,0.999512,0.958984,0.246094,0.989746
198.000000,300.000000,0.794434,1.000000,0.986328,0.957520,0.252930,0.985840
199.000000,300.000000,0.796875,1.000000,0.993652,0.956055,0.255859,0.989258
200.000000,300.000000,0.797852,1.000000,0.972656,0.958008,0.256836,0.995117
201.000000,300.000000,0.796875,1.000000,0.998535,0.956543,0.255859,0.989258
202.000000,300.000000,0.801758,1.000000,1.000000,0.960938,0.261719,0.990723
203.000000,300.000000,0.793457,1.000000,1.000000,0.958984,0.252930,0.988281
204.000000,300.000000,0.792480,1.000000,1.000000,0.961914,0.250977,0.993652
205.000000,300.000000,0.791992,1.000000,0.983887,0.958984,0.249023,0.991211
206.000000,300.000000,0.800781,1.000000,0.998535,0.954590,0.260742,0.995605
207.000000,300.000000,0.800781,1.000000,1.000000,0.956543,0.261719,0.993652
208.000000,300.000000,0.793945,1.000000,1.000000,0.958496,0.250977,0.986816
209.000000,300.000000,0.798828,1.000000,1.000000,0.959473,0.259766,0.994629
210.000000,300.000000,0.795410,1.000000,0.976562,0.958496,0.254883,0.994141
211.000000,300.000000,0.798828,1.000000,0.983887,0.960449,0.258789,0.994141
212.000000,300.000000,0.791992,1.000000,1.000000,0.955566,0.250977,0.994141
213.000000,300.000000,0.791504,1.000000,0.999023,0.956055,0.249023,0.989258
214.000000,300.000000,0.798828,1.000000,0.999512,0.946777,0.259766,0.984375
215.000000,300.000000,0.794922,1.000000,1.000000,0.958984,0.253906,0.993652
216.000000,300.000000,0.793457,1.000000,0.991699,0.963379,0.250977,0.990234
217.000000,300.000000,0.792480,1.000000,0.981934,0.956055,0.250000,0.989746
218.000000,300.000000,0.802246,1.000000,0.921387,0.957031,0.263672,0.991699
219.000000,300.000000,0.794922,1.000000,0.991699,0.957031,0.253906,0.987793
220.000000,300.000000,0.789062,1.000000,0.999512,0.960449,0.246094,0.990234
221.000000,300.000000,0.799316,1.000000,0.994629,0.956055,0.258789,0.993652
222.000000,300.000000,0.798340,1.000000,0.999023,0.957031,0.257812,0.994141
223.000000,300.000000,0.794922,0.000000,0.997070,0.955566,0.253906,0.994629
224.000000,300.000000,0.796875,1.000000,1.000000,0.958496,0.256836,0.987793
225.000000,300.000000,0.796875,1.000000,0.991699,0.956543,0.255859,0.992188
226.000000,300.000000,0.791504,1.000000,0.981934,0.954102,0.249023,0.993652
227.000000,300.000000,0.801270,1.000000,1.000000,0.956543,0.261719,0.991211
228.000000,300.000000,0.800781,1.000000,0.963867,0.956055,0.260742,0.989746
229.000000,300.000000,0.801270,1.000000,0.988281,0.957031,0.261719,0.990234
230.000000,300.000000,0.801758,1.000000,0.994629,0.964355,0.262695,0.996094
231.000000,300.000000,0.790039,1.000000,0.993652,0.962891,0.248047,0.990234
232.000000,300.000000,0.797363,1.000000,0.999023,0.955078,0.256836,0.994629
233.000000,300.000000,0.800293,1.000000,0.999512,0.958008,0.260742,0.994629
234.000000,300.000000,0.794922,1.000000,0.983887,0.958496,0.253906,0.990234
235.000000,300.000000,0.797852,1.000000,0.994629,0.955078,0.258789,0.989746
236.000000,300.000000,0.798340,1.000000,0.991699,0.958496,0.257812,0.995117
237.000000,300.000000,0.791016,1.000000,1.000000,0.955566,0.248047,0.995117
238.000000,300.000000,0.790527,1.000000,0.991699,0.959961,0.247070,0.991699
239.000000,300.000000,0.800293,1.000000,0.997070,0.958496,0.260742,0.994629
240.000000,300.000000,0.795898,1.000000,0.991699,0.957520,0.255859,0.994141
241.000000,300.000000,0.801270,1.000000,1.000000,0.961426,0.261719,0.990723
242.000000,300.000000,0.801758,1.000000,0.993652,0.958496,0.263672,0.994141
243.000000,300.000000,0.806152,1.000000,1.000000,0.958496,0.269531,0.991699
244.000000,300.000000,0.793945,1.000000,0.978516,0.954102,0.251953,0.986816
245.000000,300.000000,0.798340,1.000000,0.993652,0.961914,0.257812,0.993652
246.000000,300.000000,0.800781,1.000000,0.990234,0.961914,0.260742,0.988281
247.000000,300.000000,0.790039,1.000000,0.999512,0.959961,0.247070,0.994141
248.000000,300.000000,0.798340,1.000000,0.997070,0.961426,0.257812,0.995117
249.000000,300.000000,0.799805,0.000000,0.998535,0.957520,0.260742,0.994629
250.000000,300.000000,0.797363,1.000000,1.000000,0.958984,0.256836,0.984375
251.000000,300.000000,0.797363,1.000000,0.999512,0.959961,0.256836,0.989746
252.000000,300.000000,0.797363,1.000000,0.966309,0.957031,0.256836,0.993652
253.000000,300.000000,0.797363,1.000000,0.983887,0.956543,0.257812,0.984375
254.000000,300.000000,0.792969,1.000000,0.998535,0.959473,0.251953,0.992188
255.000000,300.000000,0.794922,1.000000,0.991699,0.959961,0.253906,0.995117
256.000000,300.000000,0.791992,1.000000,0.998535,0.961426,0.248047,0.992676
257.000000,300.000000,0.797852,1.000000,0.988281,0.959473,0.257812,0.989746
258.000000,300.000000,0.793457,1.000000,0.963867,0.959961,0.251953,0.994141
259.000000,300.000000,0.794922,1.000000,0.998535,0.957031,0.252930,0.987793
260.000000,300.000000,0.793457,1.000000,0.996582,0.958984,0.250977,0.994629
261.000000,300.000000,0.797852,1.000000,0.999512,0.958008,0.257812,0.993652
262.000000,300.000000,0.799316,1.000000,0.997070,0.955078,0.258789,0.994629
263.000000,300.000000,0.799316,1.000000,0.993652,0.955078,0.258789,0.995605
264.000000,300.000000,0.794434,1.000000,0.999512,0.958496,0.252930,0.994629
265.000000,300.000000,0.794922,1.000000,0.999512,0.958984,0.252930,0.995117
266.000000,300.000000,0.791016,1.000000,1.000000,0.960449,0.248047,0.993164
267.000000,300.000000,0.798828,1.000000,0.999023,0.960449,0.258789,0.989746
268.000000,300.000000,0.798340,1.000000,0.999023,0.960449,0.258789,0.985352
269.000000,300.000000,0.795898,1.000000,0.996582,0.953125,0.255859,0.987305
270.000000,300.000000,0.795898,1.000000,0.991699,0.957031,0.254883,0.987793
271.000000,300.000000,0.787598,1.000000,0.988281,0.958984,0.245117,0.991211
272.000000,300.000000,0.791504,1.000000,0.990234,0.958496,0.249023,0.991699
273.000000,300.000000,0.796387,1.000000,0.993652,0.958008,0.255859,0.994629
274.000000,300.000000,0.799316,1.000000,0.997070,0.955566,0.259766,0.991699
275.000000,300.000000,0.800781,1.000000,0.943359,0.959961,0.260742,0.995117
276.000000,300.000000,0.792480,1.000000,0.991699,0.958008,0.250000,0.988770
277.000000,300.000000,0.796875,1.000000,1.000000,0.957520,0.256836,0.992676
278.000000,300.000000,0.794434,1.000000,0.994629,0.952148,0.252930,0.995605
279.000000,300.000000,0.790527,1.000000,0.998535,0.961426,0.249023,0.993652
280.000000,300.000000,0.791992,1.000000,0.994629,0.956543,0.250000,0.991699
281.000000,300.000000,0.797363,1.000000,0.990234,0.955078,0.256836,0.994141
282.000000,300.000000,0.798828,1.000000,1.000000,0.958984,0.258789,0.994629
283.000000,300.000000,0.795898,1.000000,0.993652,0.959961,0.255859,0.991211
284.000000,300.000000,0.798340,1.000000,0.986328,0.954590,0.257812,0.995117
285.000000,300.000000,0.797363,1.000000,0.996582,0.958008,0.256836,0.987305
286.000000,300.000000,0.798828,1.000000,0.997070,0.957031,0.258789,0.989258
287.000000,300.000000,0.798828,1.000000,0.998535,0.959961,0.258789,0.994141
288.000000,300.000000,0.794922,1.000000,0.999512,0.960449,0.253906,0.991699
289.000000,300.000000,0.796875,0.000000,0.993652,0.959473,0.255859,0.995117
290.000000,300.000000,0.790527,1.000000,0.993652,0.958008,0.249023,0.987793
291.000000,300.000000,0.792480,0.000000,0.993652,0.955078,0.249023,0.987305
292.000000,300.000000,0.792480,1.000000,0.993652,0.958008,0.250000,0.987793
293.000000,300.000000,0.794922,1.000000,0.997070,0.957031,0.253906,0.995605
294.000000,300.000000,0.798828,1.000000,0.994629,0.956055,0.258789,0.990234
295.000000,300.000000,0.790039,1.000000,0.990234,0.957031,0.246094,0.991699
296.000000,300.000000,0.795898,1.000000,1.000000,0.955566,0.255859,0.991699
297.000000,300.000000,0.799805,1.000000,0.993652,0.958008,0.259766,0.994141
298.000000,300.000000,0.792969,1.000000,0.999023,0.956543,0.251953,0.995117
299.000000,300.000000,0.799316,1.000000,0.993652,0.959961,0.259766,0.995117
300.000000,300.000000,0.791504,1.000000,0.996582,0.956543,0.249023,0.983887
301.000000,300.000000,0.798828,1.000000,0.978516,0.961426,0.258789,0.993652
302.000000,300.000000,0.803223,1.000000,0.998535,0.957520,0.264648,0.995605
303.000000,300.000000,0.796875,1.000000,0.999023,0.958984,0.255859,0.994141
304.000000,300.000000,0.799316,1.000000,0.990234,0.960449,0.259766,0.993652
305.000000,300.000000,0.793457,1.000000,0.998535,0.958008,0.251953,0.991699
306.000000,300.000000,0.795898,1.000000,1.000000,0.957031,0.253906,0.990723
307.000000,300.000000,0.791504,1.000000,0.994629,0.956543,0.249023,0.988770
308.000000,300.000000,0.795410,1.000000,0.990234,0.956055,0.253906,0.991699
309.000000,300.000000,0.792969,1.000000,0.999512,0.957031,0.250977,0.984863
310.000000,300.000000,0.788574,0.000000,0.983887,0.949707,0.244141,0.985352
311.000000,300.000000,0.797852,1.000000,1.000000,0.957031,0.257812,0.990234
312.000000,300.000000,0.806152,1.000000,0.996582,0.955566,0.268555,0.994141
313.000000,300.000000,0.793945,1.000000,1.000000,0.961914,0.252930,0.990723
314.000000,300.000000,0.796387,0.000000,1.000000,0.960449,0.254883,0.994629
315.000000,300.000000,0.791504,1.000000,0.978516,0.959473,0.250000,0.991699
316.000000,300.000000,0.794922,1.000000,0.990234,0.958008,0.252930,0.995117
317.000000,300.000000,0.795410,1.000000,1.000000,0.958496,0.254883,0.995605
318.000000,300.000000,0.798340,1.000000,0.999512,0.952637,0.258789,0.991699
319.000000,300.000000,0.797363,1.000000,1.000000,0.961426,0.256836,0.994629
320.000000,300.000000,0.792480,1.000000,1.000000,0.961426,0.250000,0.994141
321.000000,300.000000,0.793945,1.000000,0.963867,0.956543,0.251953,0.990723
322.000000,300.000000,0.791992,1.000000,1.000000,0.960938,0.249023,0.989746
323.000000,300.000000,0.799805,1.000000,0.999023,0.958984,0.259766,0.991211
324.000000,300.000000,0.801758,1.000000,0.956543,0.957520,0.263672,0.991211
325.000000,300.000000,0.796875,1.000000,0.988281,0.957520,0.255859,0.994629
326.000000,300.000000,0.792969,1.000000,0.988281,0.959961,0.250000,0.994629
327.000000,300.000000,0.796875,1.000000,0.990234,0.961914,0.255859,0.986816
328.000000,300.000000,0.794434,1.000000,1.000000,0.959473,0.252930,0.992676
329.000000,300.000000,0.798340,1.000000,1.000000,0.956055,0.257812,0.989258
330.000000,300.000000,0.789551,1.000000,0.999512,0.957520,0.247070,0.992676
331.000000,300.000000,0.799316,1.000000,0.999023,0.956543,0.258789,0.992676
332.000000,300.000000,0.795410,1.000000,0.998535,0.958984,0.253906,0.994141
333.000000,300.000000,0.790527,0.000000,1.000000,0.955078,0.248047,0.994629
334.000000,300.000000,0.795410,1.000000,0.998535,0.961426,0.252930,0.995117
335.000000,300.000000,0.795898,1.000000,0.996582,0.956543,0.254883,0.981934
336.000000,300.000000,0.789551,1.000000,0.990234,0.957031,0.246094,0.990723
337.000000,300.000000,0.795898,0.000000,0.986328,0.951660,0.254883,0.992676
338.000000,300.000000,0.791504,1.000000,0.997070,0.961426,0.248047,0.990234
339.000000,300.000000,0.788086,1.000000,0.998535,0.958496,0.244141,0.988770
340.000000,300.000000,0.794922,1.000000,0.976562,0.958496,0.252930,0.994629
341.000000,300.000000,0.793945,1.000000,0.999512,0.955078,0.252930,0.994629
342.000000,300.000000,0.796387,1.000000,0.990234,0.960449,0.255859,0.985352
343.000000,300.000000,0.792480,1.000000,0.978516,0.957031,0.250977,0.990723
344.000000,300.000000,0.798828,1.000000,1.000000,0.958984,0.259766,0.992188
345.000000,300.000000,0.793945,1.000000,0.994629,0.958984,0.250977,0.990723
346.000000,300.000000,0.798340,1.000000,0.959473,0.952637,0.257812,0.991211
347.000000,300.000000,0.796875,1.000000,1.000000,0.963379,0.255859,0.990723
348.000000,300.000000,0.796875,1.000000,0.998535,0.958984,0.256836,0.993652
349.000000,300.000000,0.801270,1.000000,0.991699,0.952637,0.261719,0.994141
350.000000,300.000000,0.794922,1.000000,0.991699,0.955566,0.253906,0.990234
351.000000,300.000000,0.792969,1.000000,0.993652,0.958496,0.250000,0.994141
352.000000,300.000000,0.793945,1.000000,1.000000,0.958496,0.251953,0.992676
353.000000,300.000000,0.789551,1.000000,0.963867,0.958496,0.246094,0.986328
354.000000,300.000000,0.793457,1.000000,1.000000,0.959961,0.250977,0.994141
355.000000,300.000000,0.792969,1.000000,0.976562,0.950195,0.250977,0.992676
356.000000,300.000000,0.797363,1.000000,1.000000,0.959961,0.256836,0.991699
357.000000,300.000000,0.802246,1.000000,0.976562,0.959961,0.263672,0.984375
358.000000,300.000000,0.799805,1.000000,0.998535,0.958984,0.259766,0.994141
359.000000,300.000000,0.798828,1.000000,0.998535,0.959961,0.257812,0.994629
360.000000,300.000000,0.794922,0.000000,0.986328,0.957031,0.252930,0.988281
361.000000,300.000000,0.798340,1.000000,0.997070,0.959961,0.257812,0.994629
362.000000,300.000000,0.797363,1.000000,0.978516,0.956055,0.256836,0.993652
363.000000,300.000000,0.796875,1.000000,0.997070,0.954590,0.255859,0.993164
364.000000,300.000000,0.797363,1.000000,0.996582,0.959961,0.256836,0.995605
365.000000,300.000000,0.802734,1.000000,0.991699,0.956055,0.263672,0.987793
366.000000,300.000000,0.794922,1.000000,0.999023,0.957031,0.252930,0.990234
367.000000,300.000000,0.797363,1.000000,0.990234,0.959473,0.257812,0.994629
368.000000,300.000000,0.794434,1.000000,0.999023,0.959473,0.252930,0.994629
369.000000,300.000000,0.794434,1.000000,0.990234,0.961426,0.251953,0.991699
370.000000,300.000000,0.797363,1.000000,1.000000,0.958496,0.256836,0.995117
371.000000,300.000000,0.790039,0.000000,0.966309,0.960938,0.247070,0.994141
372.000000,300.000000,0.793945,1.000000,0.998535,0.963379,0.251953,0.985352
373.000000,300.000000,0.797363,1.000000,1.000000,0.957031,0.255859,0.993652
374.000000,300.000000,0.793457,1.000000,0.991699,0.955078,0.251953,0.987305
375.000000,300.000000,0.790527,1.000000,0.999512,0.958008,0.248047,0.995117
376.000000,300.000000,0.798340,1.000000,0.994629,0.958984,0.257812,0.992188
377.000000,300.000000,0.794434,0.000000,0.999512,0.959473,0.252930,0.991699
378.000000,300.000000,0.804199,1.000000,0.959473,0.956543,0.265625,0.994629
379.000000,300.000000,0.797363,1.000000,0.996582,0.958496,0.256836,0.995605
380.000000,300.000000,0.801270,0.000000,1.000000,0.953125,0.261719,0.993652
381.000000,300.000000,0.792480,1.000000,0.996582,0.962402,0.251953,0.994629
382.000000,300.000000,0.797363,1.000000,0.996582,0.962402,0.255859,0.993164
383.000000,300.000000,0.794434,0.000000,1.000000,0.958496,0.252930,0.995117
384.000000,300.000000,0.795898,1.000000,0.994629,0.957031,0.255859,0.985352
385.000000,300.000000,0.798340,1.000000,0.993652,0.960938,0.257812,0.994141
386.000000,300.000000,0.797363,1.000000,0.999512,0.955078,0.257812,0.987793
387.000000,300.000000,0.789551,1.000000,0.996582,0.955078,0.248047,0.990723
388.000000,300.000000,0.800781,1.000000,0.988281,0.954590,0.260742,0.994141
389.000000,300.000000,0.789062,1.000000,0.997070,0.954590,0.245117,0.984863
390.000000,300.000000,0.798340,1.000000,0.991699,0.956055,0.257812,0.987305
391.000000,300.000000,0.791504,1.000000,0.976562,0.959473,0.249023,0.994629
392.000000,300.000000,0.789062,1.000000,0.993652,0.954102,0.245117,0.994629
393.000000,300.000000,0.791992,0.000000,0.956543,0.958008,0.250977,0.994629
394.000000,300.000000,0.793457,1.000000,0.997070,0.960938,0.250977,0.991699
395.000000,300.000000,0.798340,1.000000,1.000000,0.954590,0.258789,0.992676
396.000000,300.000000,0.793457,1.000000,0.999512,0.958496,0.251953,0.987793
397.000000,300.000000,0.795410,1.000000,0.993652,0.961426,0.254883,0.993164
398.000000,300.000000,0.800781,1.000000,0.999023,0.959473,0.261719,0.987793
399.000000,300.000000,0.796875,1.000000,0.997070,0.963379,0.256836,0.992676
400.000000,300.000000,0.800293,1.000000,0.990234,0.957031,0.259766,0.994629
401.000000,300.000000,0.792969,1.000000,0.994629,0.958496,0.250000,0.993652
402.000000,300.000000,0.790039,1.000000,0.981934,0.960449,0.245117,0.988770
403.000000,300.000000,0.800781,1.000000,0.999512,0.951660,0.261719,0.983887
404.000000,300.000000,0.795410,1.000000,0.983887,0.959473,0.253906,0.994629
405.000000,300.000000,0.799316,1.000000,0.997070,0.959473,0.258789,0.990723
406.000000,300.000000,0.797852,1.000000,0.991699,0.960938,0.257812,0.995605
407.000000,300.000000,0.799316,1.000000,0.991699,0.959473,0.258789,0.992676
408.000000,300.000000,0.798828,1.000000,0.999023,0.953125,0.258789,0.990234
409.000000,300.000000,0.798828,1.000000,0.993652,0.962891,0.258789,0.993652
410.000000,300.000000,0.798340,1.000000,0.991699,0.954102,0.258789,0.992188
411.000000,300.000000,0.791016,0.000000,0.976562,0.958984,0.248047,0.992188
412.000000,300.000000,0.791992,1.000000,0.996582,0.957520,0.250000,0.984375
413.000000,300.000000,0.791992,1.000000,0.993652,0.957520,0.249023,0.993164
414.000000,300.000000,0.798828,1.000000,0.998535,0.958008,0.257812,0.986328
415.000000,300.000000,0.797363,1.000000,0.998535,0.959473,0.256836,0.992676
416.000000,300.000000,0.791016,1.000000,0.998535,0.956055,0.248047,0.987305
417.000000,300.000000,0.796875,1.000000,0.978516,0.958496,0.256836,0.995117
418.000000,300.000000,0.795410,1.000000,0.993652,0.957031,0.254883,0.995117
419.000000,300.000000,0.797852,1.000000,0.996582,0.957520,0.257812,0.992188
420.000000,300.000000,0.794922,1.000000,0.993652,0.957031,0.253906,0.992188
421.000000,300.000000,0.793457,1.000000,0.999512,0.958984,0.250977,0.995117
422.000000,300.000000,0.791016,1.000000,0.999023,0.956055,0.248047,0.990723
423.000000,300.000000,0.791992,0.000000,0.951660,0.958984,0.250000,0.984375
424.000000,300.000000,0.794922,1.000000,0.999512,0.959961,0.253906,0.990234
425.000000,300.000000,0.795410,1.000000,0.983887,0.956055,0.253906,0.994141
426.000000,300.000000,0.789062,1.000000,0.999023,0.958984,0.245117,0.989746
427.000000,300.000000,0.794434,1.000000,0.990234,0.957031,0.252930,0.993164
428.000000,300.000000,0.795410,1.000000,0.978516,0.955566,0.252930,0.992188
429.000000,300.000000,0.799805,1.000000,0.993652,0.960449,0.260742,0.990723
430.000000,300.000000,0.796387,1.000000,0.991699,0.958496,0.254883,0.996094
431.000000,300.000000,0.789062,1.000000,0.966309,0.953125,0.245117,0.992676
432.000000,300.000000,0.794434,1.000000,0.991699,0.958984,0.251953,0.990234
433.000000,300.000000,0.797363,1.000000,0.996582,0.957031,0.256836,0.994629
434.000000,300.000000,0.795898,1.000000,0.981934,0.956543,0.253906,0.992676
435.000000,300.000000,0.803223,1.000000,0.996582,0.959473,0.264648,0.993164
436.000000,300.000000,0.789062,1.000000,0.998535,0.957520,0.245117,0.991211
437.000000,300.000000,0.790039,1.000000,0.970215,0.959473,0.246094,0.992676
438.000000,300.000000,0.796387,1.000000,0.999512,0.962402,0.254883,0.990723
439.000000,300.000000,0.793945,1.000000,0.983887,0.959473,0.251953,0.989746
440.000000,300.000000,0.797363,1.000000,0.994629,0.958008,0.256836,0.995117
441.000000,300.000000,0.796875,1.000000,0.993652,0.955078,0.256836,0.993164
442.000000,300.000000,0.795410,1.000000,0.993652,0.958984,0.253906,0.993164
443.000000,300.000000,0.793457,1.000000,0.986328,0.956543,0.251953,0.994141
444.000000,300.000000,0.790039,1.000000,0.934570,0.960938,0.247070,0.995605
445.000000,300.000000,0.794922,1.000000,0.999023,0.957520,0.252930,0.995605
446.000000,300.000000,0.796875,1.000000,1.000000,0.955566,0.255859,0.991699
447.000000,300.000000,0.795898,1.000000,0.999023,0.958008,0.254883,0.993652
448.000000,300.000000,0.791016,1.000000,0.991699,0.955566,0.248047,0.992676
449.000000,300.000000,0.795898,1.000000,0.978516,0.956543,0.254883,0.994141
450.000000,300.000000,0.797852,0.000000,1.000000,0.959961,0.257812,0.984863
451.000000,300.000000,0.796387,1.000000,1.000000,0.958496,0.254883,0.993652
452.000000,300.000000,0.791016,1.000000,0.981934,0.960449,0.249023,0.994141
453.000000,300.000000,0.792480,1.000000,0.998535,0.957031,0.250977,0.992188
454.000000,300.000000,0.793945,1.000000,0.999023,0.959473,0.251953,0.994629
455.000000,300.000000,0.792480,1.000000,0.993652,0.959961,0.250000,0.989258
456.000000,300.000000,0.790039,0.000000,0.999023,0.953613,0.245117,0.993652
457.000000,300.000000,0.795410,1.000000,0.996582,0.957031,0.253906,0.994629
458.000000,300.000000,0.795410,1.000000,0.966309,0.957031,0.254883,0.994141
459.000000,300.000000,0.795410,1.000000,0.993652,0.958008,0.252930,0.992676
460.000000,300.000000,0.794922,0.000000,0.999023,0.955566,0.252930,0.994629
461.000000,300.000000,0.793457,1.000000,0.993652,0.961914,0.252930,0.992676
462.000000,300.000000,0.796387,1.000000,0.991699,0.958984,0.256836,0.992188
463.000000,300.000000,0.796387,1.000000,0.994629,0.957031,0.256836,0.993164
464.000000,300.000000,0.796875,1.000000,0.999023,0.961914,0.255859,0.991699
465.000000,300.000000,0.793945,1.000000,0.999512,0.954102,0.252930,0.995117
466.000000,300.000000,0.799316,1.000000,1.000000,0.961426,0.258789,0.994629
467.000000,300.000000,0.792969,1.000000,0.994629,0.953613,0.250000,0.994629
468.000000,300.000000,0.797363,1.000000,0.970215,0.960938,0.256836,0.985840
469.000000,300.000000,0.797852,1.000000,0.991699,0.955566,0.256836,0.991211
470.000000,300.000000,0.794922,1.000000,0.998535,0.956543,0.252930,0.994629
471.000000,300.000000,0.789062,1.000000,0.991699,0.955078,0.246094,0.993164
472.000000,300.000000,0.795898,1.000000,0.993652,0.964355,0.255859,0.983398
473.000000,300.000000,0.794922,1.000000,1.000000,0.949219,0.252930,0.988770
474.000000,300.000000,0.791016,1.000000,0.996582,0.958984,0.248047,0.994141
475.000000,300.000000,0.791504,1.000000,0.893555,0.957520,0.249023,0.992188
476.000000,300.000000,0.797852,1.000000,0.996582,0.958984,0.256836,0.994629
477.000000,300.000000,0.792969,1.000000,0.997070,0.956055,0.250000,0.996094
478.000000,300.000000,0.798340,1.000000,0.999512,0.957031,0.257812,0.994629
479.000000,300.000000,0.787109,1.000000,0.993652,0.960449,0.243164,0.984375
480.000000,300.000000,0.798340,1.000000,0.943359,0.962891,0.256836,0.988770
481.000000,300.000000,0.791016,1.000000,0.997070,0.959961,0.248047,0.993652
482.000000,300.000000,0.796387,1.000000,1.000000,0.955078,0.255859,0.992676
483.000000,300.000000,0.798340,1.000000,0.930664,0.960938,0.258789,0.985352
484.000000,300.000000,0.801758,1.000000,0.998535,0.959961,0.262695,0.990234
485.000000,300.000000,0.793945,1.000000,0.997070,0.954590,0.250977,0.994629
486.000000,300.000000,0.792969,1.000000,0.996582,0.957031,0.250977,0.995605
487.000000,300.000000,0.789062,1.000000,0.997070,0.953125,0.246094,0.985840
488.000000,300.000000,0.795898,1.000000,0.988281,0.958984,0.254883,0.986816
489.000000,300.000000,0.791016,1.000000,0.999023,0.961914,0.249023,0.993164
490.000000,300.000000,0.792969,1.000000,0.993652,0.955078,0.251953,0.991211
491.000000,300.000000,0.798828,1.000000,0.988281,0.954590,0.257812,0.994141
492.000000,300.000000,0.798340,1.000000,0.990234,0.957520,0.258789,0.992676
493.000000,300.000000,0.794434,1.000000,0.993652,0.959473,0.251953,0.994141
494.000000,300.000000,0.793457,1.000000,0.997070,0.959473,0.251953,0.990723
495.000000,300.000000,0.789551,1.000000,1.000000,0.958008,0.246094,0.989746
496.000000,300.000000,0.790527,1.000000,0.991699,0.961914,0.247070,0.984863
497.000000,300.000000,0.792969,1.000000,0.999512,0.956055,0.250977,0.990723
498.000000,300.000000,0.794434,1.000000,1.000000,0.957520,0.250977,0.993652
499.000000,300.000000,0.795410,1.000000,0.966309,0.956055,0.252930,0.993652
500.000000,300.000000,0.795898,1.000000,0.997070,0.957031,0.254883,0.990723
501.000000,300.000000,0.793457,1.000000,0.963867,0.952637,0.252930,0.986816
502.000000,300.000000,0.799316,1.000000,0.990234,0.956543,0.259766,0.987793
503.000000,300.000000,0.792969,1.000000,0.986328,0.955566,0.251953,0.993652
504.000000,300.000000,0.800293,1.000000,0.999023,0.958008,0.260742,0.990234
505.000000,300.000000,0.791992,1.000000,0.999512,0.955078,0.249023,0.979980
506.000000,300.000000,0.799805,1.000000,1.000000,0.958984,0.259766,0.990723
507.000000,300.000000,0.800781,1.000000,0.988281,0.961426,0.261719,0.993652
508.000000,300.000000,0.795410,1.000000,0.976562,0.958496,0.254883,0.994629
509.000000,300.000000,0.792969,1.000000,0.991699,0.955078,0.250977,0.993652
510.000000,300.000000,0.795898,0.000000,0.993652,0.956543,0.254883,0.994141
511.000000,300.000000,0.792969,1.000000,0.976562,0.961426,0.251953,0.986816
512.000000,300.000000,0.792969,1.000000,1.000000,0.957031,0.250000,0.994629
513.000000,300.000000,0.793945,1.000000,0.981934,0.953125,0.251953,0.987793
514.000000,300.000000,0.791504,1.000000,0.999512,0.953125,0.250000,0.987305
515.000000,300.000000,0.794922,1.000000,0.959473,0.954590,0.254883,0.990723
516.000000,300.000000,0.785645,1.000000,1.000000,0.959473,0.240234,0.986816
517.000000,300.000000,0.797363,1.000000,0.998535,0.959961,0.255859,0.995117
518.000000,300.000000,0.796875,0.000000,0.981934,0.956543,0.255859,0.986328
519.000000,300.000000,0.785156,1.000000,0.972656,0.956055,0.240234,0.991699
520.000000,300.000000,0.789062,1.000000,0.986328,0.955566,0.245117,0.988770
521.000000,300.000000,0.790527,1.000000,0.998535,0.952148,0.247070,0.991699
522.000000,300.000000,0.796387,1.000000,1.000000,0.961426,0.255859,0.990723
523.000000,300.000000,0.796387,1.000000,0.999023,0.957031,0.254883,0.992676
524.000000,300.000000,0.791016,1.000000,0.986328,0.955078,0.248047,0.985840
525.000000,300.000000,0.797363,0.000000,0.994629,0.957520,0.256836,0.987305
526.000000,300.000000,0.795898,1.000000,0.994629,0.957520,0.254883,0.994141
527.000000,300.000000,0.797363,1.000000,0.991699,0.956543,0.256836,0.991211
528.000000,300.000000,0.796387,1.000000,0.999023,0.956543,0.254883,0.994141
529.000000,300.000000,0.792480,1.000000,0.998535,0.960938,0.249023,0.988281
530.000000,300.000000,0.798828,1.000000,0.997070,0.954590,0.258789,0.994629
531.000000,300.000000,0.792969,1.000000,0.983887,0.959473,0.250000,0.992188
532.000000,300.000000,0.797363,0.000000,1.000000,0.957520,0.255859,0.996094
533.000000,300.000000,0.793945,1.000000,0.996582,0.959473,0.252930,0.992676
534.000000,300.000000,0.791016,1.000000,0.983887,0.957031,0.247070,0.991211
535.000000,300.000000,0.795898,1.000000,0.999512,0.952148,0.254883,0.988281
536.000000,300.000000,0.790039,1.000000,0.976562,0.957031,0.248047,0.989746
537.000000,300.000000,0.798828,1.000000,0.966309,0.959473,0.258789,0.989746
538.000000,300.000000,0.796387,1.000000,0.988281,0.956543,0.256836,0.986328
539.000000,300.000000,0.795898,1.000000,0.999512,0.959473,0.253906,0.992676
540.000000,300.000000,0.797363,1.000000,0.994629,0.962891,0.256836,0.986328
541.000000,300.000000,0.801758,1.000000,0.996582,0.953125,0.262695,0.990234
542.000000,300.000000,0.797852,1.000000,0.998535,0.957520,0.257812,0.991211
543.000000,300.000000,0.791504,1.000000,0.996582,0.951660,0.250000,0.992188
544.000000,300.000000,0.795410,1.000000,0.993652,0.952637,0.256836,0.994141
545.000000,300.000000,0.794922,1.000000,0.978516,0.956543,0.252930,0.991211
546.000000,300.000000,0.791016,1.000000,0.991699,0.954590,0.248047,0.990723
547.000000,300.000000,0.793457,1.000000,0.978516,0.960449,0.250977,0.990723
548.000000,300.000000,0.782715,0.000000,0.990234,0.952637,0.237305,0.989746
549.000000,300.000000,0.796387,1.000000,0.972656,0.960449,0.255859,0.993652
550.000000,300.000000,0.790527,0.000000,0.986328,0.958496,0.247070,0.994629
551.000000,300.000000,0.787109,1.000000,0.997070,0.958984,0.243164,0.985352
552.000000,300.000000,0.793945,1.000000,1.000000,0.958008,0.252930,0.988281
553.000000,300.000000,0.795898,1.000000,1.000000,0.956543,0.255859,0.991699
554.000000,300.000000,0.794434,1.000000,1.000000,0.958496,0.253906,0.987793
555.000000,300.000000,0.796387,1.000000,0.999512,0.959473,0.254883,0.985840
556.000000,300.000000,0.804199,1.000000,1.000000,0.957520,0.265625,0.994629
557.000000,300.000000,0.794434,1.000000,0.998535,0.957520,0.252930,0.984375
558.000000,300.000000,0.804199,1.000000,0.956543,0.956543,0.265625,0.994629
559.000000,300.000000,0.796387,1.000000,0.951660,0.963867,0.256836,0.993652
560.000000,300.000000,0.796387,1.000000,0.993652,0.958984,0.255859,0.992676
561.000000,300.000000,0.792969,1.000000,1.000000,0.956055,0.250000,0.992676
562.000000,300.000000,0.793945,1.000000,0.986328,0.959961,0.250977,0.994629
563.000000,300.000000,0.791016,1.000000,0.997070,0.958984,0.249023,0.990234
564.000000,300.000000,0.793945,1.000000,0.991699,0.955566,0.251953,0.994629
565.000000,300.000000,0.786621,1.000000,0.996582,0.961914,0.242188,0.991211
566.000000,300.000000,0.795898,1.000000,0.991699,0.961426,0.254883,0.987793
567.000000,300.000000,0.802246,1.000000,1.000000,0.961914,0.263672,0.994629
568.000000,300.000000,0.798340,1.000000,0.998535,0.959473,0.257812,0.994141
569.000000,300.000000,0.790039,1.000000,0.999512,0.957031,0.248047,0.984863
570.000000,300.000000,0.788574,1.000000,0.998535,0.962402,0.246094,0.993652
571.000000,300.000000,0.794922,1.000000,0.996582,0.960449,0.253906,0.993652
572.000000,300.000000,0.791504,1.000000,0.994629,0.957520,0.250000,0.992676
573.000000,300.000000,0.795898,1.000000,0.994629,0.957520,0.253906,0.987793
574.000000,300.000000,0.791504,1.000000,0.999512,0.959473,0.248047,0.994141
575.000000,300.000000,0.797852,1.000000,0.999023,0.958008,0.257812,0.994629
576.000000,300.000000,0.798340,1.000000,0.999023,0.956055,0.257812,0.996094
577.000000,300.000000,0.791504,1.000000,0.978516,0.954102,0.250000,0.993164
578.000000,300.000000,0.792480,1.000000,0.999023,0.959961,0.250000,0.992676
579.000000,300.000000,0.795410,1.000000,0.993652,0.957520,0.255859,0.992676
580.000000,300.000000,0.800781,1.000000,0.999512,0.961914,0.260742,0.994629
581.000000,300.000000,0.800781,1.000000,1.000000,0.957520,0.261719,0.994629
582.000000,300.000000,0.789551,1.000000,0.981934,0.955078,0.247070,0.990723
583.000000,300.000000,0.793945,1.000000,0.981934,0.956543,0.252930,0.990234
584.000000,300.000000,0.794922,1.000000,0.997070,0.953613,0.253906,0.994629
585.000000,300.000000,0.792480,1.000000,0.996582,0.958496,0.251953,0.995117
586.000000,300.000000,0.801270,1.000000,0.994629,0.959961,0.261719,0.995117
587.000000,300.000000,0.796875,1.000000,0.990234,0.958008,0.256836,0.986816
588.000000,300.000000,0.792480,1.000000,1.000000,0.958008,0.251953,0.994629
589.000000,300.000000,0.790527,1.000000,0.999023,0.954590,0.247070,0.995605
590.000000,300.000000,0.792969,1.000000,0.994629,0.958008,0.251953,0.990723
591.000000,300.000000,0.793457,1.000000,0.997070,0.954590,0.250000,0.995117
592.000000,300.000000,0.783691,1.000000,0.951660,0.960449,0.239258,0.990723
593.000000,300.000000,0.794922,1.000000,0.997070,0.958984,0.254883,0.994629
594.000000,300.000000,0.794922,1.000000,0.999023,0.951660,0.251953,0.994141
595.000000,300.000000,0.792969,1.000000,0.999023,0.958984,0.250000,0.990234
596.000000,300.000000,0.796875,1.000000,0.996582,0.957520,0.255859,0.989258
597.000000,300.000000,0.793457,1.000000,1.000000,0.956543,0.252930,0.992676
598.000000,300.000000,0.798828,1.000000,0.999512,0.954590,0.258789,0.987793
599.000000,300.000000,0.791992,1.000000,0.994629,0.957520,0.249023,0.992188
600.000000,300.000000,0.796875,1.000000,1.000000,0.955078,0.255859,0.989258
601.000000,300.000000,0.793457,1.000000,0.976562,0.961914,0.250977,0.990234
602.000000,300.000000,0.787598,1.000000,0.998535,0.958984,0.243164,0.994629
603.000000,300.000000,0.804199,1.000000,0.990234,0.959961,0.265625,0.994141
604.000000,300.000000,0.790527,1.000000,0.998535,0.959961,0.247070,0.994141
605.000000,300.000000,0.793945,1.000000,0.999023,0.961426,0.252930,0.992188
606.000000,300.000000,0.794922,1.000000,0.972656,0.953613,0.252930,0.993164
607.000000,300.000000,0.796875,1.000000,0.986328,0.961426,0.255859,0.994629
608.000000,300.000000,0.797363,1.000000,0.998535,0.962402,0.255859,0.992188
609.000000,300.000000,0.792969,0.000000,0.999512,0.960938,0.250977,0.992676
610.000000,300.000000,0.797363,0.000000,0.999023,0.957520,0.256836,0.991699
611.000000,300.000000,0.799316,1.000000,1.000000,0.955566,0.259766,0.994629
612.000000,300.000000,0.795410,0.000000,0.999023,0.960449,0.252930,0.993164
613.000000,300.000000,0.798828,1.000000,0.999512,0.959961,0.258789,0.993652
614.000000,300.000000,0.791992,1.000000,0.994629,0.958984,0.249023,0.989746
615.000000,300.000000,0.797363,1.000000,0.983887,0.960449,0.255859,0.993164
616.000000,300.000000,0.798828,1.000000,0.996582,0.958008,0.257812,0.988281
617.000000,300.000000,0.795410,1.000000,0.999512,0.957031,0.253906,0.985840
618.000000,300.000000,0.799805,1.000000,1.000000,0.957031,0.260742,0.994141
619.000000,300.000000,0.796875,1.000000,0.978516,0.960449,0.255859,0.994141
620.000000,300.000000,0.799316,1.000000,0.994629,0.962402,0.259766,0.992188
621.000000,300.000000,0.795410,1.000000,1.000000,0.961426,0.253906,0.987793
622.000000,300.000000,0.798340,1.000000,0.996582,0.959961,0.257812,0.990234
623.000000,300.000000,0.789062,1.000000,1.000000,0.957031,0.247070,0.985352
624.000000,300.000000,0.791504,0.000000,0.994629,0.956543,0.248047,0.992676
625.000000,300.000000,0.798340,1.000000,0.939941,0.956055,0.257812,0.991699
626.000000,300.000000,0.801270,1.000000,0.991699,0.954590,0.261719,0.994141
627.000000,300.000000,0.795410,1.000000,1.000000,0.954102,0.253906,0.994141
628.000000,300.000000,0.795410,1.000000,0.999023,0.955566,0.253906,0.992188
629.000000,300.000000,0.795410,1.000000,0.999023,0.959473,0.254883,0.992188
630.000000,300.000000,0.793457,1.000000,0.998535,0.956055,0.250977,0.988281
631.000000,300.000000,0.804199,1.000000,0.981934,0.957520,0.265625,0.993164
632.000000,300.000000,0.800293,1.000000,0.943359,0.957520,0.259766,0.992676
633.000000,300.000000,0.782227,1.000000,1.000000,0.955078,0.237305,0.995117
634.000000,300.000000,0.794434,1.000000,0.999023,0.957031,0.252930,0.993652
635.000000,300.000000,0.795898,1.000000,0.978516,0.961426,0.255859,0.995117
636.000000,300.000000,0.795898,1.000000,0.981934,0.956055,0.254883,0.992676
637.000000,300.000000,0.799316,1.000000,0.997070,0.956543,0.259766,0.995117
638.000000,300.000000,0.800293,1.000000,0.996582,0.959473,0.260742,0.993164
639.000000,300.000000,0.804688,1.000000,0.959473,0.959961,0.266602,0.997070
640.000000,300.000000,0.791016,1.000000,0.996582,0.958496,0.248047,0.987305
641.000000,300.000000,0.797852,1.000000,0.986328,0.957520,0.256836,0.993164
642.000000,300.000000,0.798828,1.000000,1.000000,0.951172,0.258789,0.990234
643.000000,300.000000,0.795898,1.000000,1.000000,0.958984,0.254883,0.992676
644.000000,300.000000,0.791992,1.000000,0.994629,0.960938,0.249023,0.990723
645.000000,300.000000,0.798340,0.000000,0.963867,0.958984,0.258789,0.988281
646.000000,300.000000,0.789062,0.000000,0.978516,0.953613,0.244141,0.992188
647.000000,300.000000,0.793457,0.000000,0.997070,0.958008,0.251953,0.993652
648.000000,300.000000,0.797852,1.000000,1.000000,0.957520,0.257812,0.994141
649.000000,300.000000,0.789062,1.000000,0.999023,0.957520,0.245117,0.988770
650.000000,300.000000,0.802734,1.000000,0.996582,0.958496,0.265625,0.993164
651.000000,300.000000,0.793945,1.000000,0.991699,0.961914,0.251953,0.990723
652.000000,300.000000,0.796875,1.000000,0.988281,0.957520,0.255859,0.993164
653.000000,300.000000,0.799805,1.000000,0.988281,0.958008,0.259766,0.995117
654.000000,300.000000,0.794434,1.000000,0.997070,0.955078,0.252930,0.989258
655.000000,300.000000,0.797363,1.000000,0.988281,0.957520,0.255859,0.994141
656.000000,300.000000,0.787109,1.000000,1.000000,0.950684,0.241211,0.985840
657.000000,300.000000,0.795410,1.000000,0.999023,0.958008,0.254883,0.994141
658.000000,300.000000,0.796387,1.000000,0.997070,0.960938,0.254883,0.994141
659.000000,300.000000,0.799316,1.000000,0.991699,0.957031,0.258789,0.994141
660.000000,300.000000,0.792969,1.000000,0.994629,0.954102,0.250000,0.993652
661.000000,300.000000,0.791016,1.000000,0.998535,0.949219,0.248047,0.990234
662.000000,300.000000,0.801270,1.000000,0.997070,0.959961,0.261719,0.987305
663.000000,300.000000,0.791504,1.000000,0.988281,0.959961,0.249023,0.995117
664.000000,300.000000,0.801758,1.000000,0.983887,0.958496,0.261719,0.987793
665.000000,300.000000,0.795898,1.000000,0.998535,0.955566,0.254883,0.994141
666.000000,300.000000,0.798340,1.000000,1.000000,0.957031,0.257812,0.995117
667.000000,300.000000,0.797363,1.000000,1.000000,0.959473,0.255859,0.992676
668.000000,300.000000,0.792480,0.000000,0.998535,0.955078,0.249023,0.984863
669.000000,300.000000,0.794434,1.000000,0.996582,0.962402,0.251953,0.992188
670.000000,300.000000,0.789551,1.000000,1.000000,0.958008,0.245117,0.991699
671.000000,300.000000,0.792480,1.000000,0.999512,0.958984,0.250977,0.988281
672.000000,300.000000,0.798340,1.000000,0.939941,0.957520,0.257812,0.989258
673.000000,300.000000,0.792969,1.000000,1.000000,0.955566,0.250000,0.994629
674.000000,300.000000,0.791016,1.000000,1.000000,0.958008,0.247070,0.988281
675.000000,300.000000,0.793457,1.000000,0.996582,0.955566,0.250977,0.992676
676.000000,300.000000,0.791992,1.000000,0.999023,0.950195,0.250000,0.984863
677.000000,300.000000,0.792480,0.000000,0.990234,0.955566,0.250977,0.991211
678.000000,300.000000,0.791992,1.000000,1.000000,0.960938,0.250977,0.983398
679.000000,300.000000,0.792480,1.000000,0.993652,0.957520,0.250977,0.986328
680.000000,300.000000,0.798340,1.000000,0.998535,0.958008,0.258789,0.994141
681.000000,300.000000,0.787598,0.000000,0.996582,0.959473,0.244141,0.988770
682.000000,300.000000,0.797363,1.000000,0.981934,0.957031,0.256836,0.985352
683.000000,300.000000,0.798340,1.000000,0.996582,0.959473,0.257812,0.995117
684.000000,300.000000,0.797852,1.000000,0.986328,0.956543,0.257812,0.990234
685.000000,300.000000,0.798828,1.000000,0.991699,0.959961,0.259766,0.985352
686.000000,300.000000,0.795898,1.000000,0.981934,0.957520,0.255859,0.993652
687.000000,300.000000,0.795410,1.000000,0.990234,0.960938,0.253906,0.993164
688.000000,300.000000,0.794434,1.000000,0.997070,0.962402,0.252930,0.992676
689.000000,300.000000,0.797363,1.000000,0.999512,0.959473,0.255859,0.994141
690.000000,300.000000,0.796875,1.000000,1.000000,0.958496,0.256836,0.994141
691.000000,300.000000,0.794434,1.000000,0.983887,0.958008,0.253906,0.989258
692.000000,300.000000,0.799805,0.000000,0.986328,0.957031,0.259766,0.991699
693.000000,300.000000,0.793945,1.000000,0.997070,0.961914,0.250977,0.994629
694.000000,300.000000,0.797852,0.000000,0.996582,0.951172,0.256836,0.984863
695.000000,300.000000,0.795410,1.000000,0.993652,0.963867,0.253906,0.992188
696.000000,300.000000,0.788086,1.000000,0.996582,0.954102,0.245117,0.990723
697.000000,300.000000,0.797852,1.000000,1.000000,0.959473,0.257812,0.994629
698.000000,300.000000,0.802246,1.000000,0.994629,0.957031,0.263672,0.991211
699.000000,300.000000,0.791992,1.000000,0.999023,0.959961,0.250000,0.994141
700.000000,300.000000,0.800293,1.000000,1.000000,0.958008,0.259766,0.994141
701.000000,300.000000,0.798828,1.000000,0.996582,0.960449,0.258789,0.992676
702.000000,300.000000,0.798340,1.000000,0.993652,0.961426,0.257812,0.984375
703.000000,300.000000,0.790527,1.000000,0.997070,0.956543,0.248047,0.994629
704.000000,300.000000,0.787598,1.000000,0.994629,0.959473,0.244141,0.993164
705.000000,300.000000,0.796875,0.000000,0.963867,0.959473,0.255859,0.995117
706.000000,300.000000,0.802246,0.000000,0.990234,0.959961,0.263672,0.993652
707.000000,300.000000,0.796387,1.000000,0.978516,0.952637,0.254883,0.993164
708.000000,300.000000,0.796875,1.000000,0.996582,0.951172,0.256836,0.992676
709.000000,300.000000,0.796875,1.000000,0.993652,0.956543,0.256836,0.993164
710.000000,300.000000,0.795898,1.000000,1.000000,0.960449,0.254883,0.993652
711.000000,300.000000,0.802246,1.000000,0.993652,0.956543,0.262695,0.995605
712.000000,300.000000,0.791016,1.000000,0.988281,0.958496,0.248047,0.988770
713.000000,300.000000,0.793945,1.000000,0.994629,0.960938,0.252930,0.992188
714.000000,300.000000,0.800781,1.000000,0.999512,0.958008,0.260742,0.994141
715.000000,300.000000,0.791992,1.000000,0.997070,0.959473,0.249023,0.988281
716.000000,300.000000,0.800781,1.000000,0.998535,0.960938,0.261719,0.995605
717.000000,300.000000,0.790527,1.000000,0.996582,0.958008,0.248047,0.990234
718.000000,300.000000,0.796875,1.000000,0.972656,0.959961,0.255859,0.993652
719.000000,300.000000,0.801270,1.000000,0.997070,0.958496,0.261719,0.991699
720.000000,300.000000,0.800293,1.000000,0.997070,0.959473,0.261719,0.993164
721.000000,300.000000,0.789551,1.000000,1.000000,0.953125,0.248047,0.992676
722.000000,300.000000,0.796875,1.000000,0.996582,0.959473,0.255859,0.994141
723.000000,300.000000,0.802734,1.000000,0.998535,0.962402,0.264648,0.993652
724.000000,300.000000,0.796875,1.000000,0.997070,0.954590,0.255859,0.994141
725.000000,300.000000,0.793945,1.000000,0.997070,0.962402,0.252930,0.990234
726.000000,300.000000,0.796875,1.000000,0.998535,0.955078,0.255859,0.995117
727.000000,300.000000,0.793945,1.000000,0.978516,0.960938,0.252930,0.994629
728.000000,300.000000,0.792480,1.000000,0.997070,0.954590,0.250977,0.994141
729.000000,300.000000,0.794434,1.000000,1.000000,0.958984,0.252930,0.991699
730.000000,300.000000,0.790039,1.000000,0.993652,0.959473,0.246094,0.993652
731.000000,300.000000,0.798828,1.000000,1.000000,0.959961,0.258789,0.993652
732.000000,300.000000,0.795898,1.000000,0.993652,0.955566,0.256836,0.989258
733.000000,300.000000,0.791504,1.000000,0.997070,0.959473,0.250000,0.993652
734.000000,300.000000,0.792969,1.000000,0.998535,0.961426,0.250977,0.989746
735.000000,300.000000,0.802734,1.000000,0.994629,0.957031,0.263672,0.994141
736.000000,300.000000,0.798340,1.000000,0.988281,0.958984,0.257812,0.994629
737.000000,300.000000,0.795410,0.000000,0.997070,0.959961,0.254883,0.990723
738.000000,300.000000,0.791504,1.000000,0.978516,0.958008,0.248047,0.988281
739.000000,300.000000,0.803711,1.000000,0.990234,0.960938,0.264648,0.996094
740.000000,300.000000,0.794922,1.000000,0.990234,0.959473,0.252930,0.986816
741.000000,300.000000,0.793945,1.000000,0.970215,0.960449,0.252930,0.988770
742.000000,300.000000,0.795410,1.000000,1.000000,0.960938,0.253906,0.984375
743.000000,300.000000,0.798828,1.000000,1.000000,0.955078,0.258789,0.995117
744.000000,300.000000,0.799805,1.000000,0.999512,0.960449,0.259766,0.991211
745.000000,300.000000,0.798828,1.000000,0.999512,0.957031,0.257812,0.994141
746.000000,300.000000,0.799316,1.000000,0.999023,0.957031,0.259766,0.994629
747.000000,300.000000,0.790527,1.000000,0.988281,0.958984,0.248047,0.992188
748.000000,300.000000,0.791016,1.000000,0.966309,0.956543,0.248047,0.991211
749.000000,300.000000,0.787598,1.000000,0.999512,0.960938,0.243164,0.991211
750.000000,300.000000,0.799316,1.000000,1.000000,0.955566,0.259766,0.994629
751.000000,300.000000,0.796387,1.000000,0.994629,0.953613,0.255859,0.986328
752.000000,300.000000,0.794922,1.000000,0.997070,0.960938,0.252930,0.987793
753.000000,300.000000,0.792480,0.000000,0.993652,0.958496,0.249023,0.995117
754.000000,300.000000,0.803711,1.000000,0.951660,0.956543,0.265625,0.990723
755.000000,300.000000,0.798340,1.000000,0.986328,0.954102,0.257812,0.991699
756.000000,300.000000,0.791504,1.000000,0.993652,0.957031,0.249023,0.990234
757.000000,300.000000,0.797363,1.000000,0.959473,0.956055,0.256836,0.994141
758.000000,300.000000,0.793945,1.000000,0.993652,0.957520,0.250977,0.994141
759.000000,300.000000,0.795898,1.000000,0.990234,0.957520,0.254883,0.989746
760.000000,300.000000,0.789551,1.000000,0.976562,0.959473,0.248047,0.994141
761.000000,300.000000,0.800293,1.000000,0.994629,0.958984,0.260742,0.992188
762.000000,300.000000,0.789551,1.000000,0.986328,0.959473,0.246094,0.991699
763.000000,300.000000,0.795898,1.000000,0.972656,0.954102,0.254883,0.995117
764.000000,300.000000,0.790527,1.000000,1.000000,0.961426,0.246094,0.994629
765.000000,300.000000,0.796875,1.000000,1.000000,0.960449,0.255859,0.992188
766.000000,300.000000,0.797852,1.000000,0.990234,0.960938,0.256836,0.994141
767.000000,300.000000,0.799805,1.000000,0.998535,0.956543,0.259766,0.986328
768.000000,300.000000,0.788574,1.000000,0.990234,0.958984,0.244141,0.991699
769.000000,300.000000,0.796387,1.000000,0.981934,0.958496,0.254883,0.988770
770.000000,300.000000,0.794922,1.000000,0.983887,0.957031,0.253906,0.986816
771.000000,300.000000,0.795898,1.000000,0.983887,0.954590,0.255859,0.990723
772.000000,300.000000,0.794922,1.000000,0.997070,0.953125,0.252930,0.993652
773.000000,300.000000,0.791016,1.000000,0.966309,0.955078,0.247070,0.995117
774.000000,300.000000,0.796387,1.000000,0.915039,0.959961,0.254883,0.994141
775.000000,300.000000,0.794434,1.000000,0.948730,0.955566,0.252930,0.987793
776.000000,300.000000,0.795898,1.000000,0.959473,0.959961,0.254883,0.991699
777.000000,300.000000,0.790527,1.000000,0.997070,0.959473,0.247070,0.988281
778.000000,300.000000,0.789551,1.000000,1.000000,0.960938,0.246094,0.987305
779.000000,300.000000,0.794434,1.000000,0.994629,0.959473,0.251953,0.995117
780.000000,300.000000,0.795410,1.000000,0.986328,0.956055,0.253906,0.993164
781.000000,300.000000,0.797363,1.000000,0.972656,0.958496,0.255859,0.994629
782.000000,300.000000,0.799805,1.000000,1.000000,0.955566,0.259766,0.986816
783.000000,300.000000,0.802246,1.000000,0.986328,0.956055,0.263672,0.992676
784.000000,300.000000,0.794434,1.000000,0.966309,0.954590,0.252930,0.994141
785.000000,300.000000,0.788574,0.000000,0.990234,0.953613,0.244141,0.991699
786.000000,300.000000,0.798340,1.000000,0.991699,0.953125,0.257812,0.991699
787.000000,300.000000,0.797363,1.000000,1.000000,0.961426,0.255859,0.986328
788.000000,300.000000,0.796387,1.000000,1.000000,0.959961,0.255859,0.993652
789.000000,300.000000,0.798828,1.000000,0.993652,0.955566,0.258789,0.992188
790.000000,300.000000,0.797852,1.000000,0.997070,0.961914,0.256836,0.994141
791.000000,300.000000,0.796875,1.000000,1.000000,0.956055,0.254883,0.985840
792.000000,300.000000,0.794434,1.000000,0.956543,0.959473,0.252930,0.991699
793.000000,300.000000,0.793457,1.000000,0.996582,0.960449,0.250000,0.993652
794.000000,300.000000,0.794434,1.000000,0.988281,0.961914,0.251953,0.992676
795.000000,300.000000,0.792969,1.000000,0.986328,0.954590,0.250000,0.994141
796.000000,300.000000,0.801758,1.000000,1.000000,0.958984,0.261719,0.989258
797.000000,300.000000,0.792969,1.000000,0.994629,0.959473,0.250977,0.994141
798.000000,300.000000,0.796875,1.000000,0.978516,0.954590,0.256836,0.991211
799.000000,300.000000,0.793945,1.000000,0.998535,0.958008,0.251953,0.988281
800.000000,300.000000,0.802246,1.000000,0.993652,0.951660,0.263672,0.987793
801.000000,300.000000,0.799316,1.000000,0.951660,0.960938,0.259766,0.990234
802.000000,300.000000,0.798828,1.000000,0.991699,0.960938,0.258789,0.992676
803.000000,300.000000,0.795898,1.000000,0.983887,0.957520,0.255859,0.995605
804.000000,300.000000,0.792480,1.000000,0.972656,0.958008,0.250977,0.990723
805.000000,300.000000,0.793945,1.000000,0.983887,0.956543,0.251953,0.995117
806.000000,300.000000,0.799316,1.000000,0.978516,0.955078,0.258789,0.992188
807.000000,300.000000,0.793945,0.000000,1.000000,0.952637,0.251953,0.992676
808.000000,300.000000,0.797852,1.000000,0.999512,0.951172,0.256836,0.994141
809.000000,300.000000,0.791992,1.000000,0.999023,0.957031,0.250000,0.991699
810.000000,300.000000,0.795410,1.000000,1.000000,0.958008,0.253906,0.994629
811.000000,300.000000,0.792480,1.000000,1.000000,0.958496,0.250000,0.986816
812.000000,300.000000,0.795898,1.000000,0.959473,0.958008,0.254883,0.983887
813.000000,300.000000,0.794434,1.000000,0.981934,0.959473,0.252930,0.994629
814.000000,300.000000,0.797363,1.000000,0.999023,0.956543,0.256836,0.994141
815.000000,300.000000,0.797852,1.000000,0.991699,0.953613,0.256836,0.984863
816.000000,300.000000,0.799316,1.000000,0.988281,0.957520,0.260742,0.994629
817.000000,300.000000,0.786133,1.000000,0.997070,0.957520,0.241211,0.989258
818.000000,300.000000,0.792969,1.000000,0.978516,0.959473,0.250977,0.996094
819.000000,300.000000,0.797852,0.000000,0.956543,0.952637,0.257812,0.990234
820.000000,300.000000,0.797852,1.000000,1.000000,0.958984,0.256836,0.992188
821.000000,300.000000,0.793945,1.000000,0.993652,0.958008,0.250977,0.988770
822.000000,300.000000,0.796875,1.000000,0.994629,0.960938,0.256836,0.988281
823.000000,300.000000,0.794434,0.000000,0.999512,0.954590,0.251953,0.994629
824.000000,300.000000,0.786133,1.000000,0.999512,0.958496,0.242188,0.988770
825.000000,300.000000,0.793945,1.000000,0.998535,0.960449,0.252930,0.995117
826.000000,300.000000,0.792480,1.000000,1.000000,0.958008,0.250977,0.990723
827.000000,300.000000,0.793457,1.000000,0.997070,0.961426,0.252930,0.986816
828.000000,300.000000,0.789551,1.000000,0.997070,0.961426,0.246094,0.985840
829.000000,300.000000,0.799805,1.000000,1.000000,0.958984,0.259766,0.995117
830.000000,300.000000,0.791016,1.000000,0.999023,0.961914,0.248047,0.991211
831.000000,300.000000,0.796387,1.000000,0.978516,0.956543,0.254883,0.994141
832.000000,300.000000,0.801758,1.000000,0.994629,0.957520,0.262695,0.993164
833.000000,300.000000,0.795410,1.000000,0.990234,0.952637,0.252930,0.994141
834.000000,300.000000,0.794922,1.000000,0.948730,0.959473,0.253906,0.993164
835.000000,300.000000,0.790527,1.000000,0.976562,0.958496,0.247070,0.979980
836.000000,300.000000,0.798828,1.000000,1.000000,0.958008,0.257812,0.994141
837.000000,300.000000,0.794922,1.000000,1.000000,0.956543,0.251953,0.993652
838.000000,300.000000,0.790039,1.000000,0.991699,0.955566,0.246094,0.987305
839.000000,300.000000,0.793945,1.000000,0.988281,0.956543,0.251953,0.994141
840.000000,300.000000,0.800781,1.000000,1.000000,0.958496,0.260742,0.992676
841.000000,300.000000,0.798340,1.000000,1.000000,0.958496,0.257812,0.995605
842.000000,300.000000,0.791016,1.000000,0.998535,0.958984,0.249023,0.992188
843.000000,300.000000,0.799805,1.000000,0.999023,0.962402,0.259766,0.994141
844.000000,300.000000,0.794922,1.000000,1.000000,0.957031,0.252930,0.988770
845.000000,300.000000,0.800293,1.000000,0.983887,0.960938,0.260742,0.993164
846.000000,300.000000,0.793945,1.000000,0.999512,0.957031,0.250977,0.993652
847.000000,300.000000,0.798340,1.000000,1.000000,0.960938,0.257812,0.993164
848.000000,300.000000,0.803223,1.000000,1.000000,0.960449,0.264648,0.995117
849.000000,300.000000,0.799805,1.000000,0.990234,0.956543,0.259766,0.994141
850.000000,300.000000,0.798828,1.000000,0.997070,0.956055,0.257812,0.995117
851.000000,300.000000,0.796875,1.000000,0.986328,0.959473,0.255859,0.993164
852.000000,300.000000,0.791016,1.000000,0.991699,0.956543,0.247070,0.991699
853.000000,300.000000,0.795410,1.000000,0.999023,0.963867,0.253906,0.984375
854.000000,300.000000,0.797363,1.000000,0.990234,0.956055,0.255859,0.994141
855.000000,300.000000,0.791016,1.000000,1.000000,0.956543,0.249023,0.989746
856.000000,300.000000,0.790527,1.000000,0.972656,0.957520,0.247070,0.992188
857.000000,300.000000,0.794434,1.000000,0.998535,0.961914,0.251953,0.990723
858.000000,300.000000,0.795410,1.000000,1.000000,0.955566,0.252930,0.988281
859.000000,300.000000,0.795898,1.000000,0.956543,0.959473,0.254883,0.994141
860.000000,300.000000,0.796387,1.000000,0.998535,0.958984,0.255859,0.992188
861.000000,300.000000,0.796875,1.000000,0.993652,0.950195,0.257812,0.989746
862.000000,300.000000,0.790039,1.000000,0.976562,0.960938,0.248047,0.991211
863.000000,300.000000,0.796387,1.000000,0.999512,0.955078,0.254883,0.992676
864.000000,300.000000,0.791016,1.000000,0.999512,0.959473,0.249023,0.994629
865.000000,300.000000,0.792969,1.000000,0.986328,0.959473,0.251953,0.990723
866.000000,300.000000,0.797363,1.000000,0.996582,0.957031,0.255859,0.989258
867.000000,300.000000,0.795898,1.000000,0.998535,0.957031,0.254883,0.994629
868.000000,300.000000,0.797852,1.000000,0.986328,0.955566,0.257812,0.990723
869.000000,300.000000,0.797852,1.000000,0.991699,0.959473,0.256836,0.988770
870.000000,300.000000,0.786133,1.000000,1.000000,0.962402,0.241211,0.994141
871.000000,300.000000,0.796875,1.000000,0.999512,0.955566,0.255859,0.992188
872.000000,300.000000,0.798828,1.000000,0.988281,0.957031,0.258789,0.994629
873.000000,300.000000,0.790039,1.000000,1.000000,0.958008,0.246094,0.990723
874.000000,300.000000,0.791504,1.000000,0.999023,0.960938,0.249023,0.992676
875.000000,300.000000,0.799316,1.000000,1.000000,0.959961,0.259766,0.987793
876.000000,300.000000,0.796875,0.000000,0.972656,0.959473,0.255859,0.992676
877.000000,300.000000,0.794434,1.000000,0.951660,0.961426,0.252930,0.993164
878.000000,300.000000,0.801758,1.000000,0.978516,0.959473,0.262695,0.992188
879.000000,300.000000,0.803223,1.000000,0.999023,0.958008,0.264648,0.992676
880.000000,300.000000,0.801270,1.000000,0.997070,0.953613,0.261719,0.994141
881.000000,300.000000,0.795410,1.000000,0.999512,0.958984,0.253906,0.991699
882.000000,300.000000,0.793945,1.000000,0.978516,0.955566,0.250977,0.985840
883.000000,300.000000,0.791992,1.000000,0.999023,0.959473,0.248047,0.989746
884.000000,300.000000,0.793945,1.000000,0.996582,0.961914,0.251953,0.993164
885.000000,300.000000,0.789062,1.000000,0.994629,0.959473,0.245117,0.993164
886.000000,300.000000,0.803223,1.000000,1.000000,0.955566,0.264648,0.996094
887.000000,300.000000,0.792969,1.000000,0.998535,0.951660,0.251953,0.994629
888.000000,300.000000,0.789062,1.000000,0.976562,0.956543,0.245117,0.985840
889.000000,300.000000,0.804199,1.000000,0.972656,0.959961,0.265625,0.995605
890.000000,300.000000,0.799805,1.000000,0.986328,0.961914,0.259766,0.986816
891.000000,300.000000,0.791992,1.000000,0.996582,0.958496,0.250977,0.995117
892.000000,300.000000,0.791504,1.000000,0.999512,0.957520,0.250000,0.990723
893.000000,300.000000,0.793457,1.000000,0.983887,0.961426,0.250977,0.986816
894.000000,300.000000,0.794434,1.000000,0.988281,0.955566,0.252930,0.993652
895.000000,300.000000,0.791992,0.000000,0.999023,0.961914,0.250000,0.989258
896.000000,300.000000,0.797363,1.000000,1.000000,0.958984,0.256836,0.996582
897.000000,300.000000,0.795898,1.000000,0.993652,0.961914,0.254883,0.990723
898.000000,300.000000,0.790039,1.000000,0.986328,0.957520,0.249023,0.993652
899.000000,300.000000,0.793945,0.000000,0.951660,0.956543,0.252930,0.986816
900.000000,300.000000,0.794434,1.000000,0.981934,0.956055,0.254883,0.989258
901.000000,300.000000,0.798340,0.000000,0.988281,0.955078,0.257812,0.992188
902.000000,300.000000,0.799805,1.000000,0.983887,0.955078,0.259766,0.994141
903.000000,300.000000,0.795898,1.000000,0.994629,0.958984,0.254883,0.990234
904.000000,300.000000,0.788574,1.000000,0.972656,0.954102,0.245117,0.989746
905.000000,300.000000,0.800781,1.000000,0.998535,0.956055,0.261719,0.990723
906.000000,300.000000,0.791504,1.000000,0.997070,0.958984,0.249023,0.994629
907.000000,300.000000,0.788574,1.000000,0.993652,0.959473,0.244141,0.989258
908.000000,300.000000,0.790527,1.000000,1.000000,0.957520,0.248047,0.990723
909.000000,300.000000,0.795898,1.000000,0.993652,0.958984,0.254883,0.994141
910.000000,300.000000,0.797852,1.000000,0.991699,0.956543,0.256836,0.994141
911.000000,300.000000,0.797363,1.000000,0.978516,0.951172,0.256836,0.989746
912.000000,300.000000,0.795410,1.000000,0.988281,0.958984,0.253906,0.995605
913.000000,300.000000,0.799316,1.000000,1.000000,0.959473,0.258789,0.995605
914.000000,300.000000,0.798828,1.000000,0.993652,0.957031,0.257812,0.991699
915.000000,300.000000,0.792969,1.000000,0.986328,0.956543,0.250977,0.991699
916.000000,300.000000,0.793457,1.000000,0.998535,0.954590,0.251953,0.993164
917.000000,300.000000,0.799805,0.000000,0.994629,0.961914,0.259766,0.995117
918.000000,300.000000,0.788574,1.000000,0.996582,0.955566,0.245117,0.989258
919.000000,300.000000,0.799316,1.000000,0.999023,0.951660,0.259766,0.990723
920.000000,300.000000,0.794434,1.000000,0.999512,0.956055,0.253906,0.989258
921.000000,300.000000,0.800781,1.000000,0.997070,0.962402,0.260742,0.987305
922.000000,300.000000,0.796875,1.000000,1.000000,0.959961,0.255859,0.994629
923.000000,300.000000,0.789551,0.000000,0.999512,0.958008,0.247070,0.994629
924.000000,300.000000,0.799316,1.000000,0.999512,0.960449,0.258789,0.994141
925.000000,300.000000,0.793945,1.000000,1.000000,0.956543,0.253906,0.989746
926.000000,300.000000,0.795410,1.000000,0.988281,0.961426,0.252930,0.991699
927.000000,300.000000,0.796875,1.000000,0.988281,0.958496,0.255859,0.985352
928.000000,300.000000,0.786133,1.000000,0.972656,0.962891,0.243164,0.990723
929.000000,300.000000,0.795898,1.000000,0.994629,0.959961,0.255859,0.992676
930.000000,300.000000,0.800781,1.000000,0.988281,0.960449,0.260742,0.989746
931.000000,300.000000,0.792969,1.000000,0.991699,0.960938,0.250977,0.989746
932.000000,300.000000,0.794434,1.000000,0.981934,0.958984,0.252930,0.985352
933.000000,300.000000,0.792480,1.000000,0.999512,0.956055,0.249023,0.992188
934.000000,300.000000,0.793945,1.000000,0.999512,0.959473,0.251953,0.992676
935.000000,300.000000,0.791992,1.000000,0.991699,0.959473,0.249023,0.986328
936.000000,300.000000,0.793945,1.000000,0.998535,0.959961,0.251953,0.993652
937.000000,300.000000,0.795898,0.000000,1.000000,0.957520,0.254883,0.989746
938.000000,300.000000,0.798828,1.000000,0.983887,0.958984,0.257812,0.993652
939.000000,300.000000,0.801758,1.000000,0.994629,0.959473,0.262695,0.993164
940.000000,300.000000,0.794922,1.000000,0.963867,0.953613,0.252930,0.994629
941.000000,300.000000,0.795410,1.000000,0.939941,0.956543,0.253906,0.990723
942.000000,300.000000,0.797852,1.000000,1.000000,0.957031,0.257812,0.994629
943.000000,300.000000,0.798828,1.000000,0.966309,0.955078,0.257812,0.992188
944.000000,300.000000,0.793945,1.000000,1.000000,0.959473,0.251953,0.989258
945.000000,300.000000,0.790039,1.000000,0.972656,0.957031,0.247070,0.994141
946.000000,300.000000,0.797363,0.000000,0.996582,0.964355,0.256836,0.988770
947.000000,300.000000,0.795898,1.000000,1.000000,0.958496,0.254883,0.995117
948.000000,300.000000,0.797363,1.000000,0.999023,0.954102,0.257812,0.995117
949.000000,300.000000,0.792969,1.000000,0.981934,0.960449,0.250000,0.994141
950.000000,300.000000,0.792480,1.000000,0.994629,0.959961,0.249023,0.991211
951.000000,300.000000,0.794922,1.000000,0.991699,0.949219,0.253906,0.994141
952.000000,300.000000,0.800293,1.000000,0.994629,0.960449,0.260742,0.986328
953.000000,300.000000,0.793945,1.000000,0.996582,0.957031,0.251953,0.989746
954.000000,300.000000,0.797363,1.000000,0.986328,0.958984,0.256836,0.992188
955.000000,300.000000,0.793945,1.000000,0.999512,0.956055,0.253906,0.987305
956.000000,300.000000,0.795898,1.000000,0.939941,0.958984,0.254883,0.993652
957.000000,300.000000,0.792969,1.000000,0.997070,0.956543,0.250000,0.995605
958.000000,300.000000,0.799316,1.000000,0.976562,0.960938,0.258789,0.989746
959.000000,300.000000,0.790527,1.000000,0.970215,0.957031,0.247070,0.993164
960.000000,300.000000,0.795898,1.000000,1.000000,0.958008,0.254883,0.989746
961.000000,300.000000,0.787598,1.000000,0.997070,0.956055,0.245117,0.991699
962.000000,300.000000,0.794434,0.000000,0.934570,0.954102,0.253906,0.988281
963.000000,300.000000,0.795410,1.000000,0.951660,0.958008,0.253906,0.994141
964.000000,300.000000,0.795898,1.000000,0.990234,0.958984,0.254883,0.993652
965.000000,300.000000,0.782715,1.000000,0.996582,0.959961,0.238281,0.991699
966.000000,300.000000,0.790527,1.000000,0.924805,0.958984,0.247070,0.991699
967.000000,300.000000,0.799805,1.000000,0.976562,0.956543,0.259766,0.992188
968.000000,300.000000,0.797852,1.000000,0.999512,0.958496,0.257812,0.994629
969.000000,300.000000,0.796875,1.000000,0.993652,0.952637,0.255859,0.990723
970.000000,300.000000,0.791016,1.000000,0.978516,0.961426,0.248047,0.994141
971.000000,300.000000,0.798828,1.000000,0.978516,0.961426,0.258789,0.994629
972.000000,300.000000,0.794922,1.000000,0.951660,0.955078,0.252930,0.994141
973.000000,300.000000,0.786621,1.000000,0.998535,0.954102,0.242188,0.990234
974.000000,300.000000,0.800293,1.000000,0.986328,0.957031,0.260742,0.991699
975.000000,300.000000,0.791016,1.000000,0.994629,0.957031,0.247070,0.995605
976.000000,300.000000,0.801270,1.000000,0.998535,0.958984,0.262695,0.987305
977.000000,300.000000,0.799805,1.000000,0.970215,0.959473,0.260742,0.995117
978.000000,300.000000,0.796387,1.000000,0.997070,0.961914,0.254883,0.991211
979.000000,300.000000,0.787598,1.000000,0.993652,0.955078,0.243164,0.985352
980.000000,300.000000,0.796875,1.000000,0.988281,0.956055,0.255859,0.991211
981.000000,300.000000,0.798828,1.000000,0.999023,0.958008,0.258789,0.988770
982.000000,300.000000,0.800781,1.000000,0.943359,0.958496,0.261719,0.994141
983.000000,300.000000,0.801758,1.000000,0.999512,0.958008,0.262695,0.994629
984.000000,300.000000,0.801758,1.000000,1.000000,0.957520,0.262695,0.987793
985.000000,300.000000,0.796387,1.000000,0.999512,0.958984,0.255859,0.996094
986.000000,300.000000,0.794434,1.000000,0.986328,0.960938,0.252930,0.994629
987.000000,300.000000,0.798828,1.000000,0.999512,0.958496,0.258789,0.994141
988.000000,300.000000,0.793457,1.000000,1.000000,0.957520,0.250977,0.990723
989.000000,300.000000,0.799805,1.000000,0.994629,0.959961,0.259766,0.994629
990.000000,300.000000,0.798828,1.000000,1.000000,0.957520,0.259766,0.994629
991.000000,300.000000,0.795898,1.000000,0.999023,0.956543,0.253906,0.991211
992.000000,300.000000,0.789551,1.000000,0.966309,0.959961,0.247070,0.989258
993.000000,300.000000,0.799805,1.000000,1.000000,0.956543,0.259766,0.994141
994.000000,300.000000,0.793457,1.000000,0.991699,0.962402,0.252930,0.987793
995.000000,300.000000,0.791992,1.000000,0.999023,0.953613,0.250000,0.992676
996.000000,300.000000,0.797363,1.000000,0.999512,0.955078,0.255859,0.995117
997.000000,300.000000,0.792969,1.000000,1.000000,0.958496,0.250000,0.992188
998.000000,300.000000,0.801270,0.000000,0.998535,0.959961,0.261719,0.994141
999.000000,300.000000,0.793945,1.000000,0.997070,0.961426,0.251953,0.993652
1000.000000,300.000000,0.789551,1.000000,0.997070,0.961914,0.245117,0.988281
1.000000,600.000000,0.868164,1.000000,0.998047,0.962891,0.437500,0.989746
2.000000,600.000000,0.872070,1.000000,0.997559,0.964355,0.448242,0.992676
3.000000,600.000000,0.869141,1.000000,0.993652,0.965332,0.439453,0.992188
4.000000,600.000000,0.867188,1.000000,1.000000,0.965332,0.433594,0.990723
5.000000,600.000000,0.871094,1.000000,0.990234,0.964844,0.444336,0.993164
6.000000,600.000000,0.871094,1.000000,1.000000,0.966797,0.442383,0.989746
7.000000,600.000000,0.873047,1.000000,0.995117,0.963867,0.448242,0.989258
8.000000,600.000000,0.870117,1.000000,0.999512,0.965332,0.442383,0.993164
9.000000,600.000000,0.870117,1.000000,1.000000,0.967285,0.443359,0.991699
10.000000,600.000000,0.869629,1.000000,0.979004,0.966309,0.441406,0.990234
11.000000,600.000000,0.875000,1.000000,0.999023,0.967285,0.457031,0.989258
12.000000,600.000000,0.867188,1.000000,0.988770,0.964844,0.431641,0.987305
13.000000,600.000000,0.868652,1.000000,0.992188,0.963379,0.438477,0.993652
14.000000,600.000000,0.870117,1.000000,1.000000,0.965332,0.442383,0.988770
15.000000,600.000000,0.868164,1.000000,0.990234,0.962402,0.437500,0.992188
16.000000,600.000000,0.873047,1.000000,0.997559,0.968262,0.448242,0.993652
17.000000,600.000000,0.865234,1.000000,0.994629,0.966309,0.431641,0.989746
18.000000,600.000000,0.874023,1.000000,0.998535,0.969238,0.453125,0.992188
19.000000,600.000000,0.869629,1.000000,0.999512,0.968262,0.441406,0.982910
20.000000,600.000000,0.869141,1.000000,0.975586,0.969727,0.440430,0.992188
21.000000,600.000000,0.872070,1.000000,1.000000,0.963867,0.447266,0.993164
22.000000,600.000000,0.874023,1.000000,0.990234,0.967285,0.452148,0.992188
23.000000,600.000000,0.871094,1.000000,0.998535,0.965332,0.445312,0.986816
24.000000,600.000000,0.870117,1.000000,0.990234,0.969727,0.443359,0.988281
25.000000,600.000000,0.870117,1.000000,0.998535,0.965332,0.439453,0.991211
26.000000,600.000000,0.871582,1.000000,0.999023,0.968750,0.446289,0.986816
27.000000,600.000000,0.868164,1.000000,0.978516,0.963867,0.437500,0.991211
28.000000,600.000000,0.869141,1.000000,0.998047,0.966309,0.440430,0.989258
29.000000,600.000000,0.863281,1.000000,0.993652,0.969238,0.425781,0.988281
30.000000,600.000000,0.867676,1.000000,1.000000,0.965332,0.437500,0.992188
31.000000,600.000000,0.872559,1.000000,0.997559,0.962891,0.448242,0.986816
32.000000,600.000000,0.872070,1.000000,0.992188,0.966797,0.446289,0.973633
33.000000,600.000000,0.867188,1.000000,0.988281,0.967285,0.435547,0.988770
34.000000,600.000000,0.873535,1.000000,0.994629,0.964355,0.453125,0.993652
35.000000,600.000000,0.867188,1.000000,0.999512,0.968262,0.438477,0.986328
36.000000,600.000000,0.870605,1.000000,0.998535,0.965332,0.445312,0.989258
37.000000,600.000000,0.865723,1.000000,0.996582,0.967773,0.433594,0.990234
38.000000,600.000000,0.866211,1.000000,0.996094,0.965820,0.433594,0.992676
39.000000,600.000000,0.871582,1.000000,1.000000,0.962891,0.444336,0.993164
40.000000,600.000000,0.869629,1.000000,0.993652,0.964355,0.441406,0.993164
41.000000,600.000000,0.870117,1.000000,0.995117,0.963379,0.444336,0.992676
42.000000,600.000000,0.874023,1.000000,0.991699,0.968750,0.450195,0.992188
43.000000,600.000000,0.870117,1.000000,1.000000,0.964355,0.443359,0.991699
44.000000,600.000000,0.873535,1.000000,0.993652,0.964355,0.448242,0.992676
45.000000,600.000000,0.867676,1.000000,1.000000,0.963867,0.435547,0.992676
46.000000,600.000000,0.871094,1.000000,0.990234,0.967285,0.445312,0.991699
47.000000,600.000000,0.872559,1.000000,0.985840,0.964844,0.447266,0.992188
48.000000,600.000000,0.868652,1.000000,0.993652,0.965820,0.438477,0.987305
49.000000,600.000000,0.870605,1.000000,0.994629,0.963867,0.443359,0.985840
50.000000,600.000000,0.871094,1.000000,0.996582,0.962891,0.444336,0.993164
51.000000,600.000000,0.867188,1.000000,1.000000,0.964355,0.433594,0.985352
52.000000,600.000000,0.870605,1.000000,0.999023,0.966797,0.443359,0.992676
53.000000,600.000000,0.867676,1.000000,0.995117,0.966797,0.436523,0.993652
54.000000,600.000000,0.871582,1.000000,0.999512,0.964355,0.447266,0.987305
55.000000,600.000000,0.868164,1.000000,1.000000,0.966309,0.437500,0.988770
56.000000,600.000000,0.873535,1.000000,0.999512,0.964355,0.450195,0.991211
57.000000,600.000000,0.874512,1.000000,0.999023,0.966797,0.452148,0.990234
58.000000,600.000000,0.867188,1.000000,0.986328,0.966797,0.434570,0.983398
59.000000,600.000000,0.870605,1.000000,0.978516,0.967285,0.444336,0.993164
60.000000,600.000000,0.871094,0.000000,0.996094,0.967773,0.441406,0.992676
61.000000,600.000000,0.871582,1.000000,0.996582,0.964355,0.446289,0.987305
62.000000,600.000000,0.871094,1.000000,0.999512,0.966309,0.442383,0.992676
63.000000,600.000000,0.868652,1.000000,1.000000,0.967285,0.439453,0.993652
64.000000,600.000000,0.874023,1.000000,0.993652,0.967773,0.452148,0.989746
65.000000,600.000000,0.876465,1.000000,0.995117,0.959473,0.458008,0.991699
66.000000,600.000000,0.873047,1.000000,1.000000,0.964355,0.453125,0.991699
67.000000,600.000000,0.875488,1.000000,1.000000,0.964844,0.456055,0.990234
68.000000,600.000000,0.871582,1.000000,0.986328,0.965820,0.443359,0.990234
69.000000,600.000000,0.865234,1.000000,0.988770,0.967285,0.429688,0.993164
70.000000,600.000000,0.873047,1.000000,0.998535,0.968262,0.447266,0.989258
71.000000,600.000000,0.867676,1.000000,0.998047,0.964844,0.439453,0.991211
72.000000,600.000000,0.870117,1.000000,0.996094,0.966309,0.440430,0.989258
73.000000,600.000000,0.875977,1.000000,0.999512,0.964355,0.455078,0.992676
74.000000,600.000000,0.867676,1.000000,0.996094,0.964844,0.437500,0.991699
75.000000,600.000000,0.870605,1.000000,0.999512,0.963867,0.443359,0.990234
76.000000,600.000000,0.870605,1.000000,0.998535,0.963379,0.446289,0.991699
77.000000,600.000000,0.875000,1.000000,0.998535,0.967773,0.453125,0.988770
78.000000,600.000000,0.873047,1.000000,0.998047,0.965332,0.449219,0.992676
79.000000,600.000000,0.874023,1.000000,1.000000,0.965820,0.452148,0.993164
80.000000,600.000000,0.870117,1.000000,0.999023,0.965820,0.445312,0.993164
81.000000,600.000000,0.872559,1.000000,1.000000,0.966797,0.447266,0.988281
82.000000,600.000000,0.867188,1.000000,0.999512,0.966797,0.436523,0.985352
83.000000,600.000000,0.870605,1.000000,0.998535,0.966309,0.442383,0.984863
84.000000,600.000000,0.874023,1.000000,0.993652,0.963867,0.453125,0.993652
85.000000,600.000000,0.868652,1.000000,0.998535,0.966797,0.436523,0.989746
86.000000,600.000000,0.860352,1.000000,0.996094,0.965332,0.417969,0.987793
87.000000,600.000000,0.871094,1.000000,0.999512,0.968750,0.445312,0.993652
88.000000,600.000000,0.871094,1.000000,0.999512,0.965820,0.444336,0.992676
89.000000,600.000000,0.874023,1.000000,0.998047,0.967285,0.451172,0.991699
90.000000,600.000000,0.872070,1.000000,0.997559,0.968262,0.445312,0.992676
91.000000,600.000000,0.871094,1.000000,0.993652,0.966309,0.446289,0.989258
92.000000,600.000000,0.873047,1.000000,0.999512,0.961914,0.447266,0.989746
93.000000,600.000000,0.874023,1.000000,0.990234,0.965820,0.451172,0.994141
94.000000,600.000000,0.867676,1.000000,1.000000,0.965332,0.434570,0.991211
95.000000,600.000000,0.872559,1.000000,0.983887,0.959961,0.448242,0.992676
96.000000,600.000000,0.873535,1.000000,0.999023,0.967285,0.451172,0.990723
97.000000,600.000000,0.866699,0.000000,0.999512,0.964844,0.433594,0.992188
98.000000,600.000000,0.872559,1.000000,0.999023,0.963379,0.448242,0.993164
99.000000,600.000000,0.866699,1.000000,0.999023,0.961914,0.435547,0.990234
100.000000,600.000000,0.868164,1.000000,1.000000,0.964844,0.437500,0.985840
101.000000,600.000000,0.869629,1.000000,0.999023,0.965820,0.441406,0.989258
102.000000,600.000000,0.872070,1.000000,0.996582,0.966797,0.447266,0.980469
103.000000,600.000000,0.866211,1.000000,0.988770,0.965820,0.433594,0.987305
104.000000,600.000000,0.871582,1.000000,0.981934,0.966309,0.445312,0.990723
105.000000,600.000000,0.873535,0.000000,0.997070,0.965820,0.452148,0.978516
106.000000,600.000000,0.869629,1.000000,0.994629,0.965820,0.442383,0.991211
107.000000,600.000000,0.872070,1.000000,1.000000,0.965332,0.447266,0.989258
108.000000,600.000000,0.872070,1.000000,0.999512,0.968262,0.447266,0.992676
109.000000,600.000000,0.873047,1.000000,0.972656,0.963867,0.450195,0.991699
110.000000,600.000000,0.873535,1.000000,0.994629,0.967773,0.449219,0.993164
111.000000,600.000000,0.872559,1.000000,0.996094,0.965332,0.447266,0.992676
112.000000,600.000000,0.872559,1.000000,0.993652,0.964844,0.446289,0.988770
113.000000,600.000000,0.876953,1.000000,0.998535,0.968750,0.458984,0.985352
114.000000,600.000000,0.872559,1.000000,1.000000,0.965820,0.446289,0.990723
115.000000,600.000000,0.866211,1.000000,0.996094,0.965332,0.430664,0.991211
116.000000,600.000000,0.871094,1.000000,1.000000,0.962891,0.444336,0.991699
117.000000,600.000000,0.867188,1.000000,0.998047,0.966797,0.441406,0.993164
118.000000,600.000000,0.872559,1.000000,1.000000,0.961914,0.449219,0.991699
119.000000,600.000000,0.868652,1.000000,1.000000,0.966309,0.436523,0.993164
120.000000,600.000000,0.875488,1.000000,0.991699,0.967285,0.457031,0.994141
121.000000,600.000000,0.867676,1.000000,0.999512,0.966797,0.437500,0.990723
122.000000,600.000000,0.877930,1.000000,1.000000,0.959473,0.462891,0.992676
123.000000,600.000000,0.869629,1.000000,1.000000,0.961426,0.437500,0.982910
124.000000,600.000000,0.865234,1.000000,0.999512,0.967773,0.432617,0.989746
125.000000,600.000000,0.867188,0.000000,0.999023,0.968262,0.435547,0.992676
126.000000,600.000000,0.865723,1.000000,0.999023,0.962891,0.428711,0.988281
127.000000,600.000000,0.869629,1.000000,0.995117,0.963867,0.438477,0.993164
128.000000,600.000000,0.873047,1.000000,0.978516,0.963867,0.448242,0.992676
129.000000,600.000000,0.860840,1.000000,0.976562,0.963379,0.416992,0.989258
130.000000,600.000000,0.870605,1.000000,0.998047,0.967285,0.440430,0.985352
131.000000,600.000000,0.869629,1.000000,1.000000,0.963379,0.441406,0.988770
132.000000,600.000000,0.866699,1.000000,0.996094,0.964844,0.434570,0.991699
133.000000,600.000000,0.866211,1.000000,0.998535,0.962891,0.433594,0.988770
134.000000,600.000000,0.869141,1.000000,0.995117,0.964844,0.441406,0.992676
135.000000,600.000000,0.871582,1.000000,0.975586,0.961426,0.448242,0.994141
136.000000,600.000000,0.876953,1.000000,0.998047,0.965820,0.458984,0.992676
137.000000,600.000000,0.869141,1.000000,0.998047,0.965820,0.439453,0.993164
138.000000,600.000000,0.873047,1.000000,0.999512,0.962891,0.448242,0.989746
139.000000,600.000000,0.876465,1.000000,0.991699,0.965332,0.455078,0.990723
140.000000,600.000000,0.869141,1.000000,1.000000,0.965820,0.440430,0.985352
141.000000,600.000000,0.869141,1.000000,0.999512,0.964355,0.439453,0.990723
142.000000,600.000000,0.870117,1.000000,0.999023,0.965332,0.441406,0.988770
143.000000,600.000000,0.872070,1.000000,0.999512,0.966309,0.448242,0.992676
144.000000,600.000000,0.868652,1.000000,0.988770,0.966309,0.436523,0.986816
145.000000,600.000000,0.870117,1.000000,0.959961,0.963379,0.442383,0.993164
146.000000,600.000000,0.871094,1.000000,0.999023,0.966797,0.444336,0.992188
147.000000,600.000000,0.871094,1.000000,1.000000,0.964844,0.444336,0.982910
148.000000,600.000000,0.872070,1.000000,0.999512,0.965820,0.445312,0.988281
149.000000,600.000000,0.870605,1.000000,0.999512,0.965820,0.443359,0.991699
150.000000,600.000000,0.877441,1.000000,1.000000,0.965332,0.458984,0.982910
151.000000,600.000000,0.870605,1.000000,0.999512,0.966309,0.443359,0.992188
152.000000,600.000000,0.871094,1.000000,1.000000,0.965820,0.446289,0.992676
153.000000,600.000000,0.870117,1.000000,0.997559,0.965332,0.443359,0.987793
154.000000,600.000000,0.874512,1.000000,0.990234,0.962891,0.454102,0.991211
155.000000,600.000000,0.868652,1.000000,1.000000,0.965332,0.436523,0.989746
156.000000,600.000000,0.876953,1.000000,0.999023,0.965820,0.459961,0.990723
157.000000,600.000000,0.867676,1.000000,0.994629,0.960938,0.436523,0.992188
158.000000,600.000000,0.870605,1.000000,0.996094,0.964844,0.442383,0.990234
159.000000,600.000000,0.870605,1.000000,0.999512,0.965820,0.442383,0.989746
160.000000,600.000000,0.870117,1.000000,1.000000,0.966309,0.441406,0.988770
161.000000,600.000000,0.876465,1.000000,0.996094,0.969238,0.458008,0.990723
162.000000,600.000000,0.867188,1.000000,0.988281,0.966309,0.434570,0.991211
163.000000,600.000000,0.873535,1.000000,0.996582,0.964844,0.451172,0.991699
164.000000,600.000000,0.874512,1.000000,0.999023,0.965332,0.452148,0.993164
165.000000,600.000000,0.866699,1.000000,0.996582,0.966309,0.435547,0.988770
166.000000,600.000000,0.874023,1.000000,1.000000,0.964844,0.452148,0.983887
167.000000,600.000000,0.873535,1.000000,1.000000,0.963867,0.449219,0.993164
168.000000,600.000000,0.867676,1.000000,0.999023,0.966797,0.435547,0.992188
169.000000,600.000000,0.869141,1.000000,0.996094,0.966797,0.440430,0.987793
170.000000,600.000000,0.870605,1.000000,0.999023,0.964355,0.441406,0.990234
171.000000,600.000000,0.872070,1.000000,0.999023,0.970703,0.445312,0.992676
172.000000,600.000000,0.870605,1.000000,0.999023,0.966797,0.443359,0.987305
173.000000,600.000000,0.866699,0.000000,1.000000,0.961426,0.434570,0.993652
174.000000,600.000000,0.868164,1.000000,1.000000,0.966797,0.437500,0.990723
175.000000,600.000000,0.870605,1.000000,0.999023,0.969238,0.446289,0.992188
176.000000,600.000000,0.872070,1.000000,0.994629,0.966797,0.445312,0.989746
177.000000,600.000000,0.863770,1.000000,0.994629,0.965332,0.426758,0.992676
178.000000,600.000000,0.870605,1.000000,0.997070,0.964355,0.442383,0.992676
179.000000,600.000000,0.868652,1.000000,0.997070,0.968262,0.435547,0.990723
180.000000,600.000000,0.873535,1.000000,1.000000,0.959961,0.450195,0.993164
181.000000,600.000000,0.868652,1.000000,0.994629,0.967773,0.438477,0.989258
182.000000,600.000000,0.870117,1.000000,0.996094,0.968262,0.441406,0.992676
183.000000,600.000000,0.869629,1.000000,0.999512,0.965332,0.442383,0.986816
184.000000,600.000000,0.867676,1.000000,0.999512,0.967285,0.435547,0.989746
185.000000,600.000000,0.875488,1.000000,0.993652,0.966309,0.454102,0.992676
186.000000,600.000000,0.871094,1.000000,0.988770,0.964355,0.443359,0.982422
187.000000,600.000000,0.873047,1.000000,1.000000,0.966797,0.450195,0.992676
188.000000,600.000000,0.873047,0.000000,1.000000,0.966797,0.448242,0.988281
189.000000,600.000000,0.868164,1.000000,0.999512,0.964355,0.440430,0.988281
190.000000,600.000000,0.865234,1.000000,0.999023,0.960938,0.433594,0.993652
191.000000,600.000000,0.873047,1.000000,0.973633,0.966797,0.447266,0.991211
192.000000,600.000000,0.872070,1.000000,0.998047,0.965332,0.449219,0.987305
193.000000,600.000000,0.872559,1.000000,0.990234,0.965332,0.449219,0.989258
194.000000,600.000000,0.869141,1.000000,1.000000,0.962891,0.441406,0.983887
195.000000,600.000000,0.873047,1.000000,1.000000,0.967285,0.448242,0.993164
196.000000,600.000000,0.873047,1.000000,0.985840,0.968750,0.446289,0.987305
197.000000,600.000000,0.863281,0.000000,0.988770,0.967773,0.424805,0.992188
198.000000,600.000000,0.869629,1.000000,0.970215,0.967773,0.438477,0.988770
199.000000,600.000000,0.866211,1.000000,0.996582,0.961914,0.431641,0.992188
200.000000,600.000000,0.870117,1.000000,0.991699,0.967285,0.439453,0.986816
201.000000,600.000000,0.874023,1.000000,1.000000,0.966797,0.450195,0.987793
202.000000,600.000000,0.872070,1.000000,0.999023,0.965332,0.445312,0.992188
203.000000,600.000000,0.867676,1.000000,0.999023,0.965820,0.433594,0.991211
204.000000,600.000000,0.872070,1.000000,0.999023,0.966309,0.448242,0.993164
205.000000,600.000000,0.868164,1.000000,0.972656,0.967773,0.436523,0.992676
206.000000,600.000000,0.870605,1.000000,1.000000,0.964355,0.441406,0.986328
207.000000,600.000000,0.872559,1.000000,0.978516,0.966797,0.449219,0.988281
208.000000,600.000000,0.870117,1.000000,1.000000,0.967285,0.443359,0.988770
209.000000,600.000000,0.870605,1.000000,0.999023,0.968262,0.445312,0.991211
210.000000,600.000000,0.868164,1.000000,0.979004,0.967285,0.436523,0.990234
211.000000,600.000000,0.874023,1.000000,0.996094,0.965820,0.453125,0.989258
212.000000,600.000000,0.868652,1.000000,0.983887,0.965332,0.440430,0.992676
213.000000,600.000000,0.869141,1.000000,0.995117,0.969238,0.437500,0.990723
214.000000,600.000000,0.875000,1.000000,1.000000,0.960449,0.455078,0.992676
215.000000,600.000000,0.867676,1.000000,1.000000,0.964844,0.436523,0.990234
216.000000,600.000000,0.868652,1.000000,0.997070,0.965820,0.438477,0.988770
217.000000,600.000000,0.865234,1.000000,0.999512,0.965332,0.430664,0.987305
218.000000,600.000000,0.875977,1.000000,0.996582,0.964355,0.456055,0.992188
219.000000,600.000000,0.863770,0.000000,1.000000,0.963867,0.425781,0.992188
220.000000,600.000000,0.866211,1.000000,0.994629,0.964355,0.434570,0.985352
221.000000,600.000000,0.870605,1.000000,0.999512,0.964844,0.443359,0.993652
222.000000,600.000000,0.868164,1.000000,1.000000,0.964355,0.437500,0.989258
223.000000,600.000000,0.872559,1.000000,0.993652,0.960449,0.448242,0.993164
224.000000,600.000000,0.869629,1.000000,1.000000,0.966309,0.446289,0.989258
225.000000,600.000000,0.868164,1.000000,0.991699,0.964355,0.437500,0.991699
226.000000,600.000000,0.872559,1.000000,0.996094,0.963379,0.449219,0.993164
227.000000,600.000000,0.874023,1.000000,0.998047,0.962402,0.450195,0.992188
228.000000,600.000000,0.876465,1.000000,0.997559,0.964844,0.457031,0.991699
229.000000,600.000000,0.875977,1.000000,0.988281,0.965820,0.456055,0.992676
230.000000,600.000000,0.874023,1.000000,0.997559,0.969238,0.448242,0.989746
231.000000,600.000000,0.871094,1.000000,1.000000,0.966797,0.445312,0.990234
232.000000,600.000000,0.868164,1.000000,0.996094,0.966309,0.435547,0.984863
233.000000,600.000000,0.869629,1.000000,0.997070,0.966309,0.440430,0.991211
234.000000,600.000000,0.865234,1.000000,0.980957,0.965332,0.431641,0.985840
235.000000,600.000000,0.871582,1.000000,0.993652,0.966309,0.446289,0.983887
236.000000,600.000000,0.873047,1.000000,1.000000,0.964355,0.448242,0.981445
237.000000,600.000000,0.867676,1.000000,0.996582,0.962891,0.437500,0.987305
238.000000,600.000000,0.869629,1.000000,0.993652,0.966797,0.442383,0.992676
239.000000,600.000000,0.876465,1.000000,0.985840,0.960938,0.456055,0.993652
240.000000,600.000000,0.871094,1.000000,0.998047,0.964844,0.444336,0.986328
241.000000,600.000000,0.875000,1.000000,0.999512,0.965820,0.452148,0.985352
242.000000,600.000000,0.874023,1.000000,0.996094,0.964355,0.453125,0.991211
243.000000,600.000000,0.878418,1.000000,0.992188,0.965820,0.463867,0.991211
244.000000,600.000000,0.867188,1.000000,1.000000,0.965820,0.436523,0.988281
245.000000,600.000000,0.870605,1.000000,1.000000,0.965332,0.443359,0.993164
246.000000,600.000000,0.875000,1.000000,0.999512,0.968750,0.453125,0.989258
247.000000,600.000000,0.869629,1.000000,0.997559,0.963379,0.440430,0.983887
248.000000,600.000000,0.863770,1.000000,0.980957,0.966797,0.422852,0.990723
249.000000,600.000000,0.866699,0.000000,0.999023,0.965332,0.435547,0.990234
250.000000,600.000000,0.877930,1.000000,0.993652,0.968262,0.462891,0.993164
251.000000,600.000000,0.874023,1.000000,0.990234,0.969727,0.449219,0.992188
252.000000,600.000000,0.869141,1.000000,0.978516,0.962402,0.439453,0.981445
253.000000,600.000000,0.869629,1.000000,1.000000,0.962402,0.440430,0.990723
254.000000,600.000000,0.867676,1.000000,0.993652,0.966797,0.434570,0.987793
255.000000,600.000000,0.868652,1.000000,0.996094,0.965820,0.437500,0.986816
256.000000,600.000000,0.867676,1.000000,0.998535,0.967773,0.433594,0.994629
257.000000,600.000000,0.870605,1.000000,0.997559,0.966797,0.444336,0.993164
258.000000,600.000000,0.874023,1.000000,0.984375,0.965332,0.453125,0.993164
259.000000,600.000000,0.866699,1.000000,0.980957,0.966309,0.431641,0.988281
260.000000,600.000000,0.871094,1.000000,0.998535,0.965820,0.444336,0.985840
261.000000,600.000000,0.869629,1.000000,0.999023,0.967773,0.441406,0.986816
262.000000,600.000000,0.876465,1.000000,1.000000,0.965332,0.456055,0.993652
263.000000,600.000000,0.868652,1.000000,1.000000,0.962891,0.439453,0.992676
264.000000,600.000000,0.872070,1.000000,0.994629,0.964844,0.447266,0.990234
265.000000,600.000000,0.870605,1.000000,0.990234,0.965332,0.441406,0.989258
266.000000,600.000000,0.868164,1.000000,1.000000,0.966309,0.438477,0.993164
267.000000,600.000000,0.875000,1.000000,0.998047,0.964355,0.453125,0.990723
268.000000,600.000000,0.866699,1.000000,0.998535,0.968262,0.439453,0.983887
269.000000,600.000000,0.871094,1.000000,1.000000,0.964844,0.444336,0.986328
270.000000,600.000000,0.871094,1.000000,0.998535,0.959473,0.446289,0.994141
271.000000,600.000000,0.868652,1.000000,0.990234,0.965820,0.442383,0.989746
272.000000,600.000000,0.868164,1.000000,0.997559,0.969238,0.438477,0.993164
273.000000,600.000000,0.868164,1.000000,0.999023,0.963867,0.432617,0.993164
274.000000,600.000000,0.874512,1.000000,0.998047,0.963867,0.452148,0.984375
275.000000,600.000000,0.870117,0.000000,0.993652,0.962402,0.442383,0.991699
276.000000,600.000000,0.874023,1.000000,0.999023,0.965332,0.450195,0.993164
277.000000,600.000000,0.865234,1.000000,0.993652,0.968262,0.430664,0.990234
278.000000,600.000000,0.873535,1.000000,0.997070,0.962891,0.453125,0.992188
279.000000,600.000000,0.870605,1.000000,0.996582,0.968262,0.443359,0.987793
280.000000,600.000000,0.869629,1.000000,0.999023,0.967285,0.442383,0.993652
281.000000,600.000000,0.872070,1.000000,1.000000,0.966309,0.447266,0.992188
282.000000,600.000000,0.869141,1.000000,1.000000,0.966309,0.437500,0.988281
283.000000,600.000000,0.878418,1.000000,0.997559,0.964355,0.462891,0.985840
284.000000,600.000000,0.871582,1.000000,0.999512,0.964355,0.444336,0.992676
285.000000,600.000000,0.868164,1.000000,0.993652,0.963379,0.439453,0.993164
286.000000,600.000000,0.870605,1.000000,0.997559,0.965820,0.442383,0.992188
287.000000,600.000000,0.874512,1.000000,0.999512,0.969238,0.450195,0.992188
288.000000,600.000000,0.871582,1.000000,0.997070,0.962891,0.443359,0.989258
289.000000,600.000000,0.868164,1.000000,0.996582,0.964355,0.436523,0.988770
290.000000,600.000000,0.878418,1.000000,0.998535,0.966309,0.463867,0.982422
291.000000,600.000000,0.869629,1.000000,0.995117,0.961426,0.439453,0.993164
292.000000,600.000000,0.872559,1.000000,0.981934,0.964355,0.446289,0.983887
293.000000,600.000000,0.870605,0.000000,0.998535,0.964355,0.444336,0.989746
294.000000,600.000000,0.875488,1.000000,0.997559,0.960938,0.454102,0.992676
295.000000,600.000000,0.868652,1.000000,0.993652,0.961914,0.435547,0.991211
296.000000,600.000000,0.869629,1.000000,0.981934,0.964355,0.441406,0.984375
297.000000,600.000000,0.879883,1.000000,0.996094,0.967773,0.463867,0.991211
298.000000,600.000000,0.869141,1.000000,1.000000,0.964844,0.439453,0.988770
299.000000,600.000000,0.876465,1.000000,1.000000,0.963867,0.458984,0.987793
300.000000,600.000000,0.866211,1.000000,0.998047,0.965332,0.432617,0.991211
301.000000,600.000000,0.874512,1.000000,0.999023,0.964844,0.452148,0.988770
302.000000,600.000000,0.874023,1.000000,0.998535,0.966797,0.449219,0.993164
303.000000,600.000000,0.873535,1.000000,0.996582,0.967773,0.452148,0.986816
304.000000,600.000000,0.873047,1.000000,0.999023,0.967285,0.448242,0.982910
305.000000,600.000000,0.868164,1.000000,1.000000,0.964844,0.436523,0.988281
306.000000,600.000000,0.873047,0.000000,0.999023,0.964844,0.447266,0.992188
307.000000,600.000000,0.870605,1.000000,0.994629,0.965820,0.442383,0.990234
308.000000,600.000000,0.872559,1.000000,0.990234,0.963867,0.448242,0.982910
309.000000,600.000000,0.872559,1.000000,1.000000,0.965332,0.446289,0.992676
310.000000,600.000000,0.870117,1.000000,0.991699,0.961426,0.440430,0.991699
311.000000,600.000000,0.870605,1.000000,1.000000,0.965820,0.442383,0.984863
312.000000,600.000000,0.876953,1.000000,0.996582,0.964844,0.458008,0.989258
313.000000,600.000000,0.864746,1.000000,0.994629,0.968750,0.426758,0.990234
314.000000,600.000000,0.870605,0.000000,0.999512,0.963379,0.443359,0.992188
315.000000,600.000000,0.867676,1.000000,0.998535,0.967285,0.436523,0.991699
316.000000,600.000000,0.867188,1.000000,0.999023,0.963867,0.435547,0.989258
317.000000,600.000000,0.875000,1.000000,1.000000,0.965332,0.455078,0.989258
318.000000,600.000000,0.869629,1.000000,0.993652,0.964844,0.439453,0.992188
319.000000,600.000000,0.875000,1.000000,1.000000,0.966309,0.454102,0.994141
320.000000,600.000000,0.869141,1.000000,0.998047,0.966309,0.439453,0.989746
321.000000,600.000000,0.873047,1.000000,0.996582,0.961914,0.449219,0.991699
322.000000,600.000000,0.871582,1.000000,0.999512,0.967773,0.448242,0.990234
323.000000,600.000000,0.869629,1.000000,0.999512,0.963379,0.440430,0.992676
324.000000,600.000000,0.873047,1.000000,0.992188,0.967285,0.449219,0.992188
325.000000,600.000000,0.871582,1.000000,0.988281,0.966309,0.446289,0.992676
326.000000,600.000000,0.871582,1.000000,0.999512,0.962402,0.446289,0.984863
327.000000,600.000000,0.871094,1.000000,0.999512,0.967285,0.444336,0.987305
328.000000,600.000000,0.866699,1.000000,0.975586,0.968262,0.433594,0.991699
329.000000,600.000000,0.875488,1.000000,1.000000,0.969238,0.453125,0.994629
330.000000,600.000000,0.862793,1.000000,1.000000,0.964844,0.424805,0.989258
331.000000,600.000000,0.874512,1.000000,1.000000,0.965820,0.451172,0.989258
332.000000,600.000000,0.871582,1.000000,0.998047,0.966309,0.445312,0.992676
333.000000,600.000000,0.867676,0.000000,0.994629,0.963379,0.436523,0.989258
334.000000,600.000000,0.874023,1.000000,0.997559,0.964844,0.453125,0.989258
335.000000,600.000000,0.871582,1.000000,0.990234,0.965820,0.444336,0.991211
336.000000,600.000000,0.869141,1.000000,0.990234,0.966309,0.438477,0.986328
337.000000,600.000000,0.867676,1.000000,1.000000,0.966309,0.434570,0.991699
338.000000,600.000000,0.866211,1.000000,1.000000,0.964355,0.434570,0.990234
339.000000,600.000000,0.866699,1.000000,0.994629,0.966309,0.432617,0.991699
340.000000,600.000000,0.870117,1.000000,0.986328,0.965820,0.440430,0.987305
341.000000,600.000000,0.873535,1.000000,1.000000,0.964355,0.453125,0.988770
342.000000,600.000000,0.870117,1.000000,0.967285,0.965820,0.441406,0.991699
343.000000,600.000000,0.869141,1.000000,0.967285,0.965332,0.440430,0.986328
344.000000,600.000000,0.868164,1.000000,0.991699,0.963379,0.437500,0.993164
345.000000,600.000000,0.867676,1.000000,1.000000,0.966797,0.433594,0.969727
346.000000,600.000000,0.875000,1.000000,0.999023,0.962891,0.455078,0.993652
347.000000,600.000000,0.874512,1.000000,0.990234,0.968262,0.453125,0.986816
348.000000,600.000000,0.870117,1.000000,1.000000,0.966797,0.441406,0.988281
349.000000,600.000000,0.871582,1.000000,0.998047,0.963867,0.445312,0.991699
350.000000,600.000000,0.869629,1.000000,0.995117,0.963379,0.438477,0.986816
351.000000,600.000000,0.874023,1.000000,0.993652,0.963379,0.451172,0.983887
352.000000,600.000000,0.874023,1.000000,0.997070,0.965820,0.452148,0.986328
353.000000,600.000000,0.866211,1.000000,0.994629,0.962402,0.432617,0.988770
354.000000,600.000000,0.868164,1.000000,0.988281,0.966797,0.436523,0.993164
355.000000,600.000000,0.870117,1.000000,0.998535,0.964355,0.439453,0.992676
356.000000,600.000000,0.869629,0.000000,0.999512,0.964844,0.440430,0.983398
357.000000,600.000000,0.874512,1.000000,0.996582,0.967285,0.452148,0.991211
358.000000,600.000000,0.875977,1.000000,0.986328,0.967285,0.455078,0.994629
359.000000,600.000000,0.877441,1.000000,0.997070,0.964355,0.456055,0.982422
360.000000,600.000000,0.868652,1.000000,1.000000,0.965820,0.434570,0.986328
361.000000,600.000000,0.873535,0.000000,0.988770,0.963867,0.450195,0.990723
362.000000,600.000000,0.874023,1.000000,0.993652,0.962891,0.451172,0.992676
363.000000,600.000000,0.869629,1.000000,0.999512,0.961426,0.439453,0.986328
364.000000,600.000000,0.875488,1.000000,0.975586,0.964844,0.457031,0.988281
365.000000,600.000000,0.873047,1.000000,0.996094,0.965332,0.452148,0.988281
366.000000,600.000000,0.869629,1.000000,0.990234,0.965820,0.441406,0.990723
367.000000,600.000000,0.870117,1.000000,1.000000,0.965820,0.440430,0.988281
368.000000,600.000000,0.877930,1.000000,0.997070,0.968750,0.462891,0.988281
369.000000,600.000000,0.871582,1.000000,0.999512,0.966309,0.443359,0.987305
370.000000,600.000000,0.869141,1.000000,1.000000,0.965332,0.439453,0.989258
371.000000,600.000000,0.868652,1.000000,0.983887,0.965820,0.438477,0.990723
372.000000,600.000000,0.867676,1.000000,0.998535,0.968262,0.435547,0.988281
373.000000,600.000000,0.869141,1.000000,1.000000,0.964355,0.440430,0.989746
374.000000,600.000000,0.872559,1.000000,1.000000,0.963867,0.446289,0.991211
375.000000,600.000000,0.869629,1.000000,0.997070,0.964355,0.440430,0.990723
376.000000,600.000000,0.873047,1.000000,0.993652,0.962891,0.448242,0.979980
377.000000,600.000000,0.872559,1.000000,0.998047,0.965332,0.448242,0.991211
378.000000,600.000000,0.877441,1.000000,0.994629,0.965332,0.458984,0.991699
379.000000,600.000000,0.869141,1.000000,0.993652,0.965332,0.443359,0.994141
380.000000,600.000000,0.869141,1.000000,0.996094,0.965820,0.437500,0.992188
381.000000,600.000000,0.867676,1.000000,0.999512,0.968262,0.439453,0.987305
382.000000,600.000000,0.874512,1.000000,1.000000,0.965820,0.451172,0.992188
383.000000,600.000000,0.874023,1.000000,0.999512,0.964844,0.450195,0.992676
384.000000,600.000000,0.872559,1.000000,1.000000,0.963867,0.450195,0.983398
385.000000,600.000000,0.867676,1.000000,0.983887,0.963379,0.435547,0.987305
386.000000,600.000000,0.873047,1.000000,0.997559,0.965820,0.452148,0.992676
387.000000,600.000000,0.869141,1.000000,1.000000,0.964844,0.442383,0.990723
388.000000,600.000000,0.874023,1.000000,0.996094,0.963379,0.452148,0.990723
389.000000,600.000000,0.869629,1.000000,0.996094,0.964844,0.443359,0.991211
390.000000,600.000000,0.871094,1.000000,0.999512,0.967773,0.443359,0.984375
391.000000,600.000000,0.871094,1.000000,0.988770,0.967285,0.444336,0.992676
392.000000,600.000000,0.862305,1.000000,1.000000,0.962402,0.419922,0.991211
393.000000,600.000000,0.871582,1.000000,0.986328,0.965820,0.447266,0.990723
394.000000,600.000000,0.870605,1.000000,0.999512,0.967285,0.443359,0.994141
395.000000,600.000000,0.865723,1.000000,1.000000,0.965332,0.435547,0.991211
396.000000,600.000000,0.871582,1.000000,0.999023,0.967285,0.444336,0.986328
397.000000,600.000000,0.872070,1.000000,0.996582,0.967285,0.446289,0.992188
398.000000,600.000000,0.874023,1.000000,0.998535,0.963379,0.450195,0.991211
399.000000,600.000000,0.872559,1.000000,1.000000,0.968750,0.446289,0.990234
400.000000,600.000000,0.875000,1.000000,0.998535,0.967285,0.452148,0.988281
401.000000,600.000000,0.872070,1.000000,0.999023,0.964844,0.445312,0.991211
402.000000,600.000000,0.871582,1.000000,0.999512,0.964844,0.444336,0.993164
403.000000,600.000000,0.875000,1.000000,0.999023,0.964355,0.454102,0.988770
404.000000,600.000000,0.871094,1.000000,0.996582,0.967773,0.447266,0.991211
405.000000,600.000000,0.870605,1.000000,0.999512,0.966309,0.441406,0.987793
406.000000,600.000000,0.873047,1.000000,0.988770,0.967285,0.448242,0.988770
407.000000,600.000000,0.872559,1.000000,0.997559,0.967285,0.445312,0.993164
408.000000,600.000000,0.871094,1.000000,1.000000,0.962891,0.443359,0.993164
409.000000,600.000000,0.875488,1.000000,0.996582,0.966797,0.454102,0.991699
410.000000,600.000000,0.871094,1.000000,1.000000,0.965332,0.443359,0.989258
411.000000,600.000000,0.866211,1.000000,0.999023,0.967773,0.428711,0.992188
412.000000,600.000000,0.866211,1.000000,0.994629,0.966797,0.430664,0.993164
413.000000,600.000000,0.864746,1.000000,0.988770,0.966797,0.431641,0.985352
414.000000,600.000000,0.867676,1.000000,0.996582,0.967285,0.435547,0.992676
415.000000,600.000000,0.868652,1.000000,0.999023,0.966797,0.435547,0.984375
416.000000,600.000000,0.872559,1.000000,0.978516,0.966797,0.448242,0.988281
417.000000,600.000000,0.874512,1.000000,0.991699,0.965332,0.453125,0.991211
418.000000,600.000000,0.869141,1.000000,0.993652,0.963379,0.439453,0.992188
419.000000,600.000000,0.869141,1.000000,1.000000,0.964844,0.443359,0.992676
420.000000,600.000000,0.872559,1.000000,1.000000,0.964844,0.444336,0.993164
421.000000,600.000000,0.864746,1.000000,0.995117,0.968262,0.428711,0.981934
422.000000,600.000000,0.865234,1.000000,0.998047,0.963867,0.427734,0.992188
423.000000,600.000000,0.869629,0.000000,0.990234,0.962402,0.442383,0.990234
424.000000,600.000000,0.871582,1.000000,0.992188,0.963867,0.445312,0.985840
425.000000,600.000000,0.865234,1.000000,0.991699,0.967285,0.429688,0.989746
426.000000,600.000000,0.866211,1.000000,0.999512,0.962891,0.431641,0.986816
427.000000,600.000000,0.874512,1.000000,0.999512,0.965820,0.452148,0.974609
428.000000,600.000000,0.875000,1.000000,0.997559,0.963867,0.451172,0.985840
429.000000,600.000000,0.870117,1.000000,0.995117,0.967773,0.442383,0.992676
430.000000,600.000000,0.868652,1.000000,0.997070,0.967285,0.437500,0.992188
431.000000,600.000000,0.863770,1.000000,0.993652,0.960938,0.426758,0.991699
432.000000,600.000000,0.868652,1.000000,0.999512,0.963867,0.435547,0.988770
433.000000,600.000000,0.870605,1.000000,1.000000,0.964844,0.444336,0.984863
434.000000,600.000000,0.869629,1.000000,0.988281,0.963379,0.441406,0.992676
435.000000,600.000000,0.875000,1.000000,0.995117,0.967773,0.455078,0.989258
436.000000,600.000000,0.864746,1.000000,0.992188,0.965332,0.430664,0.983887
437.000000,600.000000,0.867676,1.000000,0.997559,0.965820,0.436523,0.988281
438.000000,600.000000,0.873535,1.000000,1.000000,0.962402,0.449219,0.994629
439.000000,600.000000,0.873535,1.000000,0.997070,0.966797,0.451172,0.993164
440.000000,600.000000,0.867676,1.000000,0.996582,0.965820,0.435547,0.988281
441.000000,600.000000,0.874023,1.000000,0.999512,0.964844,0.452148,0.993652
442.000000,600.000000,0.868164,1.000000,0.999512,0.965820,0.435547,0.992676
443.000000,600.000000,0.869141,1.000000,0.999512,0.966797,0.438477,0.993164
444.000000,600.000000,0.865234,1.000000,0.999512,0.966309,0.434570,0.992188
445.000000,600.000000,0.871582,1.000000,0.998047,0.965332,0.444336,0.984863
446.000000,600.000000,0.874023,1.000000,1.000000,0.964844,0.451172,0.994629
447.000000,600.000000,0.868164,1.000000,0.988281,0.965332,0.435547,0.984375
448.000000,600.000000,0.865234,1.000000,0.996094,0.963867,0.431641,0.991211
449.000000,600.000000,0.869629,1.000000,0.991699,0.963379,0.439453,0.993164
450.000000,600.000000,0.873535,0.000000,0.978516,0.966797,0.447266,0.989258
451.000000,600.000000,0.868164,1.000000,0.997070,0.961914,0.435547,0.990723
452.000000,600.000000,0.869141,1.000000,0.998535,0.964355,0.440430,0.988281
453.000000,600.000000,0.865723,1.000000,0.999023,0.965820,0.431641,0.988770
454.000000,600.000000,0.872559,1.000000,0.993652,0.967285,0.447266,0.992188
455.000000,600.000000,0.868652,1.000000,1.000000,0.965332,0.438477,0.990723
456.000000,600.000000,0.865234,1.000000,0.998047,0.963867,0.425781,0.992188
457.000000,600.000000,0.876953,1.000000,0.999023,0.964355,0.458984,0.993652
458.000000,600.000000,0.869141,1.000000,0.998047,0.967773,0.438477,0.990234
459.000000,600.000000,0.868164,1.000000,0.996582,0.966309,0.437500,0.992188
460.000000,600.000000,0.868164,0.000000,0.991699,0.963867,0.438477,0.993164
461.000000,600.000000,0.872070,1.000000,1.000000,0.969238,0.447266,0.994141
462.000000,600.000000,0.869629,1.000000,0.998535,0.967773,0.443359,0.993652
463.000000,600.000000,0.872070,1.000000,0.997070,0.964844,0.448242,0.989258
464.000000,600.000000,0.873047,1.000000,1.000000,0.965332,0.448242,0.991699
465.000000,600.000000,0.870117,1.000000,1.000000,0.960938,0.442383,0.987793
466.000000,600.000000,0.871094,1.000000,0.997070,0.964355,0.444336,0.992188
467.000000,600.000000,0.866699,1.000000,0.991699,0.962402,0.433594,0.987793
468.000000,600.000000,0.874512,1.000000,1.000000,0.966309,0.455078,0.987305
469.000000,600.000000,0.869629,1.000000,0.996582,0.961426,0.443359,0.992188
470.000000,600.000000,0.868652,1.000000,0.996582,0.964355,0.438477,0.984375
471.000000,600.000000,0.872070,1.000000,0.993652,0.964355,0.447266,0.989258
472.000000,600.000000,0.873535,1.000000,0.999023,0.967285,0.451172,0.992676
473.000000,600.000000,0.869141,1.000000,1.000000,0.964844,0.439453,0.981934
474.000000,600.000000,0.872559,1.000000,1.000000,0.966309,0.447266,0.993652
475.000000,600.000000,0.869629,1.000000,0.980957,0.963867,0.440430,0.985352
476.000000,600.000000,0.871094,1.000000,0.997559,0.964844,0.440430,0.988281
477.000000,600.000000,0.873047,1.000000,0.998535,0.965332,0.449219,0.988281
478.000000,600.000000,0.872070,1.000000,0.999023,0.965820,0.447266,0.993164
479.000000,600.000000,0.868164,1.000000,0.997559,0.967285,0.436523,0.987793
480.000000,600.000000,0.864258,1.000000,0.983887,0.969727,0.426758,0.992676
481.000000,600.000000,0.869141,1.000000,1.000000,0.965332,0.439453,0.985352
482.000000,600.000000,0.873047,1.000000,0.999023,0.964355,0.447266,0.989258
483.000000,600.000000,0.867676,1.000000,0.997559,0.968750,0.437500,0.990723
484.000000,600.000000,0.870117,1.000000,0.997070,0.964844,0.439453,0.985352
485.000000,600.000000,0.874512,1.000000,0.996582,0.966309,0.452148,0.993164
486.000000,600.000000,0.864258,1.000000,0.984375,0.964844,0.427734,0.989746
487.000000,600.000000,0.872070,1.000000,1.000000,0.964844,0.446289,0.988770
488.000000,600.000000,0.864746,0.000000,0.998535,0.965820,0.429688,0.985352
489.000000,600.000000,0.873535,1.000000,0.988281,0.968750,0.451172,0.990234
490.000000,600.000000,0.872559,1.000000,0.999512,0.965820,0.448242,0.985352
491.000000,600.000000,0.875000,1.000000,1.000000,0.963867,0.455078,0.984375
492.000000,600.000000,0.867676,1.000000,0.999023,0.966309,0.435547,0.991211
493.000000,600.000000,0.866211,1.000000,0.996582,0.968262,0.432617,0.990723
494.000000,600.000000,0.868652,1.000000,0.980957,0.964355,0.439453,0.987305
495.000000,600.000000,0.870605,1.000000,0.998047,0.959473,0.442383,0.992188
496.000000,600.000000,0.868652,1.000000,0.997070,0.964844,0.434570,0.992188
497.000000,600.000000,0.873535,1.000000,1.000000,0.965820,0.454102,0.991699
498.000000,600.000000,0.875488,1.000000,0.999512,0.967773,0.453125,0.990723
499.000000,600.000000,0.873047,1.000000,0.990234,0.969727,0.447266,0.989746
500.000000,600.000000,0.869629,1.000000,0.999512,0.965820,0.444336,0.987793
501.000000,600.000000,0.868164,1.000000,0.996094,0.964355,0.439453,0.985352
502.000000,600.000000,0.871582,1.000000,0.992188,0.963379,0.444336,0.992188
503.000000,600.000000,0.870117,1.000000,0.995117,0.963379,0.444336,0.992188
504.000000,600.000000,0.872070,1.000000,0.999512,0.967285,0.450195,0.986328
505.000000,600.000000,0.872559,1.000000,0.999023,0.962402,0.447266,0.992676
506.000000,600.000000,0.870605,1.000000,0.985840,0.962891,0.443359,0.988770
507.000000,600.000000,0.879883,1.000000,0.990234,0.967773,0.465820,0.991211
508.000000,600.000000,0.867676,1.000000,0.999512,0.967285,0.435547,0.991699
509.000000,600.000000,0.867188,1.000000,0.999512,0.965332,0.437500,0.989258
510.000000,600.000000,0.867676,0.000000,1.000000,0.968262,0.434570,0.984863
511.000000,600.000000,0.870605,1.000000,0.999512,0.966797,0.444336,0.994629
512.000000,600.000000,0.872070,1.000000,0.996094,0.964844,0.447266,0.992676
513.000000,600.000000,0.875977,1.000000,0.998535,0.962402,0.455078,0.988281
514.000000,600.000000,0.869629,1.000000,0.984375,0.967285,0.441406,0.990234
515.000000,600.000000,0.870605,1.000000,0.980957,0.967285,0.442383,0.992676
516.000000,600.000000,0.872070,1.000000,0.999023,0.965332,0.446289,0.992676
517.000000,600.000000,0.875000,1.000000,0.999512,0.966309,0.454102,0.989258
518.000000,600.000000,0.876465,1.000000,0.992188,0.961914,0.458008,0.993164
519.000000,600.000000,0.869141,1.000000,0.993652,0.962891,0.438477,0.983887
520.000000,600.000000,0.867676,1.000000,1.000000,0.966309,0.436523,0.992676
521.000000,600.000000,0.869141,1.000000,0.999023,0.964355,0.440430,0.985352
522.000000,600.000000,0.874512,1.000000,0.998535,0.969727,0.453125,0.986816
523.000000,600.000000,0.871094,1.000000,1.000000,0.964355,0.444336,0.987793
524.000000,600.000000,0.869629,1.000000,0.999023,0.965332,0.442383,0.992676
525.000000,600.000000,0.870605,1.000000,0.995117,0.964844,0.443359,0.992676
526.000000,600.000000,0.873047,1.000000,1.000000,0.964355,0.451172,0.990723
527.000000,600.000000,0.867676,1.000000,1.000000,0.961914,0.436523,0.988770
528.000000,600.000000,0.866699,1.000000,0.983887,0.964844,0.432617,0.987793
529.000000,600.000000,0.867188,1.000000,0.992188,0.965332,0.436523,0.991699
530.000000,600.000000,0.868652,1.000000,0.996094,0.964355,0.439453,0.992676
531.000000,600.000000,0.866211,1.000000,0.994629,0.966309,0.433594,0.988770
532.000000,600.000000,0.871582,1.000000,1.000000,0.964355,0.442383,0.992676
533.000000,600.000000,0.867188,1.000000,1.000000,0.966797,0.432617,0.982910
534.000000,600.000000,0.867676,1.000000,0.978516,0.967285,0.436523,0.984375
535.000000,600.000000,0.872070,1.000000,0.999512,0.962402,0.445312,0.986328
536.000000,600.000000,0.871582,1.000000,0.992188,0.966797,0.448242,0.992188
537.000000,600.000000,0.871094,1.000000,0.995117,0.963867,0.444336,0.994141
538.000000,600.000000,0.871094,1.000000,0.994629,0.964355,0.446289,0.985840
539.000000,600.000000,0.869141,1.000000,0.999023,0.967773,0.439453,0.987305
540.000000,600.000000,0.874512,1.000000,1.000000,0.966797,0.452148,0.992188
541.000000,600.000000,0.867676,1.000000,0.984375,0.964355,0.436523,0.984375
542.000000,600.000000,0.871094,1.000000,0.999512,0.963867,0.445312,0.990723
543.000000,600.000000,0.868164,1.000000,1.000000,0.963379,0.437500,0.993652
544.000000,600.000000,0.870117,1.000000,0.997070,0.959961,0.445312,0.986816
545.000000,600.000000,0.870117,1.000000,0.966309,0.966797,0.443359,0.987305
546.000000,600.000000,0.864746,1.000000,1.000000,0.959961,0.431641,0.993652
547.000000,600.000000,0.872070,1.000000,0.997070,0.967773,0.446289,0.990723
548.000000,600.000000,0.862793,1.000000,0.996094,0.966309,0.424805,0.991699
549.000000,600.000000,0.874512,1.000000,0.999512,0.964844,0.453125,0.992188
550.000000,600.000000,0.867188,0.000000,0.999023,0.967285,0.433594,0.991211
551.000000,600.000000,0.864258,1.000000,1.000000,0.961914,0.428711,0.984375
552.000000,600.000000,0.866699,1.000000,1.000000,0.962891,0.432617,0.988281
553.000000,600.000000,0.869629,1.000000,0.969727,0.963379,0.443359,0.989258
554.000000,600.000000,0.873535,1.000000,0.983887,0.965332,0.451172,0.985352
555.000000,600.000000,0.870117,1.000000,0.994629,0.964844,0.441406,0.991211
556.000000,600.000000,0.876953,1.000000,0.990234,0.961914,0.458008,0.993652
557.000000,600.000000,0.868164,1.000000,0.999023,0.965332,0.437500,0.986328
558.000000,600.000000,0.874512,1.000000,0.986328,0.961914,0.453125,0.992188
559.000000,600.000000,0.870605,1.000000,0.978516,0.967285,0.443359,0.995117
560.000000,600.000000,0.872559,0.000000,0.999512,0.963867,0.447266,0.989258
561.000000,600.000000,0.870117,1.000000,0.999512,0.963379,0.439453,0.992676
562.000000,600.000000,0.869141,1.000000,0.998535,0.968750,0.439453,0.991211
563.000000,600.000000,0.864258,1.000000,0.993652,0.965332,0.429688,0.993164
564.000000,600.000000,0.872559,1.000000,0.997070,0.964355,0.448242,0.992676
565.000000,600.000000,0.866211,1.000000,1.000000,0.968262,0.433594,0.993652
566.000000,600.000000,0.871094,1.000000,0.991699,0.964844,0.442383,0.988770
567.000000,600.000000,0.874023,1.000000,0.996094,0.966797,0.453125,0.982910
568.000000,600.000000,0.873047,1.000000,0.990234,0.966309,0.448242,0.987793
569.000000,600.000000,0.867676,1.000000,0.993652,0.965332,0.437500,0.993164
570.000000,600.000000,0.871582,1.000000,1.000000,0.965820,0.447266,0.993652
571.000000,600.000000,0.870605,1.000000,1.000000,0.965820,0.443359,0.990723
572.000000,600.000000,0.869629,1.000000,0.999023,0.964844,0.443359,0.994141
573.000000,600.000000,0.869141,1.000000,0.998535,0.964844,0.437500,0.993164
574.000000,600.000000,0.873535,1.000000,0.981934,0.963379,0.451172,0.991211
575.000000,600.000000,0.868652,1.000000,0.993652,0.964355,0.439453,0.989746
576.000000,600.000000,0.873047,1.000000,0.993652,0.964355,0.448242,0.989746
577.000000,600.000000,0.868164,1.000000,0.999512,0.963379,0.435547,0.992676
578.000000,600.000000,0.875488,1.000000,0.997559,0.964844,0.454102,0.992676
579.000000,600.000000,0.870605,1.000000,0.967285,0.967285,0.442383,0.993164
580.000000,600.000000,0.875488,1.000000,0.990234,0.966309,0.454102,0.990234
581.000000,600.000000,0.873047,1.000000,0.996094,0.964355,0.447266,0.991699
582.000000,600.000000,0.866699,1.000000,0.999023,0.964844,0.436523,0.985840
583.000000,600.000000,0.868652,1.000000,0.998047,0.966309,0.438477,0.993164
584.000000,600.000000,0.870605,1.000000,0.992188,0.964355,0.445312,0.992676
585.000000,600.000000,0.873047,1.000000,0.986328,0.967773,0.452148,0.991699
586.000000,600.000000,0.875000,1.000000,0.999023,0.966797,0.454102,0.993164
587.000000,600.000000,0.872070,1.000000,0.998535,0.962402,0.448242,0.989258
588.000000,600.000000,0.867676,1.000000,0.993652,0.967773,0.437500,0.991211
589.000000,600.000000,0.863281,1.000000,0.994629,0.965332,0.425781,0.985352
590.000000,600.000000,0.872559,1.000000,0.999512,0.964844,0.449219,0.990234
591.000000,600.000000,0.874023,1.000000,1.000000,0.958496,0.451172,0.990234
592.000000,600.000000,0.864258,1.000000,1.000000,0.965820,0.430664,0.984863
593.000000,600.000000,0.867676,1.000000,0.999023,0.968750,0.437500,0.992676
594.000000,600.000000,0.867676,1.000000,0.988770,0.963379,0.432617,0.991211
595.000000,600.000000,0.873535,1.000000,0.998047,0.968750,0.448242,0.989746
596.000000,600.000000,0.870605,1.000000,0.998047,0.965332,0.442383,0.992188
597.000000,600.000000,0.869141,1.000000,0.999023,0.965332,0.441406,0.992188
598.000000,600.000000,0.873047,1.000000,0.999512,0.964844,0.450195,0.988281
599.000000,600.000000,0.867188,1.000000,0.999023,0.965332,0.434570,0.989746
600.000000,600.000000,0.867676,0.000000,0.990234,0.962402,0.434570,0.985840
601.000000,600.000000,0.867188,1.000000,0.990234,0.967773,0.437500,0.989258
602.000000,600.000000,0.864746,1.000000,0.999512,0.965332,0.430664,0.992188
603.000000,600.000000,0.875488,1.000000,0.996582,0.966309,0.454102,0.989258
604.000000,600.000000,0.866211,1.000000,0.985840,0.967285,0.430664,0.991211
605.000000,600.000000,0.868652,1.000000,1.000000,0.964844,0.437500,0.990234
606.000000,600.000000,0.872070,1.000000,0.985840,0.963379,0.445312,0.991699
607.000000,600.000000,0.872559,1.000000,0.970215,0.965332,0.446289,0.992188
608.000000,600.000000,0.868652,1.000000,0.997070,0.968750,0.437500,0.990234
609.000000,600.000000,0.870117,0.000000,0.993652,0.964355,0.442383,0.993652
610.000000,600.000000,0.868164,1.000000,0.993652,0.966309,0.438477,0.981445
611.000000,600.000000,0.875000,1.000000,1.000000,0.961914,0.456055,0.989258
612.000000,600.000000,0.871582,1.000000,1.000000,0.967773,0.445312,0.992676
613.000000,600.000000,0.869629,1.000000,0.999023,0.966309,0.441406,0.993652
614.000000,600.000000,0.872070,1.000000,1.000000,0.968750,0.447266,0.993164
615.000000,600.000000,0.866211,1.000000,1.000000,0.966309,0.430664,0.983887
616.000000,600.000000,0.871094,1.000000,0.996582,0.963379,0.442383,0.994141
617.000000,600.000000,0.868652,1.000000,0.999023,0.965820,0.438477,0.984863
618.000000,600.000000,0.875488,1.000000,0.997559,0.961426,0.456055,0.982910
619.000000,600.000000,0.868652,1.000000,0.998535,0.968262,0.438477,0.992188
620.000000,600.000000,0.870117,0.000000,0.986328,0.967285,0.441406,0.992676
621.000000,600.000000,0.870605,1.000000,0.996094,0.967285,0.442383,0.985840
622.000000,600.000000,0.873535,1.000000,1.000000,0.968262,0.449219,0.989746
623.000000,600.000000,0.868164,1.000000,0.996582,0.967773,0.437500,0.992676
624.000000,600.000000,0.869141,1.000000,0.978516,0.963867,0.437500,0.991211
625.000000,600.000000,0.873047,1.000000,1.000000,0.965332,0.448242,0.990234
626.000000,600.000000,0.876465,1.000000,0.999512,0.961914,0.459961,0.992188
627.000000,600.000000,0.872559,1.000000,1.000000,0.963379,0.446289,0.993652
628.000000,600.000000,0.870117,1.000000,0.997559,0.964844,0.442383,0.989746
629.000000,600.000000,0.869629,1.000000,0.995117,0.969727,0.443359,0.992188
630.000000,600.000000,0.870605,1.000000,0.990234,0.966309,0.443359,0.990234
631.000000,600.000000,0.873047,1.000000,0.999023,0.965332,0.449219,0.988770
632.000000,600.000000,0.875000,1.000000,0.990234,0.965820,0.451172,0.992676
633.000000,600.000000,0.865234,1.000000,1.000000,0.966309,0.430664,0.989746
634.000000,600.000000,0.871094,1.000000,1.000000,0.966797,0.447266,0.993164
635.000000,600.000000,0.877930,1.000000,0.999512,0.964844,0.461914,0.992676
636.000000,600.000000,0.865234,1.000000,0.997559,0.966309,0.431641,0.992188
637.000000,600.000000,0.871094,1.000000,0.991699,0.968750,0.443359,0.990234
638.000000,600.000000,0.871094,1.000000,0.993652,0.968262,0.443359,0.986816
639.000000,600.000000,0.871094,1.000000,0.997070,0.965820,0.445312,0.994141
640.000000,600.000000,0.865723,1.000000,0.998047,0.965820,0.431641,0.993652
641.000000,600.000000,0.874512,1.000000,0.999512,0.965332,0.452148,0.987793
642.000000,600.000000,0.869141,1.000000,1.000000,0.964844,0.439453,0.987305
643.000000,600.000000,0.874023,1.000000,0.996582,0.967773,0.452148,0.992188
644.000000,600.000000,0.865234,1.000000,0.999512,0.968750,0.429688,0.990723
645.000000,600.000000,0.868652,1.000000,0.995117,0.965820,0.438477,0.993164
646.000000,600.000000,0.868164,1.000000,1.000000,0.968262,0.436523,0.983887
647.000000,600.000000,0.872070,1.000000,0.999023,0.965820,0.448242,0.989258
648.000000,600.000000,0.871094,1.000000,0.999023,0.965332,0.446289,0.990234
649.000000,600.000000,0.866211,1.000000,0.993652,0.965332,0.431641,0.990723
650.000000,600.000000,0.874023,1.000000,0.990234,0.966309,0.451172,0.992188
651.000000,600.000000,0.867188,1.000000,0.990234,0.964355,0.436523,0.993652
652.000000,600.000000,0.871582,1.000000,0.980957,0.965820,0.446289,0.992188
653.000000,600.000000,0.875977,1.000000,1.000000,0.964844,0.458008,0.995117
654.000000,600.000000,0.869141,1.000000,0.993652,0.962891,0.438477,0.993164
655.000000,600.000000,0.869629,1.000000,0.996094,0.966309,0.440430,0.986816
656.000000,600.000000,0.867676,1.000000,1.000000,0.962891,0.434570,0.988770
657.000000,600.000000,0.872559,1.000000,0.988281,0.965332,0.449219,0.991699
658.000000,600.000000,0.872559,1.000000,0.994629,0.964844,0.446289,0.984863
659.000000,600.000000,0.876953,1.000000,0.978516,0.967285,0.459961,0.991699
660.000000,600.000000,0.866211,1.000000,0.997070,0.964355,0.429688,0.993164
661.000000,600.000000,0.864258,1.000000,0.999023,0.963379,0.426758,0.992676
662.000000,600.000000,0.874512,1.000000,0.999023,0.963379,0.451172,0.986816
663.000000,600.000000,0.869629,0.000000,0.999512,0.965820,0.441406,0.991699
664.000000,600.000000,0.872559,1.000000,0.997070,0.966797,0.447266,0.989746
665.000000,600.000000,0.872070,1.000000,0.999512,0.964355,0.447266,0.993164
666.000000,600.000000,0.876465,1.000000,1.000000,0.965820,0.458984,0.988281
667.000000,600.000000,0.873047,1.000000,0.999512,0.963379,0.449219,0.992676
668.000000,600.000000,0.868164,1.000000,1.000000,0.967285,0.435547,0.993164
669.000000,600.000000,0.870117,1.000000,0.999512,0.964355,0.443359,0.975098
670.000000,600.000000,0.871094,1.000000,0.988281,0.965332,0.445312,0.984863
671.000000,600.000000,0.861816,1.000000,0.999512,0.965332,0.422852,0.988770
672.000000,600.000000,0.872559,1.000000,0.997070,0.964844,0.444336,0.989258
673.000000,600.000000,0.864746,1.000000,0.995117,0.965820,0.428711,0.993164
674.000000,600.000000,0.871094,1.000000,0.997559,0.969238,0.443359,0.990723
675.000000,600.000000,0.872070,1.000000,0.996582,0.964844,0.448242,0.991211
676.000000,600.000000,0.865723,0.000000,0.988281,0.964844,0.432617,0.990234
677.000000,600.000000,0.869141,1.000000,0.999023,0.962891,0.443359,0.992676
678.000000,600.000000,0.871094,1.000000,0.998047,0.967285,0.446289,0.994141
679.000000,600.000000,0.874023,0.000000,0.997070,0.965332,0.453125,0.980469
680.000000,600.000000,0.876953,1.000000,0.998535,0.967285,0.458008,0.985352
681.000000,600.000000,0.864258,1.000000,0.996582,0.967773,0.430664,0.988281
682.000000,600.000000,0.867188,1.000000,0.976562,0.968262,0.433594,0.993164
683.000000,600.000000,0.872070,1.000000,0.980957,0.965820,0.446289,0.991699
684.000000,600.000000,0.867676,1.000000,0.998535,0.964355,0.436523,0.990723
685.000000,600.000000,0.870605,1.000000,1.000000,0.967285,0.444336,0.988281
686.000000,600.000000,0.878906,1.000000,0.997070,0.961914,0.461914,0.994141
687.000000,600.000000,0.870117,1.000000,1.000000,0.964844,0.445312,0.984863
688.000000,600.000000,0.873535,1.000000,0.997070,0.965820,0.451172,0.994141
689.000000,600.000000,0.873535,1.000000,0.983887,0.966309,0.448242,0.987793
690.000000,600.000000,0.869141,1.000000,0.999512,0.966309,0.438477,0.988770
691.000000,600.000000,0.872070,1.000000,0.985840,0.966797,0.446289,0.983887
692.000000,600.000000,0.877441,0.000000,0.995117,0.963379,0.460938,0.993164
693.000000,600.000000,0.866211,1.000000,0.988770,0.966309,0.430664,0.989746
694.000000,600.000000,0.871582,1.000000,0.996582,0.960449,0.444336,0.989258
695.000000,600.000000,0.871094,1.000000,0.997559,0.969727,0.443359,0.985840
696.000000,600.000000,0.857910,1.000000,1.000000,0.963867,0.415039,0.988281
697.000000,600.000000,0.873047,1.000000,0.991699,0.966797,0.448242,0.989746
698.000000,600.000000,0.869141,1.000000,0.994629,0.963867,0.438477,0.992188
699.000000,600.000000,0.870117,1.000000,1.000000,0.964355,0.442383,0.989258
700.000000,600.000000,0.870117,1.000000,0.991699,0.964844,0.439453,0.988770
701.000000,600.000000,0.863770,1.000000,0.998535,0.967773,0.423828,0.990723
702.000000,600.000000,0.871582,1.000000,0.984375,0.964844,0.446289,0.992188
703.000000,600.000000,0.872070,1.000000,0.972656,0.961426,0.448242,0.992676
704.000000,600.000000,0.867188,1.000000,0.997070,0.967285,0.434570,0.995117
705.000000,600.000000,0.869141,0.000000,0.997559,0.964844,0.436523,0.990234
706.000000,600.000000,0.875488,1.000000,0.981934,0.965820,0.456055,0.991699
707.000000,600.000000,0.867676,1.000000,1.000000,0.962402,0.434570,0.989258
708.000000,600.000000,0.867676,1.000000,0.993652,0.963867,0.435547,0.991211
709.000000,600.000000,0.873047,1.000000,1.000000,0.966797,0.448242,0.992676
710.000000,600.000000,0.872070,1.000000,0.997559,0.966309,0.447266,0.982422
711.000000,600.000000,0.873047,1.000000,0.992188,0.967773,0.450195,0.988281
712.000000,600.000000,0.866211,1.000000,0.998535,0.968750,0.431641,0.991211
713.000000,600.000000,0.875000,1.000000,0.998047,0.963379,0.455078,0.989746
714.000000,600.000000,0.871582,1.000000,1.000000,0.967773,0.443359,0.991211
715.000000,600.000000,0.868164,1.000000,0.993652,0.963867,0.435547,0.985840
716.000000,600.000000,0.869141,1.000000,1.000000,0.963379,0.442383,0.991211
717.000000,600.000000,0.872070,1.000000,1.000000,0.965332,0.447266,0.986328
718.000000,600.000000,0.865723,1.000000,0.999023,0.968262,0.434570,0.992188
719.000000,600.000000,0.870605,1.000000,0.991699,0.965820,0.443359,0.993652
720.000000,600.000000,0.875000,1.000000,0.999512,0.965332,0.458008,0.993164
721.000000,600.000000,0.872559,1.000000,0.999512,0.961914,0.449219,0.991211
722.000000,600.000000,0.867676,1.000000,0.992188,0.965332,0.433594,0.993164
723.000000,600.000000,0.874023,1.000000,0.996094,0.969238,0.453125,0.993164
724.000000,600.000000,0.869629,1.000000,0.985840,0.961914,0.440430,0.987793
725.000000,600.000000,0.869629,1.000000,0.990234,0.966797,0.442383,0.988770
726.000000,600.000000,0.873047,1.000000,0.996582,0.964844,0.447266,0.992188
727.000000,600.000000,0.868652,1.000000,1.000000,0.967285,0.441406,0.992188
728.000000,600.000000,0.875000,1.000000,1.000000,0.964844,0.458008,0.993164
729.000000,600.000000,0.875977,1.000000,0.999023,0.964844,0.455078,0.992676
730.000000,600.000000,0.865234,1.000000,0.999023,0.968750,0.429688,0.991211
731.000000,600.000000,0.877930,1.000000,1.000000,0.966309,0.460938,0.992676
732.000000,600.000000,0.869629,1.000000,0.999512,0.964844,0.443359,0.992188
733.000000,600.000000,0.864258,1.000000,1.000000,0.961914,0.428711,0.990234
734.000000,600.000000,0.868652,1.000000,0.999512,0.967773,0.438477,0.991211
735.000000,600.000000,0.871582,1.000000,0.988281,0.963867,0.448242,0.994141
736.000000,600.000000,0.869141,1.000000,0.999512,0.966797,0.440430,0.988770
737.000000,600.000000,0.870605,0.000000,0.983887,0.966309,0.444336,0.990723
738.000000,600.000000,0.872070,1.000000,0.999023,0.965332,0.449219,0.993164
739.000000,600.000000,0.871582,1.000000,0.993652,0.967773,0.446289,0.993652
740.000000,600.000000,0.870117,1.000000,0.999023,0.966797,0.445312,0.987793
741.000000,600.000000,0.869629,1.000000,0.990234,0.967285,0.442383,0.993164
742.000000,600.000000,0.875000,1.000000,0.998535,0.967285,0.453125,0.988281
743.000000,600.000000,0.873535,1.000000,0.981934,0.964844,0.450195,0.992676
744.000000,600.000000,0.871094,1.000000,0.992188,0.966797,0.444336,0.994629
745.000000,600.000000,0.869141,1.000000,0.998047,0.966797,0.438477,0.993164
746.000000,600.000000,0.872559,1.000000,0.999512,0.965820,0.447266,0.991699
747.000000,600.000000,0.871582,1.000000,0.996582,0.965332,0.447266,0.982910
748.000000,600.000000,0.860352,1.000000,0.999512,0.967773,0.418945,0.989746
749.000000,600.000000,0.864746,1.000000,0.990234,0.968750,0.429688,0.992188
750.000000,600.000000,0.875977,1.000000,0.993652,0.964844,0.455078,0.989746
751.000000,600.000000,0.868652,1.000000,0.988281,0.967285,0.440430,0.993164
752.000000,600.000000,0.871094,1.000000,0.995117,0.969238,0.444336,0.991211
753.000000,600.000000,0.872559,1.000000,1.000000,0.967285,0.444336,0.991699
754.000000,600.000000,0.874023,1.000000,0.996094,0.965820,0.452148,0.986328
755.000000,600.000000,0.867676,1.000000,0.998535,0.964355,0.435547,0.989258
756.000000,600.000000,0.870117,1.000000,0.999512,0.967285,0.443359,0.991211
757.000000,600.000000,0.869629,1.000000,0.993652,0.965332,0.440430,0.990234
758.000000,600.000000,0.873535,0.000000,0.999023,0.959473,0.450195,0.990234
759.000000,600.000000,0.867676,1.000000,0.999023,0.965820,0.436523,0.994141
760.000000,600.000000,0.870605,1.000000,1.000000,0.967285,0.445312,0.991699
761.000000,600.000000,0.875977,1.000000,0.978516,0.966309,0.456055,0.992188
762.000000,600.000000,0.866211,1.000000,0.999023,0.966797,0.428711,0.992188
763.000000,600.000000,0.871582,1.000000,0.978516,0.963867,0.445312,0.992676
764.000000,600.000000,0.863770,1.000000,0.993652,0.966797,0.423828,0.991699
765.000000,600.000000,0.867188,1.000000,1.000000,0.965332,0.435547,0.991699
766.000000,600.000000,0.869629,1.000000,1.000000,0.965820,0.439453,0.987305
767.000000,600.000000,0.872559,1.000000,0.996582,0.961426,0.449219,0.990234
768.000000,600.000000,0.865234,1.000000,1.000000,0.966797,0.429688,0.987793
769.000000,600.000000,0.872559,1.000000,1.000000,0.967285,0.447266,0.990723
770.000000,600.000000,0.868164,1.000000,0.985840,0.967285,0.437500,0.994629
771.000000,600.000000,0.872070,1.000000,0.998535,0.962402,0.447266,0.990234
772.000000,600.000000,0.869141,1.000000,0.997559,0.963379,0.439453,0.993164
773.000000,600.000000,0.870117,1.000000,1.000000,0.965332,0.442383,0.992188
774.000000,600.000000,0.870117,1.000000,0.999512,0.967773,0.442383,0.993164
775.000000,600.000000,0.870605,1.000000,0.997559,0.962891,0.442383,0.987305
776.000000,600.000000,0.873047,1.000000,0.997559,0.967773,0.452148,0.992676
777.000000,600.000000,0.870117,1.000000,0.996582,0.965820,0.443359,0.992676
778.000000,600.000000,0.869629,1.000000,0.998535,0.965332,0.436523,0.990723
779.000000,600.000000,0.874023,1.000000,0.988281,0.964844,0.451172,0.992676
780.000000,600.000000,0.872070,1.000000,0.999512,0.965820,0.446289,0.993164
781.000000,600.000000,0.871094,1.000000,0.994629,0.964844,0.440430,0.989746
782.000000,600.000000,0.878906,1.000000,1.000000,0.962891,0.463867,0.993164
783.000000,600.000000,0.872070,1.000000,0.996094,0.964355,0.447266,0.990723
784.000000,600.000000,0.866211,0.000000,0.996094,0.966797,0.433594,0.990723
785.000000,600.000000,0.870117,1.000000,0.995117,0.962402,0.441406,0.987305
786.000000,600.000000,0.873047,1.000000,1.000000,0.965332,0.448242,0.993164
787.000000,600.000000,0.871582,1.000000,0.999512,0.968750,0.445312,0.992676
788.000000,600.000000,0.869629,1.000000,0.993652,0.962891,0.442383,0.979004
789.000000,600.000000,0.868652,1.000000,0.997559,0.964844,0.439453,0.990723
790.000000,600.000000,0.874023,1.000000,0.996094,0.968750,0.450195,0.990234
791.000000,600.000000,0.871094,1.000000,0.984375,0.966309,0.442383,0.990723
792.000000,600.000000,0.871582,1.000000,0.988770,0.966797,0.445312,0.992188
793.000000,600.000000,0.871094,1.000000,0.997559,0.966309,0.443359,0.991699
794.000000,600.000000,0.870117,1.000000,1.000000,0.967773,0.440430,0.988281
795.000000,600.000000,0.875000,1.000000,0.997559,0.966309,0.455078,0.992676
796.000000,600.000000,0.870605,1.000000,0.998047,0.967285,0.443359,0.986816
797.000000,600.000000,0.868164,1.000000,0.991699,0.965820,0.437500,0.990723
798.000000,600.000000,0.871094,1.000000,0.996582,0.965820,0.445312,0.994141
799.000000,600.000000,0.868652,1.000000,0.998535,0.967285,0.437500,0.988770
800.000000,600.000000,0.866699,1.000000,0.996094,0.964355,0.437500,0.978516
801.000000,600.000000,0.874023,1.000000,0.999023,0.968262,0.450195,0.992676
802.000000,600.000000,0.871582,1.000000,1.000000,0.964355,0.447266,0.984375
803.000000,600.000000,0.874023,1.000000,0.997070,0.969238,0.451172,0.994141
804.000000,600.000000,0.871094,1.000000,0.994629,0.965820,0.442383,0.987793
805.000000,600.000000,0.869629,1.000000,0.999023,0.968262,0.441406,0.994141
806.000000,600.000000,0.872559,1.000000,0.985840,0.965820,0.447266,0.986816
807.000000,600.000000,0.871582,0.000000,0.999023,0.964355,0.447266,0.990723
808.000000,600.000000,0.875488,1.000000,0.998535,0.961426,0.454102,0.989258
809.000000,600.000000,0.868164,0.000000,0.988281,0.963867,0.438477,0.993164
810.000000,600.000000,0.874512,0.000000,0.996094,0.965332,0.454102,0.992188
811.000000,600.000000,0.869629,1.000000,0.969727,0.966797,0.440430,0.990234
812.000000,600.000000,0.868652,1.000000,0.985840,0.965332,0.438477,0.989258
813.000000,600.000000,0.867676,1.000000,0.992188,0.966309,0.436523,0.993164
814.000000,600.000000,0.872559,1.000000,1.000000,0.966797,0.450195,0.986328
815.000000,600.000000,0.873047,1.000000,1.000000,0.964355,0.446289,0.991211
816.000000,600.000000,0.874023,1.000000,1.000000,0.966309,0.452148,0.985840
817.000000,600.000000,0.865723,1.000000,0.993652,0.967773,0.428711,0.992676
818.000000,600.000000,0.870117,1.000000,0.991699,0.960938,0.442383,0.992188
819.000000,600.000000,0.877441,1.000000,1.000000,0.967285,0.460938,0.992676
820.000000,600.000000,0.867676,1.000000,0.991699,0.965332,0.437500,0.993652
821.000000,600.000000,0.868164,1.000000,0.999023,0.967285,0.433594,0.990234
822.000000,600.000000,0.871582,1.000000,1.000000,0.965820,0.445312,0.984375
823.000000,600.000000,0.870605,1.000000,1.000000,0.964355,0.441406,0.993164
824.000000,600.000000,0.867188,1.000000,0.999023,0.965332,0.436523,0.990234
825.000000,600.000000,0.872559,1.000000,0.996582,0.966797,0.449219,0.993652
826.000000,600.000000,0.874023,1.000000,0.998047,0.966309,0.454102,0.989746
827.000000,600.000000,0.868652,1.000000,0.985840,0.967773,0.439453,0.990234
828.000000,600.000000,0.865234,1.000000,1.000000,0.965820,0.429688,0.991699
829.000000,600.000000,0.873047,0.000000,0.999023,0.967773,0.450195,0.990723
830.000000,600.000000,0.869629,1.000000,0.991699,0.966309,0.440430,0.992676
831.000000,600.000000,0.867676,1.000000,0.998047,0.965332,0.434570,0.993164
832.000000,600.000000,0.873535,1.000000,0.999512,0.964355,0.450195,0.992676
833.000000,600.000000,0.872559,1.000000,0.999512,0.963867,0.450195,0.990234
834.000000,600.000000,0.871094,0.000000,1.000000,0.969238,0.444336,0.985840
835.000000,600.000000,0.873047,1.000000,0.997070,0.966797,0.450195,0.988281
836.000000,600.000000,0.871094,1.000000,0.999023,0.966309,0.442383,0.990723
837.000000,600.000000,0.868652,1.000000,0.998535,0.965332,0.437500,0.986816
838.000000,600.000000,0.867188,1.000000,0.996094,0.967285,0.433594,0.985352
839.000000,600.000000,0.867188,0.000000,0.999023,0.964355,0.434570,0.987793
840.000000,600.000000,0.872070,1.000000,1.000000,0.965332,0.448242,0.984863
841.000000,600.000000,0.871094,1.000000,0.999023,0.964355,0.445312,0.991211
842.000000,600.000000,0.871094,1.000000,0.997070,0.967285,0.443359,0.993652
843.000000,600.000000,0.872559,1.000000,0.991699,0.964355,0.449219,0.987793
844.000000,600.000000,0.870605,1.000000,0.999512,0.966309,0.443359,0.992676
845.000000,600.000000,0.876465,1.000000,0.999512,0.966797,0.457031,0.989746
846.000000,600.000000,0.869629,1.000000,0.996582,0.967773,0.439453,0.991699
847.000000,600.000000,0.873047,1.000000,0.995117,0.966309,0.450195,0.987793
848.000000,600.000000,0.866211,1.000000,1.000000,0.968750,0.429688,0.992188
849.000000,600.000000,0.873047,1.000000,0.986328,0.964355,0.448242,0.992188
850.000000,600.000000,0.874512,1.000000,0.991699,0.963867,0.451172,0.984375
851.000000,600.000000,0.872070,0.000000,0.996582,0.968750,0.445312,0.991211
852.000000,600.000000,0.868652,1.000000,1.000000,0.964844,0.439453,0.993164
853.000000,600.000000,0.872559,1.000000,0.988770,0.966309,0.447266,0.987305
854.000000,600.000000,0.870605,1.000000,1.000000,0.966309,0.443359,0.987793
855.000000,600.000000,0.871094,1.000000,1.000000,0.959961,0.446289,0.987793
856.000000,600.000000,0.869141,1.000000,0.959473,0.967285,0.437500,0.992676
857.000000,600.000000,0.868164,1.000000,0.997559,0.964844,0.435547,0.989746
858.000000,600.000000,0.872070,1.000000,0.988281,0.965820,0.446289,0.986328
859.000000,600.000000,0.867676,1.000000,1.000000,0.966309,0.436523,0.987305
860.000000,600.000000,0.875977,1.000000,1.000000,0.965820,0.456055,0.992676
861.000000,600.000000,0.865723,1.000000,0.999023,0.964844,0.433594,0.992676
862.000000,600.000000,0.870605,1.000000,0.998535,0.968262,0.441406,0.993164
863.000000,600.000000,0.866699,1.000000,0.998535,0.965332,0.436523,0.992188
864.000000,600.000000,0.874512,1.000000,0.998047,0.965820,0.453125,0.991211
865.000000,600.000000,0.870605,1.000000,0.999023,0.963867,0.444336,0.989258
866.000000,600.000000,0.873047,1.000000,1.000000,0.962402,0.448242,0.989746
867.000000,600.000000,0.875488,1.000000,0.998535,0.965820,0.456055,0.991211
868.000000,600.000000,0.868164,1.000000,0.979004,0.965820,0.437500,0.991211
869.000000,600.000000,0.874023,1.000000,0.999023,0.966309,0.451172,0.991211
870.000000,600.000000,0.872559,1.000000,0.991699,0.968750,0.447266,0.990234
871.000000,600.000000,0.871582,1.000000,0.988770,0.966309,0.444336,0.991699
872.000000,600.000000,0.874512,1.000000,1.000000,0.967773,0.452148,0.992676
873.000000,600.000000,0.870117,1.000000,1.000000,0.962891,0.442383,0.983398
874.000000,600.000000,0.871094,1.000000,0.993652,0.968262,0.444336,0.990234
875.000000,600.000000,0.875488,1.000000,0.993652,0.966309,0.456055,0.986816
876.000000,600.000000,0.869141,0.000000,0.992188,0.965332,0.439453,0.986816
877.000000,600.000000,0.868652,1.000000,0.999512,0.964355,0.436523,0.989258
878.000000,600.000000,0.872070,1.000000,0.991699,0.965820,0.446289,0.991211
879.000000,600.000000,0.875488,0.000000,0.999512,0.965332,0.455078,0.994141
880.000000,600.000000,0.867188,1.000000,0.984375,0.966309,0.432617,0.983887
881.000000,600.000000,0.873535,1.000000,0.997559,0.968262,0.453125,0.989746
882.000000,600.000000,0.868164,1.000000,0.999512,0.964355,0.438477,0.993164
883.000000,600.000000,0.867676,1.000000,0.997559,0.966797,0.435547,0.985352
884.000000,600.000000,0.876465,1.000000,0.994629,0.971680,0.457031,0.989746
885.000000,600.000000,0.872559,0.000000,0.998047,0.965332,0.450195,0.991699
886.000000,600.000000,0.872070,1.000000,1.000000,0.964355,0.445312,0.993164
887.000000,600.000000,0.875000,1.000000,0.999023,0.962402,0.454102,0.989746
888.000000,600.000000,0.867188,1.000000,0.996582,0.967773,0.435547,0.993164
889.000000,600.000000,0.870605,1.000000,0.999023,0.966797,0.441406,0.989746
890.000000,600.000000,0.867676,1.000000,0.998047,0.967285,0.434570,0.987305
891.000000,600.000000,0.867188,1.000000,0.997559,0.967773,0.436523,0.993164
892.000000,600.000000,0.873535,1.000000,1.000000,0.964844,0.450195,0.989746
893.000000,600.000000,0.873047,1.000000,0.978516,0.961914,0.449219,0.994141
894.000000,600.000000,0.870117,1.000000,0.998047,0.964355,0.443359,0.990723
895.000000,600.000000,0.873535,1.000000,0.984375,0.967773,0.451172,0.990723
896.000000,600.000000,0.871094,1.000000,1.000000,0.965820,0.443359,0.991699
897.000000,600.000000,0.869141,1.000000,1.000000,0.968262,0.439453,0.992676
898.000000,600.000000,0.870117,1.000000,1.000000,0.968750,0.444336,0.988770
899.000000,600.000000,0.873535,1.000000,0.988281,0.966797,0.449219,0.989746
900.000000,600.000000,0.870117,1.000000,0.997559,0.967773,0.445312,0.993652
901.000000,600.000000,0.871582,0.000000,0.999512,0.965820,0.445312,0.985840
902.000000,600.000000,0.866699,1.000000,0.999512,0.964844,0.433594,0.992676
903.000000,600.000000,0.872559,1.000000,0.997070,0.968750,0.449219,0.990723
904.000000,600.000000,0.864746,1.000000,1.000000,0.964355,0.430664,0.989746
905.000000,600.000000,0.878418,1.000000,0.997559,0.963867,0.464844,0.993652
906.000000,600.000000,0.870605,1.000000,0.999023,0.964355,0.442383,0.985352
907.000000,600.000000,0.863770,1.000000,1.000000,0.966797,0.425781,0.988770
908.000000,600.000000,0.869141,1.000000,1.000000,0.963867,0.442383,0.982910
909.000000,600.000000,0.865723,1.000000,0.993652,0.969238,0.430664,0.993164
910.000000,600.000000,0.868652,1.000000,0.999023,0.964844,0.438477,0.991699
911.000000,600.000000,0.875000,1.000000,0.978516,0.963867,0.455078,0.987305
912.000000,600.000000,0.866211,1.000000,0.998535,0.965332,0.435547,0.985840
913.000000,600.000000,0.871094,1.000000,0.999512,0.965332,0.442383,0.991699
914.000000,600.000000,0.874023,1.000000,0.998047,0.965820,0.449219,0.989746
915.000000,600.000000,0.871582,1.000000,0.984375,0.964355,0.445312,0.993652
916.000000,600.000000,0.867188,1.000000,0.996582,0.964355,0.435547,0.990723
917.000000,600.000000,0.874512,1.000000,0.998047,0.965332,0.452148,0.993652
918.000000,600.000000,0.865234,1.000000,0.997559,0.965820,0.428711,0.993164
919.000000,600.000000,0.874512,1.000000,0.999023,0.962891,0.452148,0.992676
920.000000,600.000000,0.869141,1.000000,0.998535,0.964844,0.439453,0.992676
921.000000,600.000000,0.877441,1.000000,0.997070,0.965332,0.458008,0.991699
922.000000,600.000000,0.873047,1.000000,0.990234,0.965332,0.450195,0.985352
923.000000,600.000000,0.864746,1.000000,0.991699,0.967285,0.428711,0.990234
924.000000,600.000000,0.874023,1.000000,0.993652,0.965332,0.451172,0.987305
925.000000,600.000000,0.871094,0.000000,0.999512,0.964355,0.446289,0.986328
926.000000,600.000000,0.871582,1.000000,1.000000,0.964355,0.446289,0.992188
927.000000,600.000000,0.872559,1.000000,0.994629,0.966797,0.448242,0.990234
928.000000,600.000000,0.865234,1.000000,0.993652,0.968750,0.430664,0.993164
929.000000,600.000000,0.873535,0.000000,1.000000,0.966309,0.451172,0.992188
930.000000,600.000000,0.872070,1.000000,0.983887,0.967773,0.446289,0.984863
931.000000,600.000000,0.870117,1.000000,0.999023,0.966797,0.441406,0.992676
932.000000,600.000000,0.869141,1.000000,0.999512,0.965820,0.442383,0.987793
933.000000,600.000000,0.866211,1.000000,0.997559,0.964844,0.430664,0.985840
934.000000,600.000000,0.870605,1.000000,0.980957,0.967285,0.444336,0.983398
935.000000,600.000000,0.871094,1.000000,0.996582,0.968750,0.446289,0.984375
936.000000,600.000000,0.870117,1.000000,1.000000,0.968262,0.440430,0.988770
937.000000,600.000000,0.869141,1.000000,0.997559,0.963867,0.437500,0.988770
938.000000,600.000000,0.869629,1.000000,0.998535,0.967285,0.438477,0.992676
939.000000,600.000000,0.875977,1.000000,0.997559,0.966797,0.456055,0.993652
940.000000,600.000000,0.875488,1.000000,0.997559,0.962891,0.453125,0.992676
941.000000,600.000000,0.869629,1.000000,0.997559,0.962891,0.441406,0.991699
942.000000,600.000000,0.872070,1.000000,1.000000,0.964355,0.444336,0.991699
943.000000,600.000000,0.873047,1.000000,0.999023,0.960938,0.449219,0.987793
944.000000,600.000000,0.872070,1.000000,0.994629,0.965332,0.448242,0.990723
945.000000,600.000000,0.868652,1.000000,0.990234,0.966797,0.437500,0.984375
946.000000,600.000000,0.876953,1.000000,0.992188,0.967773,0.458008,0.990234
947.000000,600.000000,0.872070,1.000000,0.998535,0.963379,0.447266,0.986328
948.000000,600.000000,0.872559,1.000000,0.998047,0.964355,0.448242,0.992188
949.000000,600.000000,0.869629,1.000000,0.995117,0.968262,0.438477,0.992676
950.000000,600.000000,0.873047,1.000000,1.000000,0.965332,0.449219,0.985352
951.000000,600.000000,0.868164,1.000000,0.993652,0.959961,0.437500,0.986328
952.000000,600.000000,0.875488,1.000000,0.996094,0.966309,0.456055,0.992676
953.000000,600.000000,0.874512,1.000000,0.998047,0.964355,0.451172,0.992676
954.000000,600.000000,0.873047,1.000000,0.990234,0.966309,0.447266,0.988281
955.000000,600.000000,0.871582,1.000000,0.997070,0.964844,0.446289,0.990723
956.000000,600.000000,0.869141,1.000000,0.997559,0.966309,0.439453,0.992676
957.000000,600.000000,0.871094,1.000000,0.999512,0.962891,0.442383,0.989258
958.000000,600.000000,0.874023,1.000000,0.998047,0.966309,0.450195,0.988770
959.000000,600.000000,0.866211,1.000000,0.999512,0.966309,0.429688,0.982910
960.000000,600.000000,0.869629,1.000000,0.999023,0.964844,0.438477,0.984375
961.000000,600.000000,0.866211,1.000000,1.000000,0.965332,0.433594,0.987793
962.000000,600.000000,0.872559,1.000000,0.972656,0.961914,0.448242,0.992188
963.000000,600.000000,0.871094,1.000000,0.991699,0.968750,0.447266,0.991699
964.000000,600.000000,0.871582,1.000000,0.995117,0.965820,0.445312,0.982910
965.000000,600.000000,0.868164,1.000000,0.994629,0.968750,0.439453,0.991699
966.000000,600.000000,0.870117,1.000000,0.991699,0.965820,0.442383,0.990234
967.000000,600.000000,0.875977,1.000000,0.984375,0.963379,0.455078,0.993164
968.000000,600.000000,0.874512,1.000000,0.997559,0.965332,0.451172,0.991699
969.000000,600.000000,0.869629,1.000000,1.000000,0.964355,0.441406,0.991699
970.000000,600.000000,0.871094,1.000000,0.996094,0.964355,0.444336,0.984863
971.000000,600.000000,0.872070,1.000000,1.000000,0.968262,0.446289,0.990234
972.000000,600.000000,0.873535,1.000000,1.000000,0.966797,0.450195,0.991211
973.000000,600.000000,0.870605,0.000000,0.998047,0.964355,0.445312,0.989258
974.000000,600.000000,0.874512,1.000000,0.993652,0.965332,0.453125,0.991211
975.000000,600.000000,0.870605,1.000000,1.000000,0.965332,0.444336,0.983887
976.000000,600.000000,0.875977,1.000000,1.000000,0.965332,0.457031,0.988281
977.000000,600.000000,0.876953,1.000000,0.983887,0.966797,0.458984,0.991211
978.000000,600.000000,0.876465,1.000000,0.997559,0.964355,0.458008,0.994629
979.000000,600.000000,0.868164,1.000000,0.979004,0.965332,0.438477,0.984375
980.000000,600.000000,0.873047,1.000000,0.999023,0.961426,0.450195,0.992676
981.000000,600.000000,0.869141,1.000000,1.000000,0.966309,0.440430,0.992676
982.000000,600.000000,0.876953,1.000000,0.996094,0.963867,0.458984,0.983398
983.000000,600.000000,0.869141,1.000000,0.996094,0.965332,0.440430,0.988281
984.000000,600.000000,0.874512,1.000000,1.000000,0.967773,0.452148,0.991699
985.000000,600.000000,0.869141,1.000000,0.999512,0.966797,0.441406,0.987305
986.000000,600.000000,0.872559,0.000000,0.999512,0.968750,0.445312,0.989258
987.000000,600.000000,0.871582,1.000000,0.988770,0.964844,0.446289,0.991699
988.000000,600.000000,0.873535,1.000000,1.000000,0.966797,0.449219,0.993652
989.000000,600.000000,0.870605,1.000000,0.975586,0.968262,0.444336,0.982910
990.000000,600.000000,0.876465,1.000000,0.998535,0.962402,0.458008,0.989746
991.000000,600.000000,0.865234,1.000000,0.997070,0.964844,0.432617,0.986816
992.000000,600.000000,0.867188,1.000000,0.980957,0.965820,0.435547,0.993652
993.000000,600.000000,0.874023,1.000000,0.999023,0.966309,0.449219,0.983398
994.000000,600.000000,0.877930,1.000000,0.990234,0.965332,0.462891,0.993164
995.000000,600.000000,0.870605,1.000000,1.000000,0.963867,0.447266,0.992188
996.000000,600.000000,0.868652,1.000000,0.999512,0.963867,0.435547,0.988281
997.000000,600.000000,0.865723,1.000000,0.997559,0.965820,0.430664,0.984863
998.000000,600.000000,0.878418,1.000000,0.988770,0.967285,0.462891,0.992188
999.000000,600.000000,0.869629,1.000000,0.998047,0.967285,0.440430,0.992676
1000.000000,600.000000,0.871094,1.000000,1.000000,0.964844,0.442383,0.985840
1.000000,900.000000,0.907227,1.000000,0.996582,0.970703,0.587891,0.993652
2.000000,900.000000,0.909668,1.000000,0.998535,0.969727,0.595703,0.988770
3.000000,900.000000,0.907715,1.000000,0.998535,0.969727,0.584961,0.988281
4.000000,900.000000,0.903320,1.000000,1.000000,0.972168,0.569336,0.989258
5.000000,900.000000,0.903320,1.000000,0.996582,0.971191,0.570312,0.993652
6.000000,900.000000,0.905273,1.000000,0.998535,0.972656,0.580078,0.990723
7.000000,900.000000,0.906738,1.000000,0.999512,0.970703,0.583008,0.991211
8.000000,900.000000,0.902832,1.000000,0.999512,0.970703,0.571289,0.989746
9.000000,900.000000,0.906250,1.000000,0.998535,0.969727,0.583008,0.983887
10.000000,900.000000,0.906738,1.000000,0.983398,0.970215,0.586914,0.988770
11.000000,900.000000,0.908203,1.000000,0.998047,0.970703,0.586914,0.990723
12.000000,900.000000,0.905273,1.000000,1.000000,0.970703,0.578125,0.992676
13.000000,900.000000,0.902344,1.000000,1.000000,0.968262,0.570312,0.989746
14.000000,900.000000,0.902832,1.000000,1.000000,0.968750,0.569336,0.985352
15.000000,900.000000,0.906738,0.000000,0.999023,0.967285,0.582031,0.991699
16.000000,900.000000,0.905273,1.000000,1.000000,0.970215,0.573242,0.992188
17.000000,900.000000,0.904297,1.000000,0.999512,0.971680,0.578125,0.989746
18.000000,900.000000,0.908203,1.000000,0.999512,0.970703,0.592773,0.992188
19.000000,900.000000,0.910156,1.000000,0.993652,0.970215,0.594727,0.992676
20.000000,900.000000,0.906738,1.000000,0.990723,0.975098,0.583984,0.992188
21.000000,900.000000,0.907715,1.000000,0.998535,0.969238,0.589844,0.995117
22.000000,900.000000,0.907227,1.000000,1.000000,0.970215,0.584961,0.987305
23.000000,900.000000,0.907715,1.000000,1.000000,0.968750,0.592773,0.985352
24.000000,900.000000,0.908691,1.000000,0.994141,0.969727,0.592773,0.991211
25.000000,900.000000,0.907227,1.000000,0.987793,0.969727,0.583008,0.992188
26.000000,900.000000,0.912109,1.000000,0.997070,0.971680,0.602539,0.987305
27.000000,900.000000,0.907227,1.000000,0.991699,0.969727,0.585938,0.994141
28.000000,900.000000,0.906738,1.000000,0.999023,0.970703,0.583984,0.988770
29.000000,900.000000,0.905273,1.000000,0.998047,0.972656,0.580078,0.993164
30.000000,900.000000,0.905762,1.000000,0.998535,0.971680,0.578125,0.991211
31.000000,900.000000,0.905273,1.000000,0.998535,0.968262,0.577148,0.992676
32.000000,900.000000,0.908203,1.000000,0.997559,0.971191,0.586914,0.991699
33.000000,900.000000,0.905762,1.000000,0.992676,0.970703,0.580078,0.992188
34.000000,900.000000,0.910645,1.000000,0.999512,0.969727,0.596680,0.992188
35.000000,900.000000,0.906738,1.000000,0.995605,0.970703,0.586914,0.992188
36.000000,900.000000,0.907715,1.000000,0.990234,0.969727,0.586914,0.990234
37.000000,900.000000,0.903809,1.000000,0.995605,0.972168,0.577148,0.989258
38.000000,900.000000,0.903809,1.000000,0.991699,0.970215,0.573242,0.993164
39.000000,900.000000,0.904297,1.000000,0.994629,0.969238,0.572266,0.985352
40.000000,900.000000,0.906250,1.000000,0.996582,0.971191,0.580078,0.986816
41.000000,900.000000,0.908203,1.000000,0.994629,0.968750,0.588867,0.988281
42.000000,900.000000,0.910645,1.000000,1.000000,0.971680,0.593750,0.992188
43.000000,900.000000,0.909180,1.000000,0.985352,0.970215,0.590820,0.992188
44.000000,900.000000,0.907715,1.000000,0.995605,0.968750,0.587891,0.992676
45.000000,900.000000,0.905273,1.000000,1.000000,0.969727,0.578125,0.992676
46.000000,900.000000,0.906738,1.000000,0.983398,0.970703,0.582031,0.992188
47.000000,900.000000,0.906250,1.000000,0.970703,0.971680,0.580078,0.992188
48.000000,900.000000,0.904297,1.000000,1.000000,0.971680,0.576172,0.988770
49.000000,900.000000,0.905273,1.000000,1.000000,0.966309,0.577148,0.992676
50.000000,900.000000,0.910156,1.000000,0.999512,0.969238,0.593750,0.991211
51.000000,900.000000,0.909180,1.000000,0.999512,0.968262,0.587891,0.989258
52.000000,900.000000,0.907715,1.000000,1.000000,0.971680,0.588867,0.986328
53.000000,900.000000,0.904297,1.000000,0.993652,0.971191,0.580078,0.991211
54.000000,900.000000,0.905762,1.000000,1.000000,0.970215,0.581055,0.988281
55.000000,900.000000,0.899902,1.000000,1.000000,0.969727,0.560547,0.978516
56.000000,900.000000,0.913086,1.000000,0.999512,0.969727,0.603516,0.988770
57.000000,900.000000,0.910645,1.000000,0.999023,0.970703,0.597656,0.988281
58.000000,900.000000,0.903320,1.000000,0.998535,0.970703,0.575195,0.992676
59.000000,900.000000,0.909180,1.000000,0.997070,0.971191,0.591797,0.992188
60.000000,900.000000,0.902344,0.000000,0.990234,0.972168,0.568359,0.992188
61.000000,900.000000,0.909668,1.000000,0.999023,0.970703,0.593750,0.993164
62.000000,900.000000,0.905762,1.000000,0.998535,0.972656,0.579102,0.987305
63.000000,900.000000,0.907715,1.000000,1.000000,0.971191,0.588867,0.989258
64.000000,900.000000,0.908691,1.000000,1.000000,0.972656,0.591797,0.992188
65.000000,900.000000,0.910156,1.000000,1.000000,0.966309,0.595703,0.991699
66.000000,900.000000,0.906738,1.000000,0.997070,0.971191,0.584961,0.988770
67.000000,900.000000,0.909180,1.000000,0.998535,0.969238,0.591797,0.982422
68.000000,900.000000,0.907715,1.000000,0.999023,0.968262,0.581055,0.992188
69.000000,900.000000,0.903320,1.000000,1.000000,0.972656,0.574219,0.990723
70.000000,900.000000,0.910156,1.000000,0.997070,0.972656,0.593750,0.992188
71.000000,900.000000,0.907715,1.000000,0.998047,0.969727,0.589844,0.993164
72.000000,900.000000,0.907715,1.000000,0.999023,0.971680,0.585938,0.992188
73.000000,900.000000,0.906738,1.000000,0.994629,0.970703,0.582031,0.988281
74.000000,900.000000,0.905762,1.000000,0.985352,0.970703,0.580078,0.994141
75.000000,900.000000,0.908203,1.000000,0.999512,0.967773,0.587891,0.991211
76.000000,900.000000,0.908203,0.000000,1.000000,0.967285,0.588867,0.984375
77.000000,900.000000,0.910645,1.000000,0.997559,0.971191,0.594727,0.983398
78.000000,900.000000,0.907715,1.000000,1.000000,0.968262,0.585938,0.992676
79.000000,900.000000,0.909180,1.000000,1.000000,0.972168,0.592773,0.989746
80.000000,900.000000,0.904297,1.000000,1.000000,0.971191,0.579102,0.990234
81.000000,900.000000,0.907715,1.000000,0.998535,0.971191,0.585938,0.992188
82.000000,900.000000,0.910645,1.000000,0.999023,0.970215,0.595703,0.987305
83.000000,900.000000,0.908691,1.000000,0.994629,0.968750,0.591797,0.992188
84.000000,900.000000,0.910645,1.000000,0.999512,0.968262,0.597656,0.990723
85.000000,900.000000,0.904785,1.000000,0.986328,0.971680,0.579102,0.992188
86.000000,900.000000,0.904297,1.000000,0.997070,0.972168,0.573242,0.982910
87.000000,900.000000,0.908691,1.000000,0.998535,0.971680,0.594727,0.991699
88.000000,900.000000,0.910156,1.000000,0.998535,0.969238,0.593750,0.983887
89.000000,900.000000,0.911133,1.000000,0.997070,0.972656,0.596680,0.987793
90.000000,900.000000,0.904785,1.000000,0.987793,0.968262,0.579102,0.987793
91.000000,900.000000,0.909180,1.000000,0.996582,0.970215,0.595703,0.988770
92.000000,900.000000,0.909668,1.000000,0.999023,0.970703,0.595703,0.989746
93.000000,900.000000,0.906738,1.000000,0.999512,0.972168,0.580078,0.986328
94.000000,900.000000,0.903320,1.000000,0.998535,0.970215,0.572266,0.992676
95.000000,900.000000,0.906738,1.000000,0.986816,0.965820,0.585938,0.991211
96.000000,900.000000,0.907715,1.000000,1.000000,0.972168,0.586914,0.992188
97.000000,900.000000,0.903320,1.000000,0.998535,0.969238,0.569336,0.982422
98.000000,900.000000,0.907227,1.000000,0.999512,0.970703,0.589844,0.988281
99.000000,900.000000,0.908203,1.000000,0.998535,0.969727,0.590820,0.992188
100.000000,900.000000,0.903320,1.000000,0.998535,0.966309,0.569336,0.991699
101.000000,900.000000,0.905273,0.000000,0.998535,0.969727,0.577148,0.989258
102.000000,900.000000,0.911133,1.000000,0.999023,0.970703,0.598633,0.983398
103.000000,900.000000,0.907227,0.000000,1.000000,0.970703,0.585938,0.991211
104.000000,900.000000,0.911621,1.000000,0.989258,0.970215,0.600586,0.991211
105.000000,900.000000,0.907227,1.000000,0.995605,0.970215,0.586914,0.991211
106.000000,900.000000,0.908203,1.000000,0.994629,0.971191,0.591797,0.992188
107.000000,900.000000,0.904785,1.000000,0.999512,0.970215,0.577148,0.982910
108.000000,900.000000,0.908691,1.000000,1.000000,0.971680,0.593750,0.991699
109.000000,900.000000,0.908691,1.000000,0.998535,0.969727,0.585938,0.990234
110.000000,900.000000,0.913574,1.000000,0.992676,0.971191,0.602539,0.992188
111.000000,900.000000,0.904785,1.000000,0.999512,0.969238,0.579102,0.992188
112.000000,900.000000,0.907715,0.000000,0.993652,0.970215,0.585938,0.992676
113.000000,900.000000,0.909668,1.000000,0.999512,0.972656,0.595703,0.988770
114.000000,900.000000,0.911133,1.000000,1.000000,0.967285,0.596680,0.992676
115.000000,900.000000,0.906250,1.000000,0.998535,0.970215,0.578125,0.985352
116.000000,900.000000,0.910645,1.000000,0.997559,0.971191,0.596680,0.992676
117.000000,900.000000,0.902832,1.000000,0.997559,0.971680,0.576172,0.989258
118.000000,900.000000,0.910156,1.000000,0.998535,0.968750,0.593750,0.990234
119.000000,900.000000,0.906250,1.000000,1.000000,0.969727,0.578125,0.989258
120.000000,900.000000,0.910156,1.000000,0.991699,0.969727,0.600586,0.989746
121.000000,900.000000,0.907227,1.000000,0.997070,0.970703,0.583984,0.991211
122.000000,900.000000,0.913574,1.000000,0.997070,0.966797,0.608398,0.989746
123.000000,900.000000,0.906250,1.000000,0.996582,0.966797,0.579102,0.992188
124.000000,900.000000,0.901367,1.000000,0.983887,0.971191,0.568359,0.986816
125.000000,900.000000,0.907227,1.000000,0.998535,0.971680,0.583984,0.992676
126.000000,900.000000,0.906250,1.000000,0.999512,0.969238,0.582031,0.978027
127.000000,900.000000,0.905273,1.000000,0.999512,0.970215,0.579102,0.983398
128.000000,900.000000,0.906738,1.000000,0.994629,0.969238,0.583008,0.991211
129.000000,900.000000,0.903320,1.000000,0.997070,0.969238,0.572266,0.992188
130.000000,900.000000,0.905762,1.000000,1.000000,0.968750,0.579102,0.991211
131.000000,900.000000,0.907227,1.000000,0.999023,0.968750,0.587891,0.993164
132.000000,900.000000,0.906738,1.000000,0.998535,0.968750,0.586914,0.989746
133.000000,900.000000,0.904297,1.000000,0.997070,0.969727,0.575195,0.991211
134.000000,900.000000,0.907227,1.000000,0.990723,0.971680,0.583984,0.991699
135.000000,900.000000,0.907227,0.000000,0.999023,0.969238,0.593750,0.985352
136.000000,900.000000,0.912598,1.000000,1.000000,0.968750,0.602539,0.991211
137.000000,900.000000,0.904785,1.000000,0.999512,0.969727,0.580078,0.984375
138.000000,900.000000,0.910156,1.000000,0.995605,0.968750,0.593750,0.989746
139.000000,900.000000,0.912109,1.000000,0.998047,0.968750,0.598633,0.989258
140.000000,900.000000,0.906250,1.000000,0.999512,0.971191,0.583984,0.991211
141.000000,900.000000,0.908203,1.000000,0.997070,0.969238,0.586914,0.993164
142.000000,900.000000,0.903809,1.000000,0.999023,0.969727,0.575195,0.992676
143.000000,900.000000,0.906738,1.000000,1.000000,0.969727,0.583984,0.989746
144.000000,900.000000,0.907227,1.000000,0.998535,0.971191,0.577148,0.989746
145.000000,900.000000,0.908691,1.000000,0.995605,0.966309,0.593750,0.992676
146.000000,900.000000,0.907227,1.000000,0.999512,0.969727,0.585938,0.992676
147.000000,900.000000,0.906738,1.000000,0.999023,0.970215,0.584961,0.992188
148.000000,900.000000,0.905273,1.000000,0.998535,0.969727,0.577148,0.987793
149.000000,900.000000,0.905273,1.000000,0.991699,0.970703,0.580078,0.984863
150.000000,900.000000,0.909668,1.000000,0.996582,0.969727,0.592773,0.982910
151.000000,900.000000,0.906738,1.000000,0.988281,0.972168,0.583008,0.992188
152.000000,900.000000,0.906738,1.000000,1.000000,0.967773,0.584961,0.988770
153.000000,900.000000,0.907227,1.000000,0.999023,0.970215,0.589844,0.991211
154.000000,900.000000,0.905273,1.000000,0.997559,0.969238,0.582031,0.986328
155.000000,900.000000,0.907227,1.000000,0.999512,0.971191,0.580078,0.992676
156.000000,900.000000,0.913086,1.000000,0.999512,0.970215,0.606445,0.992188
157.000000,900.000000,0.904785,1.000000,0.998047,0.966797,0.577148,0.989746
158.000000,900.000000,0.902832,1.000000,0.981934,0.970703,0.570312,0.990723
159.000000,900.000000,0.908691,1.000000,0.988281,0.970215,0.588867,0.988770
160.000000,900.000000,0.910645,1.000000,1.000000,0.969238,0.598633,0.988770
161.000000,900.000000,0.911621,1.000000,1.000000,0.969238,0.602539,0.992188
162.000000,900.000000,0.908691,1.000000,0.992676,0.971680,0.592773,0.988281
163.000000,900.000000,0.907715,1.000000,0.999512,0.969727,0.588867,0.992188
164.000000,900.000000,0.911621,1.000000,1.000000,0.969238,0.601562,0.987305
165.000000,900.000000,0.901855,1.000000,0.991699,0.969727,0.567383,0.986328
166.000000,900.000000,0.911133,1.000000,0.997070,0.970703,0.597656,0.987305
167.000000,900.000000,0.908203,1.000000,0.999512,0.970215,0.586914,0.989258
168.000000,900.000000,0.901367,1.000000,0.988281,0.967773,0.563477,0.987793
169.000000,900.000000,0.908203,1.000000,0.998535,0.970703,0.588867,0.992188
170.000000,900.000000,0.907227,1.000000,0.999023,0.971191,0.587891,0.988281
171.000000,900.000000,0.908203,1.000000,0.991699,0.972168,0.589844,0.987305
172.000000,900.000000,0.907715,1.000000,1.000000,0.971191,0.585938,0.984863
173.000000,900.000000,0.905273,0.000000,1.000000,0.967773,0.579102,0.991699
174.000000,900.000000,0.904785,1.000000,0.997070,0.969727,0.576172,0.993164
175.000000,900.000000,0.905273,1.000000,0.997070,0.971191,0.583008,0.989746
176.000000,900.000000,0.905762,1.000000,0.996582,0.969727,0.583008,0.991211
177.000000,900.000000,0.902832,1.000000,1.000000,0.968262,0.570312,0.983887
178.000000,900.000000,0.908691,1.000000,0.999023,0.970703,0.590820,0.992188
179.000000,900.000000,0.907227,1.000000,0.998535,0.970703,0.584961,0.992188
180.000000,900.000000,0.907715,1.000000,0.999512,0.967773,0.581055,0.990234
181.000000,900.000000,0.904297,1.000000,0.998535,0.971680,0.579102,0.992188
182.000000,900.000000,0.907227,1.000000,1.000000,0.971191,0.583008,0.984375
183.000000,900.000000,0.905762,1.000000,0.998047,0.970703,0.582031,0.988770
184.000000,900.000000,0.905273,1.000000,0.995605,0.970703,0.575195,0.993652
185.000000,900.000000,0.914551,1.000000,0.991699,0.971191,0.606445,0.992676
186.000000,900.000000,0.907715,1.000000,0.993652,0.968262,0.586914,0.990234
187.000000,900.000000,0.906250,1.000000,0.999023,0.971191,0.583008,0.990723
188.000000,900.000000,0.908691,1.000000,0.998535,0.972168,0.588867,0.989746
189.000000,900.000000,0.903320,1.000000,0.999512,0.971680,0.576172,0.985840
190.000000,900.000000,0.907227,0.000000,0.999512,0.968750,0.586914,0.992188
191.000000,900.000000,0.911621,1.000000,0.999023,0.970215,0.597656,0.992676
192.000000,900.000000,0.907227,1.000000,0.998047,0.971191,0.587891,0.990723
193.000000,900.000000,0.909668,1.000000,0.991699,0.969727,0.591797,0.992676
194.000000,900.000000,0.908691,1.000000,0.994141,0.969238,0.592773,0.989746
195.000000,900.000000,0.906250,1.000000,0.997559,0.972168,0.583984,0.992676
196.000000,900.000000,0.909180,1.000000,0.968750,0.972656,0.590820,0.990234
197.000000,900.000000,0.904785,0.000000,0.999512,0.972168,0.578125,0.983887
198.000000,900.000000,0.907715,1.000000,0.979980,0.968750,0.587891,0.990723
199.000000,900.000000,0.903809,1.000000,1.000000,0.967773,0.572266,0.987305
200.000000,900.000000,0.902832,1.000000,0.996582,0.970703,0.570312,0.986816
201.000000,900.000000,0.912109,1.000000,0.995605,0.969238,0.601562,0.987793
202.000000,900.000000,0.905762,1.000000,0.999023,0.968262,0.578125,0.988281
203.000000,900.000000,0.907227,1.000000,0.999023,0.971191,0.583008,0.988281
204.000000,900.000000,0.908203,1.000000,1.000000,0.973145,0.584961,0.988281
205.000000,900.000000,0.902832,1.000000,1.000000,0.971191,0.566406,0.992188
206.000000,900.000000,0.907227,1.000000,0.999023,0.970215,0.583984,0.987793
207.000000,900.000000,0.907715,1.000000,0.998535,0.971680,0.589844,0.988770
208.000000,900.000000,0.908203,1.000000,0.998535,0.971191,0.586914,0.991211
209.000000,900.000000,0.904297,1.000000,0.996582,0.970215,0.575195,0.990234
210.000000,900.000000,0.907227,1.000000,0.992676,0.972168,0.585938,0.994629
211.000000,900.000000,0.911133,1.000000,0.998047,0.971191,0.598633,0.989746
212.000000,900.000000,0.909180,1.000000,1.000000,0.971191,0.593750,0.988770
213.000000,900.000000,0.908691,1.000000,1.000000,0.972168,0.589844,0.992676
214.000000,900.000000,0.907715,1.000000,1.000000,0.965820,0.585938,0.988281
215.000000,900.000000,0.907227,1.000000,1.000000,0.970215,0.584961,0.989258
216.000000,900.000000,0.909668,1.000000,0.991699,0.969727,0.597656,0.990234
217.000000,900.000000,0.900391,1.000000,1.000000,0.971680,0.564453,0.992676
218.000000,900.000000,0.911621,0.000000,0.999512,0.970703,0.601562,0.991211
219.000000,900.000000,0.899902,1.000000,1.000000,0.969727,0.557617,0.991699
220.000000,900.000000,0.905762,1.000000,0.989258,0.970703,0.582031,0.983887
221.000000,900.000000,0.906738,1.000000,0.998535,0.970703,0.581055,0.991211
222.000000,900.000000,0.905762,1.000000,1.000000,0.969727,0.583008,0.992676
223.000000,900.000000,0.911133,1.000000,0.999023,0.968262,0.597656,0.991699
224.000000,900.000000,0.905273,1.000000,0.999023,0.968262,0.580078,0.992188
225.000000,900.000000,0.905273,1.000000,0.972656,0.971191,0.581055,0.993652
226.000000,900.000000,0.907227,1.000000,0.994629,0.968750,0.587891,0.992676
227.000000,900.000000,0.907227,1.000000,0.999512,0.969238,0.582031,0.986328
228.000000,900.000000,0.912109,1.000000,1.000000,0.970215,0.602539,0.991211
229.000000,900.000000,0.912598,1.000000,0.989258,0.971680,0.602539,0.985840
230.000000,900.000000,0.907227,1.000000,0.998535,0.968750,0.583984,0.992188
231.000000,900.000000,0.908203,1.000000,0.999512,0.970215,0.595703,0.993652
232.000000,900.000000,0.903809,1.000000,0.998535,0.969238,0.574219,0.985352
233.000000,900.000000,0.908203,1.000000,0.998535,0.969238,0.588867,0.993164
234.000000,900.000000,0.909180,1.000000,0.986816,0.970215,0.591797,0.993164
235.000000,900.000000,0.907227,1.000000,0.999023,0.970703,0.584961,0.992188
236.000000,900.000000,0.908203,1.000000,0.992676,0.970215,0.586914,0.992676
237.000000,900.000000,0.904785,1.000000,0.999512,0.968262,0.581055,0.981934
238.000000,900.000000,0.907715,1.000000,0.991699,0.970703,0.583984,0.991699
239.000000,900.000000,0.911621,1.000000,0.996582,0.967773,0.599609,0.985352
240.000000,900.000000,0.907227,1.000000,1.000000,0.971191,0.583984,0.984375
241.000000,900.000000,0.909180,1.000000,0.991699,0.970215,0.587891,0.990723
242.000000,900.000000,0.908691,1.000000,0.989258,0.971680,0.589844,0.987305
243.000000,900.000000,0.913574,1.000000,1.000000,0.970215,0.610352,0.993164
244.000000,900.000000,0.907227,1.000000,1.000000,0.971191,0.589844,0.989746
245.000000,900.000000,0.910156,1.000000,1.000000,0.969238,0.596680,0.987305
246.000000,900.000000,0.907715,1.000000,0.999023,0.972168,0.583984,0.982422
247.000000,900.000000,0.907227,1.000000,0.999023,0.970703,0.585938,0.987793
248.000000,900.000000,0.900391,1.000000,1.000000,0.972656,0.561523,0.992676
249.000000,900.000000,0.906738,1.000000,0.999023,0.969238,0.587891,0.992676
250.000000,900.000000,0.914062,1.000000,0.997070,0.972168,0.611328,0.989258
251.000000,900.000000,0.905762,1.000000,1.000000,0.972656,0.579102,0.985352
252.000000,900.000000,0.906250,1.000000,0.995605,0.968750,0.580078,0.988770
253.000000,900.000000,0.909180,1.000000,0.989258,0.968262,0.588867,0.993164
254.000000,900.000000,0.903320,1.000000,0.989258,0.970215,0.569336,0.991699
255.000000,900.000000,0.905273,1.000000,0.997070,0.969238,0.580078,0.973633
256.000000,900.000000,0.909180,1.000000,0.998535,0.973633,0.593750,0.984375
257.000000,900.000000,0.908203,1.000000,0.998535,0.970703,0.591797,0.992676
258.000000,900.000000,0.907715,1.000000,0.983398,0.971191,0.585938,0.988281
259.000000,900.000000,0.905273,1.000000,1.000000,0.971191,0.577148,0.991699
260.000000,900.000000,0.909180,1.000000,1.000000,0.970703,0.591797,0.992188
261.000000,900.000000,0.908203,1.000000,1.000000,0.969727,0.584961,0.992188
262.000000,900.000000,0.912109,1.000000,0.989258,0.968750,0.598633,0.982422
263.000000,900.000000,0.903809,1.000000,0.999512,0.967773,0.573242,0.990234
264.000000,900.000000,0.907715,1.000000,1.000000,0.969727,0.587891,0.991699
265.000000,900.000000,0.908203,1.000000,1.000000,0.970703,0.585938,0.992676
266.000000,900.000000,0.909668,1.000000,0.999023,0.971191,0.589844,0.986328
267.000000,900.000000,0.911621,1.000000,0.998535,0.968750,0.601562,0.991699
268.000000,900.000000,0.908203,1.000000,0.999512,0.972168,0.593750,0.987793
269.000000,900.000000,0.906738,1.000000,0.996582,0.967773,0.583984,0.992188
270.000000,900.000000,0.913574,1.000000,1.000000,0.968262,0.605469,0.992188
271.000000,900.000000,0.908203,1.000000,1.000000,0.969238,0.588867,0.988281
272.000000,900.000000,0.908691,1.000000,0.998535,0.972168,0.593750,0.989746
273.000000,900.000000,0.903809,1.000000,0.992676,0.968750,0.572266,0.988770
274.000000,900.000000,0.908691,1.000000,0.990234,0.968750,0.586914,0.984863
275.000000,900.000000,0.907227,1.000000,0.998535,0.969238,0.583008,0.985352
276.000000,900.000000,0.911133,1.000000,0.998535,0.970215,0.595703,0.992676
277.000000,900.000000,0.901367,1.000000,0.999023,0.969727,0.564453,0.992188
278.000000,900.000000,0.907715,1.000000,0.999023,0.971680,0.588867,0.991699
279.000000,900.000000,0.910156,1.000000,1.000000,0.972656,0.594727,0.992188
280.000000,900.000000,0.902344,1.000000,0.999512,0.970703,0.570312,0.987793
281.000000,900.000000,0.907715,1.000000,1.000000,0.970215,0.586914,0.992188
282.000000,900.000000,0.905273,1.000000,0.990234,0.968750,0.577148,0.990234
283.000000,900.000000,0.907227,1.000000,0.999512,0.970703,0.583008,0.990723
284.000000,900.000000,0.905273,1.000000,0.991699,0.967773,0.578125,0.989746
285.000000,900.000000,0.905273,1.000000,0.999023,0.968262,0.578125,0.985352
286.000000,900.000000,0.903320,1.000000,1.000000,0.971191,0.572266,0.992676
287.000000,900.000000,0.913574,1.000000,0.997070,0.969727,0.603516,0.987305
288.000000,900.000000,0.910156,1.000000,0.994141,0.968262,0.591797,0.988281
289.000000,900.000000,0.907715,1.000000,0.999512,0.971680,0.585938,0.992188
290.000000,900.000000,0.910156,1.000000,0.995605,0.972168,0.595703,0.985840
291.000000,900.000000,0.905273,1.000000,0.997070,0.967285,0.577148,0.992188
292.000000,900.000000,0.908691,1.000000,0.994629,0.970703,0.586914,0.993164
293.000000,900.000000,0.907715,1.000000,0.999512,0.969727,0.587891,0.991211
294.000000,900.000000,0.909668,1.000000,0.994141,0.967285,0.593750,0.986328
295.000000,900.000000,0.906250,1.000000,0.997559,0.966309,0.580078,0.986816
296.000000,900.000000,0.909180,1.000000,1.000000,0.968750,0.590820,0.988770
297.000000,900.000000,0.916016,1.000000,1.000000,0.970703,0.613281,0.992676
298.000000,900.000000,0.903320,1.000000,0.996582,0.970215,0.573242,0.989258
299.000000,900.000000,0.908203,1.000000,0.997070,0.968750,0.588867,0.991211
300.000000,900.000000,0.903809,1.000000,0.994629,0.968750,0.571289,0.991699
301.000000,900.000000,0.908203,1.000000,1.000000,0.970215,0.586914,0.990234
302.000000,900.000000,0.910156,1.000000,0.997559,0.972656,0.588867,0.989258
303.000000,900.000000,0.911133,1.000000,0.999512,0.970215,0.596680,0.992188
304.000000,900.000000,0.906738,1.000000,0.985352,0.970703,0.583008,0.992188
305.000000,900.000000,0.908203,1.000000,0.997070,0.972168,0.589844,0.991699
306.000000,900.000000,0.907715,0.000000,1.000000,0.966797,0.588867,0.989258
307.000000,900.000000,0.909180,1.000000,0.998535,0.971680,0.589844,0.992188
308.000000,900.000000,0.910156,1.000000,0.999512,0.967773,0.594727,0.992188
309.000000,900.000000,0.903809,1.000000,0.998047,0.969238,0.569336,0.986328
310.000000,900.000000,0.904785,1.000000,0.992676,0.968262,0.574219,0.988281
311.000000,900.000000,0.907715,1.000000,1.000000,0.970703,0.583984,0.991699
312.000000,900.000000,0.911133,1.000000,1.000000,0.971191,0.598633,0.994141
313.000000,900.000000,0.904297,1.000000,0.999023,0.967773,0.574219,0.992188
314.000000,900.000000,0.906738,0.000000,1.000000,0.968262,0.583984,0.989258
315.000000,900.000000,0.903809,1.000000,0.998535,0.970703,0.578125,0.991211
316.000000,900.000000,0.903320,1.000000,0.999512,0.969727,0.573242,0.987305
317.000000,900.000000,0.908203,1.000000,1.000000,0.973633,0.590820,0.989746
318.000000,900.000000,0.906738,1.000000,0.998535,0.969727,0.583008,0.991211
319.000000,900.000000,0.909668,1.000000,1.000000,0.970215,0.591797,0.990234
320.000000,900.000000,0.911133,1.000000,0.999512,0.971191,0.598633,0.992188
321.000000,900.000000,0.912598,1.000000,0.998535,0.970215,0.601562,0.988281
322.000000,900.000000,0.905762,1.000000,0.993652,0.972168,0.583008,0.994141
323.000000,900.000000,0.907715,1.000000,0.994629,0.971191,0.583984,0.988770
324.000000,900.000000,0.909180,1.000000,1.000000,0.969238,0.589844,0.990723
325.000000,900.000000,0.908203,1.000000,0.978516,0.969238,0.587891,0.987793
326.000000,900.000000,0.908691,1.000000,0.985352,0.968750,0.587891,0.986816
327.000000,900.000000,0.907715,1.000000,0.997070,0.969727,0.584961,0.991699
328.000000,900.000000,0.905762,1.000000,1.000000,0.972168,0.581055,0.992676
329.000000,900.000000,0.910156,1.000000,0.998047,0.972656,0.592773,0.986328
330.000000,900.000000,0.901367,1.000000,1.000000,0.972168,0.566406,0.991699
331.000000,900.000000,0.903320,1.000000,0.999023,0.967285,0.570312,0.983398
332.000000,900.000000,0.902344,1.000000,0.999512,0.970703,0.566406,0.989258
333.000000,900.000000,0.904785,1.000000,0.999023,0.969238,0.574219,0.989746
334.000000,900.000000,0.911133,1.000000,0.999512,0.969727,0.600586,0.992188
335.000000,900.000000,0.908203,1.000000,0.999023,0.969238,0.585938,0.986816
336.000000,900.000000,0.906250,1.000000,0.986816,0.972656,0.580078,0.989258
337.000000,900.000000,0.902832,1.000000,0.997070,0.970703,0.567383,0.987305
338.000000,900.000000,0.901367,1.000000,0.999512,0.969238,0.564453,0.992676
339.000000,900.000000,0.903809,1.000000,0.998535,0.968262,0.569336,0.988770
340.000000,900.000000,0.903809,1.000000,0.999512,0.970703,0.571289,0.988770
341.000000,900.000000,0.906738,1.000000,0.997070,0.968750,0.583984,0.986328
342.000000,900.000000,0.906738,1.000000,0.995605,0.971191,0.584961,0.987793
343.000000,900.000000,0.909180,1.000000,1.000000,0.969727,0.592773,0.986816
344.000000,900.000000,0.904785,1.000000,1.000000,0.970215,0.580078,0.982910
345.000000,900.000000,0.899902,1.000000,1.000000,0.970215,0.561523,0.979980
346.000000,900.000000,0.908203,1.000000,0.994141,0.969238,0.588867,0.987793
347.000000,900.000000,0.912598,1.000000,1.000000,0.971191,0.604492,0.992676
348.000000,900.000000,0.909180,1.000000,0.999023,0.973633,0.591797,0.992676
349.000000,900.000000,0.905762,1.000000,0.997559,0.968750,0.577148,0.990234
350.000000,900.000000,0.909668,1.000000,0.999512,0.971191,0.592773,0.989746
351.000000,900.000000,0.905762,1.000000,0.999512,0.967285,0.579102,0.989746
352.000000,900.000000,0.911133,1.000000,0.997070,0.970215,0.598633,0.986816
353.000000,900.000000,0.903809,1.000000,1.000000,0.971191,0.571289,0.986328
354.000000,900.000000,0.905273,1.000000,0.999023,0.971680,0.575195,0.989746
355.000000,900.000000,0.908203,1.000000,0.992676,0.970215,0.588867,0.992188
356.000000,900.000000,0.906738,0.000000,1.000000,0.968262,0.583008,0.992188
357.000000,900.000000,0.913574,1.000000,1.000000,0.971191,0.603516,0.992188
358.000000,900.000000,0.911621,1.000000,1.000000,0.970215,0.600586,0.992676
359.000000,900.000000,0.913086,1.000000,0.998535,0.970703,0.606445,0.981934
360.000000,900.000000,0.909668,1.000000,1.000000,0.970703,0.586914,0.992676
361.000000,900.000000,0.907227,1.000000,0.996582,0.968262,0.585938,0.987305
362.000000,900.000000,0.905762,1.000000,1.000000,0.969727,0.578125,0.992188
363.000000,900.000000,0.906738,1.000000,0.999023,0.968750,0.582031,0.991211
364.000000,900.000000,0.908691,1.000000,0.998535,0.969727,0.588867,0.992676
365.000000,900.000000,0.908691,1.000000,0.994629,0.970703,0.591797,0.986816
366.000000,900.000000,0.904785,1.000000,0.997070,0.971191,0.579102,0.990723
367.000000,900.000000,0.909668,1.000000,0.999023,0.970703,0.590820,0.992676
368.000000,900.000000,0.910156,1.000000,0.991699,0.972168,0.599609,0.992188
369.000000,900.000000,0.907715,1.000000,0.997070,0.970215,0.583008,0.986816
370.000000,900.000000,0.904785,1.000000,0.995605,0.970215,0.574219,0.982422
371.000000,900.000000,0.904297,1.000000,0.985352,0.967773,0.572266,0.993164
372.000000,900.000000,0.906250,1.000000,0.997559,0.971191,0.582031,0.990234
373.000000,900.000000,0.908203,1.000000,1.000000,0.968262,0.587891,0.988770
374.000000,900.000000,0.904785,1.000000,0.998047,0.971191,0.575195,0.992188
375.000000,900.000000,0.908203,1.000000,0.998535,0.968750,0.589844,0.989746
376.000000,900.000000,0.910645,1.000000,1.000000,0.969238,0.595703,0.993652
377.000000,900.000000,0.911133,1.000000,0.997559,0.970703,0.594727,0.982422
378.000000,900.000000,0.911621,1.000000,0.998535,0.970703,0.602539,0.989746
379.000000,900.000000,0.904785,1.000000,0.991699,0.969238,0.585938,0.992676
380.000000,900.000000,0.903809,1.000000,0.981934,0.972168,0.571289,0.985352
381.000000,900.000000,0.903809,1.000000,0.997070,0.973633,0.582031,0.991699
382.000000,900.000000,0.905762,1.000000,0.998047,0.968262,0.575195,0.992188
383.000000,900.000000,0.912109,1.000000,0.999512,0.970215,0.604492,0.989746
384.000000,900.000000,0.906250,1.000000,0.998535,0.968750,0.583984,0.986816
385.000000,900.000000,0.905762,1.000000,0.999512,0.969238,0.581055,0.993164
386.000000,900.000000,0.907715,1.000000,0.984863,0.971191,0.587891,0.992188
387.000000,900.000000,0.909180,1.000000,0.995605,0.969238,0.593750,0.977539
388.000000,900.000000,0.907715,1.000000,1.000000,0.970215,0.587891,0.989746
389.000000,900.000000,0.906250,1.000000,0.994629,0.970215,0.584961,0.991699
390.000000,900.000000,0.905273,0.000000,1.000000,0.971680,0.576172,0.992188
391.000000,900.000000,0.907715,1.000000,0.994629,0.970703,0.587891,0.989258
392.000000,900.000000,0.901855,1.000000,0.999512,0.965332,0.567383,0.993164
393.000000,900.000000,0.909180,1.000000,0.984863,0.971680,0.592773,0.987305
394.000000,900.000000,0.907715,1.000000,1.000000,0.970215,0.586914,0.986816
395.000000,900.000000,0.906250,1.000000,0.999512,0.971680,0.586914,0.993652
396.000000,900.000000,0.902832,1.000000,1.000000,0.970215,0.574219,0.992188
397.000000,900.000000,0.904785,1.000000,1.000000,0.973633,0.574219,0.987305
398.000000,900.000000,0.908203,1.000000,0.995605,0.968262,0.584961,0.983887
399.000000,900.000000,0.906250,1.000000,0.999023,0.972656,0.579102,0.991211
400.000000,900.000000,0.912109,1.000000,0.999512,0.971191,0.597656,0.992676
401.000000,900.000000,0.908203,1.000000,0.983887,0.972168,0.586914,0.992188
402.000000,900.000000,0.905273,1.000000,1.000000,0.968750,0.577148,0.989258
403.000000,900.000000,0.912109,1.000000,0.994629,0.969238,0.599609,0.988770
404.000000,900.000000,0.910645,1.000000,0.995605,0.969727,0.600586,0.988770
405.000000,900.000000,0.905762,1.000000,1.000000,0.971680,0.579102,0.983887
406.000000,900.000000,0.905762,1.000000,0.997070,0.970703,0.577148,0.988770
407.000000,900.000000,0.911133,0.000000,1.000000,0.969727,0.597656,0.987793
408.000000,900.000000,0.904785,1.000000,0.999512,0.968262,0.577148,0.992188
409.000000,900.000000,0.910156,1.000000,0.999512,0.970703,0.591797,0.992188
410.000000,900.000000,0.906250,1.000000,1.000000,0.970703,0.581055,0.990234
411.000000,900.000000,0.902344,1.000000,0.995605,0.972656,0.567383,0.988770
412.000000,900.000000,0.900391,1.000000,1.000000,0.969238,0.560547,0.990234
413.000000,900.000000,0.900879,1.000000,1.000000,0.967285,0.563477,0.992676
414.000000,900.000000,0.906738,1.000000,1.000000,0.967773,0.583008,0.988770
415.000000,900.000000,0.906250,1.000000,0.993652,0.971680,0.579102,0.992676
416.000000,900.000000,0.906738,1.000000,0.994141,0.970215,0.582031,0.988281
417.000000,900.000000,0.910645,1.000000,0.999512,0.968750,0.596680,0.985840
418.000000,900.000000,0.907227,1.000000,0.998535,0.969727,0.584961,0.991699
419.000000,900.000000,0.904785,1.000000,0.994629,0.967773,0.577148,0.993652
420.000000,900.000000,0.906738,1.000000,0.998535,0.969727,0.577148,0.989258
421.000000,900.000000,0.900391,1.000000,1.000000,0.971680,0.563477,0.991211
422.000000,900.000000,0.900879,1.000000,1.000000,0.969238,0.561523,0.992676
423.000000,900.000000,0.904785,1.000000,0.995605,0.969238,0.579102,0.983398
424.000000,900.000000,0.915039,1.000000,1.000000,0.970703,0.614258,0.988281
425.000000,900.000000,0.905762,1.000000,0.997070,0.971680,0.582031,0.992676
426.000000,900.000000,0.903809,1.000000,0.999512,0.967773,0.573242,0.993652
427.000000,900.000000,0.907715,1.000000,0.995605,0.970703,0.583984,0.991699
428.000000,900.000000,0.906250,1.000000,0.992676,0.970215,0.578125,0.988281
429.000000,900.000000,0.904297,1.000000,0.998535,0.972168,0.575195,0.988770
430.000000,900.000000,0.905762,1.000000,0.999023,0.970215,0.581055,0.982422
431.000000,900.000000,0.901855,1.000000,0.998535,0.967773,0.567383,0.988281
432.000000,900.000000,0.903320,1.000000,0.998047,0.968262,0.571289,0.984375
433.000000,900.000000,0.907227,1.000000,0.997559,0.970703,0.582031,0.992188
434.000000,900.000000,0.903809,1.000000,0.999023,0.968750,0.576172,0.986816
435.000000,900.000000,0.906250,1.000000,1.000000,0.970215,0.580078,0.990723
436.000000,900.000000,0.903809,1.000000,0.996582,0.971680,0.578125,0.992188
437.000000,900.000000,0.905762,1.000000,0.998535,0.969238,0.580078,0.992188
438.000000,900.000000,0.909180,1.000000,0.999512,0.965332,0.586914,0.989746
439.000000,900.000000,0.907715,1.000000,0.996582,0.970703,0.589844,0.990723
440.000000,900.000000,0.908691,1.000000,1.000000,0.971191,0.589844,0.990234
441.000000,900.000000,0.909180,1.000000,1.000000,0.970703,0.594727,0.987793
442.000000,900.000000,0.907227,1.000000,1.000000,0.971680,0.584961,0.992188
443.000000,900.000000,0.903809,1.000000,0.999512,0.969727,0.570312,0.986328
444.000000,900.000000,0.902832,1.000000,0.997070,0.972656,0.572266,0.982422
445.000000,900.000000,0.905273,1.000000,0.983887,0.969727,0.579102,0.992676
446.000000,900.000000,0.909668,1.000000,0.996582,0.969727,0.589844,0.988770
447.000000,900.000000,0.903320,1.000000,1.000000,0.970703,0.571289,0.993652
448.000000,900.000000,0.905762,1.000000,0.994629,0.968262,0.582031,0.989258
449.000000,900.000000,0.907715,1.000000,0.997070,0.968262,0.582031,0.987305
450.000000,900.000000,0.910645,0.000000,0.999512,0.970703,0.596680,0.992188
451.000000,900.000000,0.905273,1.000000,1.000000,0.967773,0.576172,0.990234
452.000000,900.000000,0.910156,1.000000,0.993652,0.971191,0.597656,0.992676
453.000000,900.000000,0.907227,1.000000,0.999512,0.967773,0.584961,0.985840
454.000000,900.000000,0.909668,1.000000,0.997070,0.970703,0.593750,0.993164
455.000000,900.000000,0.907227,1.000000,0.999512,0.968750,0.584961,0.986816
456.000000,900.000000,0.906250,1.000000,0.990723,0.969238,0.578125,0.987793
457.000000,900.000000,0.911133,1.000000,1.000000,0.966797,0.595703,0.982422
458.000000,900.000000,0.905273,1.000000,1.000000,0.971191,0.574219,0.994629
459.000000,900.000000,0.908691,1.000000,0.999512,0.969238,0.587891,0.983887
460.000000,900.000000,0.906738,0.000000,1.000000,0.970215,0.587891,0.985352
461.000000,900.000000,0.907715,1.000000,0.999512,0.971191,0.592773,0.984863
462.000000,900.000000,0.906250,1.000000,0.998535,0.971191,0.577148,0.992676
463.000000,900.000000,0.908203,1.000000,0.999023,0.970215,0.589844,0.991211
464.000000,900.000000,0.909668,1.000000,0.999023,0.971191,0.592773,0.992676
465.000000,900.000000,0.909668,1.000000,0.986328,0.968262,0.595703,0.990723
466.000000,900.000000,0.909180,1.000000,0.998047,0.969727,0.595703,0.992188
467.000000,900.000000,0.905273,1.000000,0.999023,0.967285,0.576172,0.989746
468.000000,900.000000,0.908203,1.000000,0.999023,0.972656,0.589844,0.992188
469.000000,900.000000,0.905762,1.000000,0.997070,0.966309,0.583008,0.986328
470.000000,900.000000,0.902344,1.000000,0.993652,0.969727,0.572266,0.984863
471.000000,900.000000,0.903809,1.000000,0.990723,0.970703,0.573242,0.990723
472.000000,900.000000,0.909668,1.000000,1.000000,0.971191,0.592773,0.987793
473.000000,900.000000,0.909668,1.000000,0.998535,0.967285,0.591797,0.992188
474.000000,900.000000,0.905762,1.000000,0.997070,0.968262,0.576172,0.993164
475.000000,900.000000,0.910645,1.000000,0.998047,0.971680,0.597656,0.987305
476.000000,900.000000,0.907227,1.000000,0.998535,0.970215,0.584961,0.993652
477.000000,900.000000,0.908203,1.000000,0.998535,0.968262,0.587891,0.984375
478.000000,900.000000,0.906738,1.000000,1.000000,0.971191,0.581055,0.990723
479.000000,900.000000,0.905273,1.000000,0.999512,0.970215,0.575195,0.991211
480.000000,900.000000,0.904297,1.000000,0.999023,0.972168,0.572266,0.992188
481.000000,900.000000,0.907227,1.000000,1.000000,0.970703,0.585938,0.992188
482.000000,900.000000,0.908691,1.000000,0.999512,0.970215,0.584961,0.983887
483.000000,900.000000,0.905762,1.000000,0.999512,0.971680,0.583008,0.982910
484.000000,900.000000,0.903320,1.000000,1.000000,0.972168,0.568359,0.993164
485.000000,900.000000,0.908691,1.000000,0.997070,0.970215,0.590820,0.985840
486.000000,900.000000,0.903320,1.000000,0.996582,0.971191,0.572266,0.991211
487.000000,900.000000,0.907227,1.000000,0.999023,0.970703,0.583008,0.988770
488.000000,900.000000,0.906738,1.000000,1.000000,0.967285,0.585938,0.990723
489.000000,900.000000,0.908203,1.000000,0.999512,0.971680,0.585938,0.982422
490.000000,900.000000,0.908691,1.000000,1.000000,0.970703,0.586914,0.992188
491.000000,900.000000,0.911621,1.000000,1.000000,0.970703,0.597656,0.988281
492.000000,900.000000,0.903809,1.000000,0.995605,0.969727,0.576172,0.992676
493.000000,900.000000,0.905762,1.000000,0.998535,0.972168,0.578125,0.991699
494.000000,900.000000,0.902832,1.000000,0.992676,0.970215,0.569336,0.991699
495.000000,900.000000,0.907227,1.000000,0.999023,0.967285,0.583984,0.992676
496.000000,900.000000,0.905273,1.000000,0.995605,0.970703,0.576172,0.991211
497.000000,900.000000,0.907227,1.000000,0.999023,0.970215,0.585938,0.992676
498.000000,900.000000,0.912109,1.000000,1.000000,0.970703,0.597656,0.990234
499.000000,900.000000,0.910156,1.000000,1.000000,0.972168,0.595703,0.984863
500.000000,900.000000,0.907715,1.000000,0.994629,0.966309,0.591797,0.990723
501.000000,900.000000,0.904785,1.000000,0.999512,0.968262,0.576172,0.988281
502.000000,900.000000,0.905762,1.000000,0.997559,0.968750,0.578125,0.992188
503.000000,900.000000,0.907227,1.000000,0.997559,0.969238,0.587891,0.993164
504.000000,900.000000,0.910645,1.000000,1.000000,0.970215,0.599609,0.991699
505.000000,900.000000,0.909180,1.000000,1.000000,0.969727,0.586914,0.989746
506.000000,900.000000,0.907227,1.000000,1.000000,0.967773,0.580078,0.992188
507.000000,900.000000,0.907715,1.000000,0.986816,0.969727,0.583984,0.990234
508.000000,900.000000,0.904785,1.000000,1.000000,0.971191,0.577148,0.990234
509.000000,900.000000,0.901855,1.000000,0.980469,0.970215,0.568359,0.983887
510.000000,900.000000,0.903809,1.000000,0.999512,0.970215,0.575195,0.988770
511.000000,900.000000,0.907227,1.000000,0.998535,0.969727,0.585938,0.990723
512.000000,900.000000,0.910156,1.000000,0.999023,0.971680,0.596680,0.987305
513.000000,900.000000,0.907227,1.000000,0.996582,0.966309,0.582031,0.986328
514.000000,900.000000,0.908691,1.000000,0.999023,0.972168,0.588867,0.993164
515.000000,900.000000,0.909668,1.000000,1.000000,0.969238,0.590820,0.989746
516.000000,900.000000,0.907227,1.000000,0.990723,0.969727,0.583008,0.988770
517.000000,900.000000,0.907715,1.000000,0.997559,0.972168,0.585938,0.986328
518.000000,900.000000,0.912109,1.000000,0.999512,0.967773,0.599609,0.993164
519.000000,900.000000,0.902832,1.000000,0.999512,0.970215,0.568359,0.992676
520.000000,900.000000,0.904785,1.000000,0.999023,0.972656,0.574219,0.993164
521.000000,900.000000,0.908691,1.000000,1.000000,0.967773,0.589844,0.994141
522.000000,900.000000,0.907227,1.000000,0.998535,0.970703,0.583984,0.988281
523.000000,900.000000,0.906738,1.000000,0.999512,0.970215,0.581055,0.985352
524.000000,900.000000,0.908691,1.000000,1.000000,0.970215,0.589844,0.990234
525.000000,900.000000,0.906738,1.000000,1.000000,0.971191,0.583984,0.988770
526.000000,900.000000,0.908203,1.000000,0.999023,0.969727,0.590820,0.992188
527.000000,900.000000,0.907227,1.000000,0.996582,0.968262,0.587891,0.991699
528.000000,900.000000,0.903320,1.000000,0.999512,0.969238,0.571289,0.984863
529.000000,900.000000,0.901855,1.000000,0.999023,0.968262,0.566406,0.993652
530.000000,900.000000,0.909180,1.000000,0.994629,0.970703,0.592773,0.987305
531.000000,900.000000,0.902832,1.000000,0.999023,0.971191,0.570312,0.988281
532.000000,900.000000,0.908691,1.000000,1.000000,0.968262,0.588867,0.992676
533.000000,900.000000,0.908691,1.000000,0.996582,0.968750,0.587891,0.992188
534.000000,900.000000,0.906250,1.000000,1.000000,0.969727,0.584961,0.992188
535.000000,900.000000,0.910645,1.000000,0.997559,0.967285,0.594727,0.988281
536.000000,900.000000,0.909180,1.000000,0.999512,0.974121,0.596680,0.985840
537.000000,900.000000,0.907715,1.000000,1.000000,0.970215,0.586914,0.982422
538.000000,900.000000,0.907227,1.000000,1.000000,0.970703,0.589844,0.984863
539.000000,900.000000,0.907227,1.000000,0.997559,0.972168,0.581055,0.982910
540.000000,900.000000,0.908203,1.000000,0.986816,0.970703,0.584961,0.987793
541.000000,900.000000,0.905762,1.000000,0.998535,0.971191,0.580078,0.989746
542.000000,900.000000,0.907227,1.000000,0.992676,0.970215,0.586914,0.994141
543.000000,900.000000,0.902832,1.000000,0.998535,0.969238,0.572266,0.988770
544.000000,900.000000,0.907715,1.000000,0.995605,0.968262,0.588867,0.990234
545.000000,900.000000,0.907227,1.000000,0.989258,0.971191,0.585938,0.989258
546.000000,900.000000,0.903809,1.000000,1.000000,0.966309,0.579102,0.987305
547.000000,900.000000,0.909180,1.000000,1.000000,0.972656,0.591797,0.987305
548.000000,900.000000,0.902344,1.000000,0.998535,0.972168,0.571289,0.992188
549.000000,900.000000,0.906250,1.000000,0.998535,0.970215,0.582031,0.991211
550.000000,900.000000,0.904785,0.000000,0.998535,0.972656,0.571289,0.973145
551.000000,900.000000,0.901855,1.000000,0.999023,0.969727,0.569336,0.991211
552.000000,900.000000,0.902832,1.000000,1.000000,0.967285,0.572266,0.986328
553.000000,900.000000,0.904785,1.000000,1.000000,0.969727,0.579102,0.990234
554.000000,900.000000,0.910645,1.000000,0.998535,0.971680,0.594727,0.985840
555.000000,900.000000,0.905762,1.000000,0.994629,0.969727,0.578125,0.986328
556.000000,900.000000,0.908203,1.000000,0.998047,0.969727,0.590820,0.992188
557.000000,900.000000,0.904785,1.000000,0.994629,0.970703,0.575195,0.982910
558.000000,900.000000,0.907715,1.000000,0.995605,0.969238,0.585938,0.986328
559.000000,900.000000,0.907227,1.000000,0.974609,0.971680,0.584961,0.992188
560.000000,900.000000,0.908203,0.000000,0.993652,0.968750,0.591797,0.984375
561.000000,900.000000,0.906738,1.000000,0.995605,0.968750,0.583008,0.993164
562.000000,900.000000,0.905762,1.000000,0.999512,0.971191,0.579102,0.985352
563.000000,900.000000,0.902344,1.000000,0.997070,0.967773,0.568359,0.988281
564.000000,900.000000,0.909668,1.000000,0.997070,0.970215,0.591797,0.983887
565.000000,900.000000,0.900391,1.000000,1.000000,0.973145,0.562500,0.982422
566.000000,900.000000,0.904297,1.000000,0.999512,0.969727,0.579102,0.992676
567.000000,900.000000,0.912109,0.000000,0.999023,0.970703,0.603516,0.992188
568.000000,900.000000,0.907715,1.000000,0.990234,0.971680,0.586914,0.992188
569.000000,900.000000,0.906738,1.000000,1.000000,0.970703,0.583008,0.992188
570.000000,900.000000,0.909668,1.000000,1.000000,0.969727,0.592773,0.983887
571.000000,900.000000,0.908691,1.000000,0.993652,0.969727,0.590820,0.985840
572.000000,900.000000,0.907227,1.000000,0.998535,0.969238,0.591797,0.992676
573.000000,900.000000,0.904785,1.000000,0.997559,0.968750,0.573242,0.992188
574.000000,900.000000,0.910645,1.000000,0.999023,0.969727,0.595703,0.982910
575.000000,900.000000,0.911621,1.000000,0.983887,0.967285,0.599609,0.986328
576.000000,900.000000,0.907227,1.000000,0.999023,0.970215,0.581055,0.985352
577.000000,900.000000,0.910645,1.000000,0.999023,0.969727,0.598633,0.992188
578.000000,900.000000,0.909668,1.000000,0.997070,0.970215,0.591797,0.991211
579.000000,900.000000,0.905273,1.000000,0.991699,0.972656,0.579102,0.990234
580.000000,900.000000,0.911133,1.000000,0.999512,0.971191,0.596680,0.988281
581.000000,900.000000,0.908691,1.000000,0.999023,0.969727,0.586914,0.987305
582.000000,900.000000,0.903320,1.000000,0.999512,0.970703,0.573242,0.991699
583.000000,900.000000,0.902832,1.000000,0.999023,0.971680,0.573242,0.991699
584.000000,900.000000,0.904297,1.000000,0.993652,0.969238,0.577148,0.992676
585.000000,900.000000,0.911621,1.000000,0.990234,0.969238,0.599609,0.983887
586.000000,900.000000,0.909668,0.000000,0.999512,0.968750,0.592773,0.988281
587.000000,900.000000,0.901855,1.000000,0.991699,0.969238,0.570312,0.981445
588.000000,900.000000,0.906250,1.000000,0.981934,0.972656,0.583008,0.987305
589.000000,900.000000,0.903320,1.000000,0.999512,0.970215,0.575195,0.993652
590.000000,900.000000,0.904785,1.000000,0.998047,0.969727,0.575195,0.991699
591.000000,900.000000,0.908203,1.000000,0.999512,0.965820,0.588867,0.991699
592.000000,900.000000,0.901855,1.000000,0.994629,0.971191,0.570312,0.992188
593.000000,900.000000,0.906250,1.000000,1.000000,0.972168,0.584961,0.987305
594.000000,900.000000,0.906738,1.000000,1.000000,0.971191,0.583984,0.983887
595.000000,900.000000,0.907715,1.000000,1.000000,0.971191,0.583984,0.985352
596.000000,900.000000,0.906738,1.000000,1.000000,0.969238,0.581055,0.991211
597.000000,900.000000,0.902832,1.000000,0.995605,0.970703,0.576172,0.985840
598.000000,900.000000,0.909180,1.000000,1.000000,0.970215,0.595703,0.989746
599.000000,900.000000,0.904297,1.000000,1.000000,0.969238,0.576172,0.983887
600.000000,900.000000,0.906738,1.000000,0.994629,0.967773,0.583008,0.989258
601.000000,900.000000,0.906738,0.000000,0.999023,0.970215,0.586914,0.989746
602.000000,900.000000,0.901855,1.000000,0.990234,0.970703,0.571289,0.988281
603.000000,900.000000,0.912109,0.000000,0.997070,0.970215,0.597656,0.992188
604.000000,900.000000,0.903320,1.000000,0.999512,0.972168,0.571289,0.991211
605.000000,900.000000,0.907715,1.000000,0.998535,0.970703,0.589844,0.989746
606.000000,900.000000,0.911133,1.000000,0.997070,0.971680,0.597656,0.991699
607.000000,900.000000,0.909180,1.000000,0.993652,0.969238,0.591797,0.983887
608.000000,900.000000,0.907715,1.000000,0.996582,0.970703,0.589844,0.990234
609.000000,900.000000,0.909180,0.000000,0.999512,0.970215,0.589844,0.993164
610.000000,900.000000,0.906250,1.000000,0.999512,0.969238,0.583008,0.992188
611.000000,900.000000,0.911621,1.000000,1.000000,0.968750,0.600586,0.989746
612.000000,900.000000,0.907227,1.000000,0.991699,0.972656,0.582031,0.987793
613.000000,900.000000,0.902832,1.000000,1.000000,0.969727,0.569336,0.984863
614.000000,900.000000,0.906738,1.000000,0.998535,0.972168,0.584961,0.987793
615.000000,900.000000,0.903809,1.000000,0.998535,0.971680,0.571289,0.986816
616.000000,900.000000,0.906738,1.000000,0.996582,0.972168,0.581055,0.988770
617.000000,900.000000,0.901367,1.000000,0.999512,0.970215,0.568359,0.985840
618.000000,900.000000,0.910645,1.000000,1.000000,0.968262,0.594727,0.986328
619.000000,900.000000,0.903809,1.000000,1.000000,0.973145,0.575195,0.990234
620.000000,900.000000,0.907715,1.000000,0.997070,0.970703,0.584961,0.992188
621.000000,900.000000,0.906738,1.000000,0.999023,0.972656,0.581055,0.993652
622.000000,900.000000,0.909668,1.000000,0.995605,0.971191,0.593750,0.991699
623.000000,900.000000,0.903809,1.000000,0.994141,0.970215,0.577148,0.992676
624.000000,900.000000,0.907715,0.000000,1.000000,0.971680,0.585938,0.992188
625.000000,900.000000,0.909180,1.000000,0.994629,0.969238,0.589844,0.987793
626.000000,900.000000,0.912598,1.000000,1.000000,0.968262,0.605469,0.984375
627.000000,900.000000,0.907227,1.000000,0.990234,0.969727,0.580078,0.983887
628.000000,900.000000,0.904785,1.000000,0.998535,0.969727,0.577148,0.992676
629.000000,900.000000,0.907715,1.000000,0.998535,0.972168,0.587891,0.990723
630.000000,900.000000,0.909180,1.000000,0.999023,0.969727,0.590820,0.990234
631.000000,900.000000,0.908691,1.000000,1.000000,0.970703,0.588867,0.991699
632.000000,900.000000,0.910156,1.000000,0.997070,0.967773,0.589844,0.992188
633.000000,900.000000,0.903320,1.000000,0.995605,0.970215,0.572266,0.993164
634.000000,900.000000,0.908691,1.000000,0.998535,0.969727,0.591797,0.990234
635.000000,900.000000,0.914551,1.000000,0.974609,0.969238,0.609375,0.993164
636.000000,900.000000,0.904785,1.000000,0.998535,0.969727,0.578125,0.986328
637.000000,900.000000,0.907715,1.000000,0.994141,0.969727,0.583008,0.985840
638.000000,900.000000,0.906738,1.000000,0.989258,0.971680,0.584961,0.987793
639.000000,900.000000,0.908691,1.000000,0.998047,0.969238,0.592773,0.992676
640.000000,900.000000,0.907227,1.000000,1.000000,0.969727,0.582031,0.991699
641.000000,900.000000,0.909180,1.000000,0.999512,0.969238,0.587891,0.984863
642.000000,900.000000,0.907715,1.000000,0.999512,0.969727,0.585938,0.988281
643.000000,900.000000,0.906250,1.000000,0.991699,0.970703,0.587891,0.992676
644.000000,900.000000,0.899414,1.000000,0.996582,0.970215,0.562500,0.991211
645.000000,900.000000,0.904785,1.000000,0.987793,0.971680,0.577148,0.985840
646.000000,900.000000,0.907227,1.000000,1.000000,0.970215,0.583008,0.992188
647.000000,900.000000,0.911133,0.000000,1.000000,0.969727,0.601562,0.988281
648.000000,900.000000,0.909180,1.000000,1.000000,0.970703,0.591797,0.984375
649.000000,900.000000,0.907227,1.000000,0.998047,0.969727,0.583984,0.992188
650.000000,900.000000,0.908691,1.000000,0.999512,0.969727,0.587891,0.993652
651.000000,900.000000,0.903809,1.000000,1.000000,0.970703,0.577148,0.993652
652.000000,900.000000,0.905762,1.000000,0.998535,0.968262,0.581055,0.990234
653.000000,900.000000,0.912109,1.000000,0.997070,0.971680,0.603516,0.988281
654.000000,900.000000,0.905762,1.000000,0.996582,0.965332,0.580078,0.992676
655.000000,900.000000,0.907715,1.000000,1.000000,0.969727,0.584961,0.992676
656.000000,900.000000,0.908691,1.000000,0.997070,0.968750,0.590820,0.990723
657.000000,900.000000,0.909668,1.000000,1.000000,0.970215,0.591797,0.992188
658.000000,900.000000,0.906738,1.000000,0.994141,0.971191,0.583008,0.990723
659.000000,900.000000,0.914062,1.000000,0.978516,0.969238,0.608398,0.992188
660.000000,900.000000,0.907227,1.000000,1.000000,0.969238,0.586914,0.989746
661.000000,900.000000,0.900879,1.000000,0.993652,0.969238,0.565430,0.987793
662.000000,900.000000,0.911621,1.000000,0.999023,0.969238,0.597656,0.994141
663.000000,900.000000,0.906250,0.000000,0.995605,0.969727,0.581055,0.987305
664.000000,900.000000,0.908203,1.000000,0.990723,0.970703,0.583984,0.993164
665.000000,900.000000,0.906250,1.000000,0.996582,0.968262,0.583008,0.988770
666.000000,900.000000,0.911133,1.000000,1.000000,0.969238,0.598633,0.990723
667.000000,900.000000,0.910645,1.000000,0.998047,0.970215,0.595703,0.993652
668.000000,900.000000,0.908691,1.000000,0.994141,0.972168,0.587891,0.986816
669.000000,900.000000,0.905273,1.000000,0.999512,0.972168,0.579102,0.989258
670.000000,900.000000,0.908691,1.000000,0.994629,0.971191,0.590820,0.986328
671.000000,900.000000,0.903809,1.000000,0.993652,0.969727,0.575195,0.987793
672.000000,900.000000,0.905273,1.000000,0.999512,0.969727,0.578125,0.991699
673.000000,900.000000,0.905273,1.000000,0.992676,0.971680,0.577148,0.990234
674.000000,900.000000,0.911621,1.000000,0.999023,0.971680,0.600586,0.989258
675.000000,900.000000,0.908691,1.000000,0.992676,0.969727,0.592773,0.991699
676.000000,900.000000,0.903320,1.000000,0.995605,0.971191,0.569336,0.989258
677.000000,900.000000,0.905762,1.000000,0.994629,0.968262,0.583008,0.992676
678.000000,900.000000,0.908203,1.000000,0.998535,0.971680,0.586914,0.991211
679.000000,900.000000,0.909668,1.000000,0.998535,0.971191,0.594727,0.990234
680.000000,900.000000,0.910156,1.000000,0.995605,0.970215,0.596680,0.990234
681.000000,900.000000,0.900391,1.000000,0.991699,0.971680,0.563477,0.983887
682.000000,900.000000,0.902832,1.000000,0.998535,0.969727,0.567383,0.983887
683.000000,900.000000,0.906738,0.000000,1.000000,0.970215,0.582031,0.992188
684.000000,900.000000,0.909180,1.000000,1.000000,0.970215,0.591797,0.986328
685.000000,900.000000,0.907715,1.000000,0.999023,0.969238,0.585938,0.988770
686.000000,900.000000,0.912109,1.000000,0.999512,0.968262,0.598633,0.983887
687.000000,900.000000,0.914062,1.000000,0.995605,0.968750,0.611328,0.990723
688.000000,900.000000,0.907715,1.000000,0.999023,0.970703,0.588867,0.985352
689.000000,900.000000,0.907715,1.000000,0.998047,0.967773,0.584961,0.992676
690.000000,900.000000,0.904297,1.000000,0.997070,0.970703,0.575195,0.992676
691.000000,900.000000,0.911133,1.000000,0.988281,0.970215,0.599609,0.990723
692.000000,900.000000,0.914551,1.000000,0.991699,0.968750,0.607422,0.993164
693.000000,900.000000,0.903809,1.000000,0.993652,0.969727,0.573242,0.992188
694.000000,900.000000,0.904297,1.000000,1.000000,0.968262,0.578125,0.991211
695.000000,900.000000,0.908691,1.000000,0.990234,0.971191,0.584961,0.989258
696.000000,900.000000,0.895996,1.000000,0.981934,0.969727,0.548828,0.985840
697.000000,900.000000,0.907715,1.000000,0.998535,0.970703,0.584961,0.984375
698.000000,900.000000,0.903809,1.000000,1.000000,0.968750,0.572266,0.988281
699.000000,900.000000,0.903809,1.000000,0.989258,0.968750,0.571289,0.986328
700.000000,900.000000,0.907715,1.000000,0.999023,0.969238,0.583984,0.988770
701.000000,900.000000,0.906738,1.000000,0.991699,0.969727,0.582031,0.989746
702.000000,900.000000,0.909180,1.000000,0.993652,0.969727,0.593750,0.993652
703.000000,900.000000,0.905762,1.000000,0.998535,0.967773,0.581055,0.986328
704.000000,900.000000,0.907715,1.000000,0.999023,0.971191,0.587891,0.987305
705.000000,900.000000,0.908203,1.000000,0.999512,0.970703,0.587891,0.992676
706.000000,900.000000,0.912598,1.000000,0.996582,0.969238,0.606445,0.990723
707.000000,900.000000,0.909668,1.000000,0.997070,0.969727,0.594727,0.991699
708.000000,900.000000,0.901367,1.000000,0.998047,0.970703,0.565430,0.989746
709.000000,900.000000,0.902832,1.000000,0.990723,0.971680,0.569336,0.989746
710.000000,900.000000,0.910645,0.000000,0.998535,0.968262,0.596680,0.993652
711.000000,900.000000,0.907227,1.000000,1.000000,0.970703,0.587891,0.989746
712.000000,900.000000,0.905762,1.000000,0.998535,0.971191,0.575195,0.988281
713.000000,900.000000,0.915039,1.000000,0.999023,0.969238,0.610352,0.992188
714.000000,900.000000,0.905762,1.000000,0.999512,0.969238,0.581055,0.984375
715.000000,900.000000,0.903320,1.000000,0.995605,0.968750,0.568359,0.990723
716.000000,900.000000,0.904785,1.000000,1.000000,0.969238,0.577148,0.990234
717.000000,900.000000,0.909180,1.000000,1.000000,0.969727,0.591797,0.991211
718.000000,900.000000,0.904297,1.000000,0.992676,0.973633,0.577148,0.987793
719.000000,900.000000,0.906738,1.000000,1.000000,0.969727,0.585938,0.990723
720.000000,900.000000,0.912598,1.000000,0.991699,0.970215,0.605469,0.992676
721.000000,900.000000,0.909180,1.000000,1.000000,0.969727,0.593750,0.992676
722.000000,900.000000,0.903809,1.000000,1.000000,0.970215,0.572266,0.988770
723.000000,900.000000,0.912109,1.000000,1.000000,0.973633,0.601562,0.992676
724.000000,900.000000,0.907227,1.000000,0.983887,0.968750,0.585938,0.988770
725.000000,900.000000,0.906738,1.000000,0.991699,0.971680,0.583984,0.990723
726.000000,900.000000,0.906738,1.000000,0.994629,0.970215,0.582031,0.993652
727.000000,900.000000,0.905273,1.000000,1.000000,0.970703,0.581055,0.992188
728.000000,900.000000,0.909180,1.000000,1.000000,0.969727,0.591797,0.992188
729.000000,900.000000,0.909668,1.000000,0.997070,0.970215,0.592773,0.990723
730.000000,900.000000,0.903809,1.000000,0.999023,0.969727,0.574219,0.991699
731.000000,900.000000,0.911621,1.000000,1.000000,0.970703,0.602539,0.989746
732.000000,900.000000,0.907227,1.000000,0.998535,0.969238,0.586914,0.987305
733.000000,900.000000,0.902832,1.000000,0.997070,0.967285,0.573242,0.985352
734.000000,900.000000,0.903809,1.000000,0.999512,0.972656,0.570312,0.992188
735.000000,900.000000,0.907715,1.000000,1.000000,0.968750,0.588867,0.990234
736.000000,900.000000,0.905273,1.000000,0.997070,0.973145,0.581055,0.986328
737.000000,900.000000,0.908691,1.000000,1.000000,0.971191,0.585938,0.992188
738.000000,900.000000,0.904297,1.000000,0.989258,0.972168,0.575195,0.982422
739.000000,900.000000,0.906738,1.000000,0.999023,0.970215,0.584961,0.993164
740.000000,900.000000,0.903809,1.000000,0.999023,0.970703,0.577148,0.984375
741.000000,900.000000,0.910156,1.000000,0.999512,0.971680,0.595703,0.992188
742.000000,900.000000,0.914551,1.000000,0.994141,0.972168,0.605469,0.993164
743.000000,900.000000,0.909668,1.000000,0.990234,0.970703,0.592773,0.985840
744.000000,900.000000,0.906250,1.000000,1.000000,0.970703,0.580078,0.985352
745.000000,900.000000,0.904785,1.000000,0.996582,0.972656,0.576172,0.985840
746.000000,900.000000,0.906738,1.000000,1.000000,0.970703,0.585938,0.986816
747.000000,900.000000,0.911621,0.000000,1.000000,0.968750,0.598633,0.992188
748.000000,900.000000,0.904785,1.000000,0.992676,0.972168,0.579102,0.992676
749.000000,900.000000,0.908203,1.000000,0.999512,0.972656,0.587891,0.993164
750.000000,900.000000,0.914062,1.000000,0.999512,0.971680,0.607422,0.982910
751.000000,900.000000,0.905762,1.000000,0.992676,0.972656,0.582031,0.983398
752.000000,900.000000,0.910645,1.000000,0.994629,0.971191,0.598633,0.983398
753.000000,900.000000,0.909668,1.000000,1.000000,0.970703,0.588867,0.988281
754.000000,900.000000,0.909668,1.000000,1.000000,0.967285,0.594727,0.992188
755.000000,900.000000,0.905762,1.000000,0.997070,0.972168,0.583984,0.987793
756.000000,900.000000,0.907715,1.000000,1.000000,0.971680,0.587891,0.990234
757.000000,900.000000,0.905273,1.000000,1.000000,0.968750,0.579102,0.977051
758.000000,900.000000,0.909668,1.000000,0.995605,0.967285,0.592773,0.991211
759.000000,900.000000,0.906250,1.000000,0.989258,0.966797,0.583008,0.993164
760.000000,900.000000,0.908203,1.000000,0.997070,0.969238,0.587891,0.993652
761.000000,900.000000,0.912598,1.000000,0.999512,0.971191,0.602539,0.985840
762.000000,900.000000,0.902832,1.000000,0.998535,0.969238,0.567383,0.983887
763.000000,900.000000,0.908203,1.000000,0.999023,0.968750,0.589844,0.991699
764.000000,900.000000,0.902832,1.000000,0.995605,0.969727,0.568359,0.987793
765.000000,900.000000,0.901855,1.000000,0.990234,0.968262,0.565430,0.983398
766.000000,900.000000,0.909180,1.000000,0.994629,0.969727,0.588867,0.992676
767.000000,900.000000,0.905273,1.000000,1.000000,0.969238,0.578125,0.990723
768.000000,900.000000,0.903809,1.000000,0.999512,0.970703,0.575195,0.989258
769.000000,900.000000,0.907227,1.000000,1.000000,0.971680,0.587891,0.988770
770.000000,900.000000,0.908691,1.000000,0.996582,0.972168,0.588867,0.992676
771.000000,900.000000,0.912109,1.000000,0.999023,0.967773,0.602539,0.993652
772.000000,900.000000,0.906250,1.000000,0.991699,0.969727,0.580078,0.992676
773.000000,900.000000,0.906738,1.000000,0.996582,0.969727,0.583008,0.992676
774.000000,900.000000,0.904297,1.000000,1.000000,0.970215,0.575195,0.986816
775.000000,900.000000,0.904785,1.000000,0.991699,0.966797,0.574219,0.991211
776.000000,900.000000,0.908691,1.000000,0.996582,0.971191,0.591797,0.983887
777.000000,900.000000,0.906738,1.000000,0.999512,0.969727,0.583984,0.992676
778.000000,900.000000,0.907227,1.000000,0.990234,0.969238,0.583984,0.992188
779.000000,900.000000,0.908203,1.000000,0.995605,0.968750,0.588867,0.993164
780.000000,900.000000,0.907227,0.000000,0.998535,0.969238,0.585938,0.990234
781.000000,900.000000,0.905762,1.000000,0.995605,0.970215,0.579102,0.989746
782.000000,900.000000,0.915039,1.000000,0.995605,0.969238,0.610352,0.992676
783.000000,900.000000,0.910645,1.000000,0.994629,0.968750,0.597656,0.985840
784.000000,900.000000,0.905762,0.000000,1.000000,0.972168,0.582031,0.992188
785.000000,900.000000,0.908691,1.000000,0.990234,0.966797,0.588867,0.985840
786.000000,900.000000,0.905273,1.000000,0.978516,0.970703,0.578125,0.990723
787.000000,900.000000,0.907715,1.000000,1.000000,0.970703,0.586914,0.990723
788.000000,900.000000,0.903809,1.000000,0.990234,0.967773,0.570312,0.993164
789.000000,900.000000,0.906738,1.000000,0.997070,0.969727,0.583984,0.984375
790.000000,900.000000,0.911133,1.000000,0.999512,0.974121,0.596680,0.986328
791.000000,900.000000,0.909668,1.000000,0.997559,0.971191,0.589844,0.985352
792.000000,900.000000,0.909180,1.000000,0.998535,0.970703,0.591797,0.989746
793.000000,900.000000,0.908691,1.000000,0.983398,0.969727,0.589844,0.992188
794.000000,900.000000,0.906738,1.000000,0.998535,0.971191,0.582031,0.991699
795.000000,900.000000,0.910645,1.000000,0.998535,0.972168,0.594727,0.991211
796.000000,900.000000,0.907227,1.000000,0.999512,0.970703,0.584961,0.984375
797.000000,900.000000,0.903809,1.000000,0.998047,0.969238,0.571289,0.992188
798.000000,900.000000,0.907227,1.000000,0.986328,0.970215,0.587891,0.992188
799.000000,900.000000,0.905762,1.000000,0.989258,0.970703,0.580078,0.992676
800.000000,900.000000,0.904785,1.000000,1.000000,0.970703,0.577148,0.988770
801.000000,900.000000,0.910156,1.000000,0.999512,0.973145,0.596680,0.989746
802.000000,900.000000,0.906250,1.000000,1.000000,0.971191,0.582031,0.991211
803.000000,900.000000,0.907227,1.000000,1.000000,0.971191,0.586914,0.989746
804.000000,900.000000,0.912109,1.000000,0.995605,0.970703,0.597656,0.990234
805.000000,900.000000,0.905762,1.000000,1.000000,0.971680,0.582031,0.985840
806.000000,900.000000,0.906250,1.000000,0.990723,0.968262,0.581055,0.989746
807.000000,900.000000,0.907227,1.000000,0.997070,0.967773,0.585938,0.993164
808.000000,900.000000,0.913574,1.000000,0.995605,0.966797,0.606445,0.992188
809.000000,900.000000,0.905273,1.000000,1.000000,0.969238,0.581055,0.990234
810.000000,900.000000,0.910645,0.000000,0.999512,0.971191,0.593750,0.992676
811.000000,900.000000,0.906250,1.000000,0.999023,0.969727,0.581055,0.992676
812.000000,900.000000,0.903809,1.000000,0.991699,0.969727,0.578125,0.983398
813.000000,900.000000,0.907227,1.000000,0.997070,0.972168,0.586914,0.993164
814.000000,900.000000,0.905762,1.000000,0.996582,0.969727,0.583008,0.983887
815.000000,900.000000,0.907227,1.000000,0.989258,0.969727,0.581055,0.987305
816.000000,900.000000,0.909668,1.000000,0.999512,0.970215,0.589844,0.989258
817.000000,900.000000,0.903809,1.000000,0.997070,0.969727,0.571289,0.991699
818.000000,900.000000,0.903320,1.000000,0.996582,0.967285,0.571289,0.986328
819.000000,900.000000,0.910645,1.000000,0.996582,0.970215,0.599609,0.987305
820.000000,900.000000,0.907227,1.000000,1.000000,0.970215,0.587891,0.992676
821.000000,900.000000,0.903320,1.000000,1.000000,0.970703,0.570312,0.992676
822.000000,900.000000,0.904785,1.000000,1.000000,0.972168,0.572266,0.992188
823.000000,900.000000,0.910156,0.000000,0.999023,0.971680,0.593750,0.993164
824.000000,900.000000,0.903320,1.000000,0.990723,0.970215,0.575195,0.988281
825.000000,900.000000,0.905762,1.000000,0.999512,0.968750,0.578125,0.987793
826.000000,900.000000,0.907715,1.000000,0.998535,0.969238,0.583984,0.991211
827.000000,900.000000,0.905273,1.000000,0.992676,0.970215,0.581055,0.982422
828.000000,900.000000,0.904785,1.000000,0.999512,0.970215,0.574219,0.985352
829.000000,900.000000,0.907227,1.000000,1.000000,0.973633,0.582031,0.991211
830.000000,900.000000,0.907715,1.000000,0.999023,0.972168,0.588867,0.993164
831.000000,900.000000,0.907227,1.000000,1.000000,0.969727,0.586914,0.989258
832.000000,900.000000,0.910156,1.000000,0.997070,0.968262,0.593750,0.990723
833.000000,900.000000,0.906250,1.000000,0.994629,0.969238,0.580078,0.991211
834.000000,900.000000,0.907715,1.000000,1.000000,0.971680,0.585938,0.993164
835.000000,900.000000,0.909180,1.000000,0.999023,0.969238,0.592773,0.992676
836.000000,900.000000,0.907227,1.000000,0.999023,0.969727,0.583984,0.989746
837.000000,900.000000,0.904785,1.000000,0.998047,0.968262,0.579102,0.986816
838.000000,900.000000,0.904297,1.000000,0.997070,0.971191,0.575195,0.986328
839.000000,900.000000,0.905762,0.000000,1.000000,0.969727,0.582031,0.987305
840.000000,900.000000,0.906250,0.000000,0.994141,0.970215,0.581055,0.991699
841.000000,900.000000,0.909668,1.000000,0.996582,0.971680,0.590820,0.991211
842.000000,900.000000,0.907715,1.000000,0.999512,0.969727,0.583984,0.983398
843.000000,900.000000,0.909180,1.000000,1.000000,0.970215,0.589844,0.991211
844.000000,900.000000,0.908691,1.000000,0.994141,0.970703,0.590820,0.992676
845.000000,900.000000,0.908691,1.000000,0.986816,0.968750,0.591797,0.990723
846.000000,900.000000,0.909180,1.000000,0.990234,0.971680,0.595703,0.992188
847.000000,900.000000,0.911133,1.000000,0.999512,0.967773,0.598633,0.990723
848.000000,900.000000,0.907227,1.000000,1.000000,0.970703,0.582031,0.992676
849.000000,900.000000,0.905762,1.000000,0.999512,0.968750,0.580078,0.985352
850.000000,900.000000,0.907715,1.000000,1.000000,0.968262,0.583008,0.990723
851.000000,900.000000,0.906250,1.000000,0.989258,0.971680,0.579102,0.992676
852.000000,900.000000,0.905273,1.000000,0.999023,0.969238,0.578125,0.987793
853.000000,900.000000,0.913574,1.000000,1.000000,0.972168,0.602539,0.987305
854.000000,900.000000,0.907227,1.000000,1.000000,0.969727,0.586914,0.985352
855.000000,900.000000,0.904297,1.000000,0.990234,0.969238,0.582031,0.987305
856.000000,900.000000,0.904297,0.000000,0.996582,0.970215,0.575195,0.982910
857.000000,900.000000,0.903809,1.000000,1.000000,0.970703,0.572266,0.990234
858.000000,900.000000,0.906250,1.000000,0.996582,0.971680,0.583008,0.991699
859.000000,900.000000,0.902832,1.000000,0.981934,0.968262,0.572266,0.982910
860.000000,900.000000,0.909668,1.000000,0.998535,0.970703,0.592773,0.990723
861.000000,900.000000,0.904785,1.000000,0.999512,0.968750,0.579102,0.992676
862.000000,900.000000,0.908691,1.000000,1.000000,0.971191,0.584961,0.992188
863.000000,900.000000,0.903320,1.000000,0.998535,0.967773,0.576172,0.991699
864.000000,900.000000,0.907227,1.000000,0.997070,0.970703,0.584961,0.990723
865.000000,900.000000,0.906738,1.000000,0.997559,0.967285,0.583008,0.986328
866.000000,900.000000,0.909668,1.000000,0.997559,0.968750,0.593750,0.989746
867.000000,900.000000,0.910645,1.000000,0.998535,0.971191,0.594727,0.984375
868.000000,900.000000,0.909668,1.000000,0.963867,0.969727,0.589844,0.992188
869.000000,900.000000,0.905762,1.000000,0.993652,0.970215,0.578125,0.992676
870.000000,900.000000,0.909668,1.000000,0.999512,0.970703,0.592773,0.988770
871.000000,900.000000,0.912109,1.000000,0.983398,0.969727,0.601562,0.992188
872.000000,900.000000,0.909180,1.000000,0.997070,0.969727,0.591797,0.985840
873.000000,900.000000,0.904785,1.000000,0.999512,0.971680,0.574219,0.991211
874.000000,900.000000,0.907715,1.000000,0.998047,0.971191,0.591797,0.987305
875.000000,900.000000,0.903320,1.000000,1.000000,0.968750,0.575195,0.981445
876.000000,900.000000,0.906250,1.000000,0.998047,0.972168,0.578125,0.985352
877.000000,900.000000,0.903320,1.000000,0.998535,0.969238,0.573242,0.991699
878.000000,900.000000,0.909180,1.000000,0.998535,0.970215,0.592773,0.992676
879.000000,900.000000,0.914062,0.000000,0.999512,0.971191,0.610352,0.990723
880.000000,900.000000,0.906738,1.000000,0.991699,0.970215,0.582031,0.983887
881.000000,900.000000,0.909180,1.000000,0.997070,0.970703,0.589844,0.992188
882.000000,900.000000,0.903809,1.000000,1.000000,0.971191,0.576172,0.992676
883.000000,900.000000,0.905762,1.000000,0.998535,0.972168,0.582031,0.985840
884.000000,900.000000,0.906250,1.000000,0.988281,0.974609,0.583008,0.987793
885.000000,900.000000,0.904785,1.000000,0.999023,0.969727,0.579102,0.988770
886.000000,900.000000,0.907227,1.000000,1.000000,0.969727,0.585938,0.990234
887.000000,900.000000,0.905273,1.000000,1.000000,0.968750,0.575195,0.983398
888.000000,900.000000,0.904297,1.000000,1.000000,0.972656,0.576172,0.989258
889.000000,900.000000,0.904297,1.000000,0.999023,0.972168,0.579102,0.984863
890.000000,900.000000,0.903320,1.000000,1.000000,0.972656,0.571289,0.990723
891.000000,900.000000,0.904785,1.000000,0.997559,0.970703,0.581055,0.988281
892.000000,900.000000,0.910156,1.000000,1.000000,0.968262,0.593750,0.992676
893.000000,900.000000,0.908203,1.000000,0.996582,0.968262,0.588867,0.990723
894.000000,900.000000,0.908691,1.000000,0.991699,0.971191,0.589844,0.992676
895.000000,900.000000,0.907227,1.000000,1.000000,0.971191,0.587891,0.990234
896.000000,900.000000,0.906738,1.000000,0.998535,0.970215,0.584961,0.994141
897.000000,900.000000,0.907715,1.000000,1.000000,0.972656,0.585938,0.992676
898.000000,900.000000,0.905273,1.000000,0.990723,0.972168,0.582031,0.992676
899.000000,900.000000,0.907227,0.000000,1.000000,0.968750,0.584961,0.987793
900.000000,900.000000,0.901855,1.000000,0.992676,0.970703,0.574219,0.990723
901.000000,900.000000,0.907227,1.000000,0.994141,0.970703,0.584961,0.986816
902.000000,900.000000,0.903320,1.000000,0.999512,0.968262,0.576172,0.990723
903.000000,900.000000,0.909668,1.000000,0.998047,0.971191,0.596680,0.992188
904.000000,900.000000,0.903320,1.000000,0.996582,0.970703,0.574219,0.986816
905.000000,900.000000,0.908203,1.000000,0.998535,0.970703,0.591797,0.992676
906.000000,900.000000,0.909668,1.000000,1.000000,0.971191,0.594727,0.993652
907.000000,900.000000,0.902832,1.000000,0.999023,0.969727,0.570312,0.990234
908.000000,900.000000,0.909668,1.000000,1.000000,0.968750,0.591797,0.985840
909.000000,900.000000,0.903320,1.000000,1.000000,0.971680,0.569336,0.988281
910.000000,900.000000,0.905273,1.000000,0.992676,0.969238,0.582031,0.990723
911.000000,900.000000,0.911133,1.000000,0.999512,0.968262,0.596680,0.989746
912.000000,900.000000,0.904785,1.000000,1.000000,0.970703,0.578125,0.991699
913.000000,900.000000,0.906250,1.000000,1.000000,0.969727,0.581055,0.985352
914.000000,900.000000,0.912109,1.000000,0.998535,0.970703,0.601562,0.983398
915.000000,900.000000,0.908203,1.000000,0.998535,0.971191,0.589844,0.986816
916.000000,900.000000,0.907715,1.000000,0.999512,0.969238,0.586914,0.992188
917.000000,900.000000,0.911621,1.000000,0.998047,0.970215,0.600586,0.992188
918.000000,900.000000,0.897949,1.000000,0.997559,0.969238,0.551758,0.987305
919.000000,900.000000,0.907715,1.000000,0.999023,0.970215,0.584961,0.991699
920.000000,900.000000,0.909668,1.000000,0.996582,0.969238,0.592773,0.993164
921.000000,900.000000,0.913574,1.000000,0.999512,0.971191,0.605469,0.992188
922.000000,900.000000,0.907227,1.000000,1.000000,0.970703,0.583984,0.989746
923.000000,900.000000,0.902832,1.000000,0.994141,0.973145,0.571289,0.985840
924.000000,900.000000,0.908203,1.000000,0.994629,0.970215,0.584961,0.993652
925.000000,900.000000,0.909668,1.000000,0.998535,0.970703,0.594727,0.993164
926.000000,900.000000,0.905273,0.000000,1.000000,0.968262,0.582031,0.982910
927.000000,900.000000,0.909180,1.000000,0.997559,0.970703,0.591797,0.989258
928.000000,900.000000,0.905273,1.000000,0.998535,0.970703,0.580078,0.990234
929.000000,900.000000,0.910645,1.000000,0.999023,0.970703,0.593750,0.982422
930.000000,900.000000,0.905273,1.000000,0.999023,0.971191,0.579102,0.992188
931.000000,900.000000,0.903320,1.000000,1.000000,0.970215,0.578125,0.988281
932.000000,900.000000,0.905273,1.000000,0.989258,0.971191,0.579102,0.986328
933.000000,900.000000,0.906738,1.000000,1.000000,0.969727,0.583008,0.992676
934.000000,900.000000,0.903809,1.000000,0.996582,0.968750,0.571289,0.989258
935.000000,900.000000,0.906738,0.000000,1.000000,0.971191,0.583008,0.990723
936.000000,900.000000,0.908203,1.000000,0.995605,0.971191,0.589844,0.992188
937.000000,900.000000,0.900391,1.000000,0.998047,0.967773,0.563477,0.985840
938.000000,900.000000,0.907715,1.000000,0.997070,0.971191,0.583008,0.992188
939.000000,900.000000,0.908203,1.000000,0.999023,0.969727,0.588867,0.991211
940.000000,900.000000,0.906738,1.000000,0.999512,0.969727,0.581055,0.992188
941.000000,900.000000,0.905273,1.000000,0.990234,0.969238,0.577148,0.992676
942.000000,900.000000,0.907715,1.000000,0.997070,0.968262,0.584961,0.992188
943.000000,900.000000,0.908203,1.000000,0.999023,0.967773,0.587891,0.992188
944.000000,900.000000,0.908203,0.000000,0.998535,0.968262,0.589844,0.992188
945.000000,900.000000,0.901855,1.000000,0.998535,0.970703,0.563477,0.991699
946.000000,900.000000,0.916504,1.000000,0.999512,0.971191,0.612305,0.992676
947.000000,900.000000,0.904297,1.000000,0.997070,0.970703,0.574219,0.992188
948.000000,900.000000,0.913574,0.000000,1.000000,0.971191,0.606445,0.992188
949.000000,900.000000,0.901367,1.000000,0.998535,0.970703,0.566406,0.991211
950.000000,900.000000,0.908691,1.000000,0.986816,0.970215,0.587891,0.987305
951.000000,900.000000,0.902832,1.000000,1.000000,0.966309,0.571289,0.985352
952.000000,900.000000,0.908691,1.000000,0.996582,0.970215,0.590820,0.991211
953.000000,900.000000,0.909180,1.000000,0.995605,0.970703,0.589844,0.983398
954.000000,900.000000,0.909180,1.000000,0.998535,0.968262,0.586914,0.991211
955.000000,900.000000,0.908691,1.000000,1.000000,0.970703,0.587891,0.987793
956.000000,900.000000,0.906250,1.000000,0.990234,0.969727,0.583984,0.987305
957.000000,900.000000,0.907715,1.000000,0.999023,0.969238,0.583984,0.991699
958.000000,900.000000,0.910156,1.000000,0.999023,0.970215,0.595703,0.992676
959.000000,900.000000,0.904785,1.000000,0.997070,0.972168,0.574219,0.988281
960.000000,900.000000,0.909668,1.000000,1.000000,0.971191,0.590820,0.983398
961.000000,900.000000,0.903809,1.000000,1.000000,0.971680,0.576172,0.986328
962.000000,900.000000,0.904785,1.000000,1.000000,0.966309,0.575195,0.992188
963.000000,900.000000,0.911621,1.000000,1.000000,0.971680,0.602539,0.989746
964.000000,900.000000,0.908691,1.000000,0.999023,0.971191,0.590820,0.994141
965.000000,900.000000,0.905273,1.000000,0.999023,0.971680,0.581055,0.988281
966.000000,900.000000,0.908203,1.000000,1.000000,0.971191,0.589844,0.990234
967.000000,900.000000,0.913086,1.000000,0.999023,0.968750,0.603516,0.986816
968.000000,900.000000,0.912109,1.000000,0.999512,0.969727,0.596680,0.985840
969.000000,900.000000,0.904297,1.000000,0.994629,0.968750,0.573242,0.989746
970.000000,900.000000,0.904297,0.000000,0.999023,0.968750,0.576172,0.991211
971.000000,900.000000,0.908691,1.000000,0.994141,0.971191,0.589844,0.990234
972.000000,900.000000,0.910645,1.000000,1.000000,0.971680,0.595703,0.989258
973.000000,900.000000,0.907715,0.000000,1.000000,0.969727,0.587891,0.985840
974.000000,900.000000,0.910156,1.000000,0.999512,0.969238,0.592773,0.990723
975.000000,900.000000,0.906250,0.000000,1.000000,0.969238,0.583008,0.989258
976.000000,900.000000,0.907227,1.000000,0.999023,0.968750,0.585938,0.992188
977.000000,900.000000,0.910156,1.000000,0.999512,0.971680,0.592773,0.989746
978.000000,900.000000,0.912109,1.000000,1.000000,0.970215,0.600586,0.988770
979.000000,900.000000,0.909180,1.000000,1.000000,0.969238,0.592773,0.992188
980.000000,900.000000,0.909180,1.000000,1.000000,0.970215,0.588867,0.989258
981.000000,900.000000,0.907715,1.000000,0.991699,0.971680,0.588867,0.992676
982.000000,900.000000,0.908691,1.000000,0.997070,0.970215,0.589844,0.984375
983.000000,900.000000,0.903809,1.000000,0.997070,0.970215,0.578125,0.987305
984.000000,900.000000,0.908691,1.000000,1.000000,0.971191,0.589844,0.990723
985.000000,900.000000,0.904297,1.000000,1.000000,0.972656,0.577148,0.983398
986.000000,900.000000,0.910156,1.000000,0.997070,0.971680,0.594727,0.992188
987.000000,900.000000,0.909180,1.000000,0.999023,0.969238,0.593750,0.988281
988.000000,900.000000,0.908691,1.000000,1.000000,0.969727,0.589844,0.990723
989.000000,900.000000,0.909668,1.000000,0.991699,0.970703,0.597656,0.992676
990.000000,900.000000,0.913574,1.000000,1.000000,0.968750,0.604492,0.981934
991.000000,900.000000,0.904297,1.000000,0.991699,0.970215,0.583008,0.992188
992.000000,900.000000,0.905762,1.000000,0.999512,0.971680,0.581055,0.984375
993.000000,900.000000,0.910156,1.000000,1.000000,0.970703,0.595703,0.972656
994.000000,900.000000,0.910645,1.000000,0.992676,0.971680,0.599609,0.991699
995.000000,900.000000,0.904785,1.000000,0.999512,0.969727,0.577148,0.992188
996.000000,900.000000,0.904785,1.000000,1.000000,0.968750,0.574219,0.992188
997.000000,900.000000,0.903320,1.000000,0.996582,0.969238,0.571289,0.992188
998.000000,900.000000,0.909180,1.000000,0.981934,0.971680,0.592773,0.985840
999.000000,900.000000,0.905273,1.000000,0.997559,0.969238,0.574219,0.987793
1000.000000,900.000000,0.911621,1.000000,0.998535,0.970215,0.598633,0.991699
1.000000,1200.000000,0.928711,1.000000,0.997070,0.974609,0.635742,0.992188
2.000000,1200.000000,0.931641,1.000000,0.998535,0.972656,0.647949,0.990723
3.000000,1200.000000,0.930176,1.000000,1.000000,0.974121,0.639648,0.984863
4.000000,1200.000000,0.923340,1.000000,0.993652,0.973145,0.616699,0.992188
5.000000,1200.000000,0.924805,1.000000,0.999023,0.973633,0.621582,0.985352
6.000000,1200.000000,0.924805,1.000000,1.000000,0.974121,0.625000,0.988770
7.000000,1200.000000,0.930664,1.000000,0.999023,0.971191,0.643066,0.984375
8.000000,1200.000000,0.924805,1.000000,0.998535,0.971191,0.625000,0.990723
9.000000,1200.000000,0.926758,1.000000,1.000000,0.973633,0.630371,0.991211
10.000000,1200.000000,0.928711,1.000000,0.991211,0.976074,0.638184,0.991699
11.000000,1200.000000,0.929199,1.000000,0.993652,0.974121,0.639160,0.989258
12.000000,1200.000000,0.929199,1.000000,0.998535,0.973633,0.637695,0.992676
13.000000,1200.000000,0.923828,1.000000,1.000000,0.972656,0.621094,0.985840
14.000000,1200.000000,0.925293,1.000000,0.999512,0.973145,0.623535,0.987793
15.000000,1200.000000,0.929688,1.000000,0.999023,0.972168,0.639648,0.989258
16.000000,1200.000000,0.926758,1.000000,1.000000,0.972656,0.628418,0.991211
17.000000,1200.000000,0.927246,1.000000,1.000000,0.973633,0.630859,0.988770
18.000000,1200.000000,0.931152,1.000000,0.994629,0.972168,0.646973,0.987793
19.000000,1200.000000,0.931641,1.000000,0.995605,0.972168,0.646484,0.986328
20.000000,1200.000000,0.930664,1.000000,0.988281,0.976562,0.643555,0.992188
21.000000,1200.000000,0.930664,1.000000,0.999512,0.972168,0.646973,0.989746
22.000000,1200.000000,0.928711,1.000000,0.999512,0.972168,0.637695,0.983887
23.000000,1200.000000,0.931641,1.000000,0.998047,0.971680,0.647949,0.991699
24.000000,1200.000000,0.927734,1.000000,0.999512,0.973145,0.634766,0.987305
25.000000,1200.000000,0.929688,1.000000,0.998535,0.973145,0.639160,0.992676
26.000000,1200.000000,0.932617,1.000000,0.999023,0.971191,0.652832,0.987305
27.000000,1200.000000,0.927246,1.000000,0.992676,0.972656,0.634277,0.987793
28.000000,1200.000000,0.927734,1.000000,0.994141,0.975098,0.635742,0.985840
29.000000,1200.000000,0.927246,1.000000,1.000000,0.975586,0.632324,0.989746
30.000000,1200.000000,0.929199,1.000000,0.987305,0.974121,0.636719,0.992188
31.000000,1200.000000,0.926758,1.000000,0.993652,0.971680,0.629883,0.987793
32.000000,1200.000000,0.931152,1.000000,0.995605,0.975098,0.646973,0.985840
33.000000,1200.000000,0.927246,1.000000,0.995605,0.971680,0.630371,0.989258
34.000000,1200.000000,0.931152,1.000000,0.999512,0.974121,0.643555,0.992676
35.000000,1200.000000,0.929199,1.000000,0.999512,0.973633,0.640137,0.991211
36.000000,1200.000000,0.927246,1.000000,0.998047,0.972168,0.633301,0.987305
37.000000,1200.000000,0.927246,1.000000,1.000000,0.974609,0.631836,0.992188
38.000000,1200.000000,0.921875,1.000000,0.997070,0.973145,0.614258,0.984863
39.000000,1200.000000,0.927734,1.000000,0.998047,0.971191,0.632324,0.991699
40.000000,1200.000000,0.925293,1.000000,0.998535,0.972656,0.625488,0.984375
41.000000,1200.000000,0.928223,1.000000,0.998535,0.971191,0.637695,0.987305
42.000000,1200.000000,0.930664,1.000000,0.998535,0.974121,0.641113,0.990723
43.000000,1200.000000,0.929688,1.000000,0.994629,0.970215,0.639160,0.989746
44.000000,1200.000000,0.932129,1.000000,0.998535,0.971680,0.650391,0.989746
45.000000,1200.000000,0.930664,1.000000,1.000000,0.972656,0.642090,0.992188
46.000000,1200.000000,0.931152,0.000000,0.990234,0.973633,0.645020,0.992676
47.000000,1200.000000,0.927246,1.000000,0.982422,0.974609,0.632324,0.988281
48.000000,1200.000000,0.926758,1.000000,0.994629,0.973633,0.631348,0.988770
49.000000,1200.000000,0.929199,1.000000,0.999023,0.969238,0.637695,0.984863
50.000000,1200.000000,0.933105,1.000000,1.000000,0.973145,0.650391,0.988770
51.000000,1200.000000,0.931152,1.000000,1.000000,0.973145,0.643066,0.992188
52.000000,1200.000000,0.929688,1.000000,0.994141,0.975098,0.641602,0.991699
53.000000,1200.000000,0.925781,1.000000,0.986328,0.974121,0.628418,0.991211
54.000000,1200.000000,0.925781,1.000000,0.997559,0.972168,0.626465,0.989746
55.000000,1200.000000,0.922852,1.000000,0.998535,0.973145,0.616699,0.991699
56.000000,1200.000000,0.931641,1.000000,0.999512,0.972656,0.645996,0.988770
57.000000,1200.000000,0.929688,1.000000,0.999023,0.973145,0.639648,0.982910
58.000000,1200.000000,0.927246,1.000000,0.999512,0.974609,0.633301,0.992676
59.000000,1200.000000,0.930664,1.000000,1.000000,0.972656,0.642578,0.990234
60.000000,1200.000000,0.925781,1.000000,1.000000,0.973633,0.628906,0.992188
61.000000,1200.000000,0.932129,1.000000,1.000000,0.974121,0.646973,0.988281
62.000000,1200.000000,0.925781,1.000000,0.998047,0.975098,0.626465,0.983398
63.000000,1200.000000,0.926758,1.000000,0.993652,0.972656,0.630859,0.983398
64.000000,1200.000000,0.930176,1.000000,0.998535,0.974121,0.642578,0.985352
65.000000,1200.000000,0.929199,1.000000,0.998047,0.968750,0.636230,0.986816
66.000000,1200.000000,0.925781,1.000000,1.000000,0.975098,0.625977,0.990723
67.000000,1200.000000,0.930664,1.000000,1.000000,0.972168,0.644531,0.991699
68.000000,1200.000000,0.931152,1.000000,0.999023,0.970215,0.642090,0.990723
69.000000,1200.000000,0.924805,1.000000,0.993652,0.971680,0.625000,0.992188
70.000000,1200.000000,0.930176,1.000000,1.000000,0.975098,0.640137,0.991211
71.000000,1200.000000,0.926270,1.000000,0.999512,0.970215,0.630371,0.978516
72.000000,1200.000000,0.929688,1.000000,0.999023,0.974121,0.639648,0.992676
73.000000,1200.000000,0.928711,1.000000,0.999512,0.973145,0.635254,0.990723
74.000000,1200.000000,0.924805,1.000000,0.999512,0.974609,0.623535,0.992676
75.000000,1200.000000,0.928711,1.000000,0.998047,0.971680,0.636230,0.989746
76.000000,1200.000000,0.927246,0.000000,0.995117,0.971191,0.630859,0.991699
77.000000,1200.000000,0.932129,1.000000,0.998535,0.972656,0.646484,0.991699
78.000000,1200.000000,0.928711,1.000000,1.000000,0.971191,0.636230,0.986816
79.000000,1200.000000,0.930664,1.000000,1.000000,0.972656,0.642090,0.992676
80.000000,1200.000000,0.923340,1.000000,0.989258,0.973145,0.619629,0.990723
81.000000,1200.000000,0.929688,1.000000,0.995605,0.975098,0.640137,0.989258
82.000000,1200.000000,0.930664,1.000000,0.998535,0.971191,0.645020,0.989258
83.000000,1200.000000,0.930176,1.000000,0.995117,0.971680,0.643555,0.988281
84.000000,1200.000000,0.931641,1.000000,0.990234,0.973633,0.645508,0.991699
85.000000,1200.000000,0.925293,1.000000,0.999512,0.973633,0.626953,0.992188
86.000000,1200.000000,0.929199,1.000000,1.000000,0.974121,0.638672,0.985840
87.000000,1200.000000,0.929688,1.000000,1.000000,0.974609,0.640625,0.992676
88.000000,1200.000000,0.926758,1.000000,1.000000,0.973145,0.628906,0.986816
89.000000,1200.000000,0.932129,1.000000,0.997559,0.976074,0.649414,0.989746
90.000000,1200.000000,0.927734,1.000000,0.992188,0.969727,0.632812,0.992188
91.000000,1200.000000,0.929199,1.000000,1.000000,0.974609,0.640137,0.992188
92.000000,1200.000000,0.931152,1.000000,0.999023,0.973145,0.644043,0.989258
93.000000,1200.000000,0.931641,1.000000,0.999023,0.974609,0.646973,0.986328
94.000000,1200.000000,0.928223,1.000000,0.998047,0.971680,0.636719,0.991699
95.000000,1200.000000,0.929688,1.000000,0.999023,0.969727,0.640137,0.984375
96.000000,1200.000000,0.928223,1.000000,0.998535,0.974609,0.634766,0.985840
97.000000,1200.000000,0.923828,1.000000,1.000000,0.971680,0.619629,0.989258
98.000000,1200.000000,0.930664,1.000000,0.997559,0.973145,0.646973,0.991211
99.000000,1200.000000,0.930176,1.000000,0.999512,0.972168,0.643555,0.993652
100.000000,1200.000000,0.922852,1.000000,0.999512,0.972168,0.616211,0.990234
101.000000,1200.000000,0.929199,0.000000,0.999023,0.973633,0.637695,0.988281
102.000000,1200.000000,0.928711,1.000000,0.998535,0.973145,0.638184,0.983398
103.000000,1200.000000,0.929199,1.000000,0.998047,0.973145,0.638184,0.992676
104.000000,1200.000000,0.932129,1.000000,0.995117,0.972656,0.648438,0.992676
105.000000,1200.000000,0.927734,0.000000,0.991699,0.972168,0.635254,0.989746
106.000000,1200.000000,0.928711,1.000000,0.994141,0.973145,0.636719,0.991211
107.000000,1200.000000,0.927734,1.000000,0.997559,0.973633,0.632324,0.992188
108.000000,1200.000000,0.929199,1.000000,0.999023,0.975098,0.638672,0.989746
109.000000,1200.000000,0.928711,1.000000,0.998535,0.973145,0.634766,0.992188
110.000000,1200.000000,0.930664,1.000000,0.997559,0.972656,0.642578,0.986816
111.000000,1200.000000,0.928711,1.000000,1.000000,0.972168,0.638184,0.988281
112.000000,1200.000000,0.927734,1.000000,0.997070,0.974609,0.635254,0.987305
113.000000,1200.000000,0.930664,1.000000,1.000000,0.975586,0.644531,0.991699
114.000000,1200.000000,0.931152,1.000000,1.000000,0.971191,0.643066,0.993164
115.000000,1200.000000,0.926270,1.000000,0.999023,0.972656,0.625488,0.991699
116.000000,1200.000000,0.931152,1.000000,0.995605,0.974121,0.645996,0.991211
117.000000,1200.000000,0.926758,1.000000,0.999023,0.974121,0.632812,0.992188
118.000000,1200.000000,0.930176,1.000000,0.993164,0.972656,0.640137,0.986816
119.000000,1200.000000,0.927246,1.000000,0.999023,0.973633,0.630859,0.988281
120.000000,1200.000000,0.932617,1.000000,0.989258,0.972656,0.653809,0.990234
121.000000,1200.000000,0.930176,1.000000,1.000000,0.971680,0.641113,0.984375
122.000000,1200.000000,0.931641,1.000000,0.998047,0.971680,0.646484,0.992188
123.000000,1200.000000,0.926758,1.000000,0.999023,0.971191,0.629395,0.992188
124.000000,1200.000000,0.926270,1.000000,0.999023,0.973145,0.628906,0.991211
125.000000,1200.000000,0.928223,1.000000,0.997559,0.974121,0.635742,0.985840
126.000000,1200.000000,0.928711,1.000000,0.999023,0.971191,0.635742,0.990723
127.000000,1200.000000,0.928223,1.000000,0.997559,0.973145,0.636719,0.988770
128.000000,1200.000000,0.931152,1.000000,0.996094,0.972168,0.645020,0.992676
129.000000,1200.000000,0.926270,1.000000,0.993164,0.972168,0.628418,0.987793
130.000000,1200.000000,0.929688,1.000000,0.988281,0.972168,0.640625,0.986816
131.000000,1200.000000,0.927246,1.000000,0.999023,0.972656,0.633789,0.992188
132.000000,1200.000000,0.929199,1.000000,0.999512,0.971680,0.640625,0.989746
133.000000,1200.000000,0.928711,1.000000,0.997070,0.973633,0.636719,0.983398
134.000000,1200.000000,0.928223,1.000000,0.999023,0.974609,0.634766,0.992188
135.000000,1200.000000,0.929199,1.000000,0.994629,0.972168,0.643555,0.986816
136.000000,1200.000000,0.935547,1.000000,0.991211,0.972656,0.658203,0.986816
137.000000,1200.000000,0.927734,1.000000,0.998535,0.973633,0.635742,0.992188
138.000000,1200.000000,0.932129,1.000000,0.994629,0.971680,0.644531,0.992188
139.000000,1200.000000,0.933105,1.000000,0.996582,0.972168,0.652344,0.988281
140.000000,1200.000000,0.929199,1.000000,0.999023,0.971191,0.640137,0.991211
141.000000,1200.000000,0.930664,1.000000,0.999023,0.973633,0.642090,0.989746
142.000000,1200.000000,0.928711,1.000000,0.996582,0.973633,0.634277,0.989258
143.000000,1200.000000,0.928223,1.000000,0.999023,0.972656,0.634766,0.983887
144.000000,1200.000000,0.928711,1.000000,0.999023,0.972168,0.634277,0.987793
145.000000,1200.000000,0.929688,1.000000,0.994629,0.972168,0.640137,0.987305
146.000000,1200.000000,0.925293,1.000000,1.000000,0.972168,0.624512,0.989746
147.000000,1200.000000,0.928711,0.000000,1.000000,0.973145,0.638184,0.988281
148.000000,1200.000000,0.927246,1.000000,0.998047,0.974121,0.632324,0.989258
149.000000,1200.000000,0.925293,1.000000,0.988281,0.973633,0.629883,0.992676
150.000000,1200.000000,0.928223,1.000000,0.997559,0.971680,0.635254,0.993652
151.000000,1200.000000,0.927246,0.000000,1.000000,0.974121,0.631836,0.991211
152.000000,1200.000000,0.924316,1.000000,0.994141,0.971191,0.622070,0.985840
153.000000,1200.000000,0.929688,1.000000,0.999023,0.971680,0.640625,0.994141
154.000000,1200.000000,0.930176,1.000000,0.999023,0.972168,0.645020,0.990723
155.000000,1200.000000,0.931152,1.000000,0.999512,0.974609,0.642090,0.992676
156.000000,1200.000000,0.931641,1.000000,0.990234,0.975098,0.648438,0.987793
157.000000,1200.000000,0.929199,1.000000,0.995605,0.971680,0.639160,0.990723
158.000000,1200.000000,0.927246,1.000000,0.997559,0.973145,0.630371,0.988770
159.000000,1200.000000,0.929199,1.000000,0.992676,0.972656,0.638184,0.993652
160.000000,1200.000000,0.931152,1.000000,1.000000,0.972168,0.644043,0.988281
161.000000,1200.000000,0.932617,1.000000,0.999512,0.972656,0.652344,0.988281
162.000000,1200.000000,0.932617,1.000000,0.996582,0.974121,0.652344,0.993164
163.000000,1200.000000,0.926270,1.000000,0.998047,0.972168,0.631836,0.981934
164.000000,1200.000000,0.931152,1.000000,0.999512,0.971680,0.644043,0.990234
165.000000,1200.000000,0.926270,1.000000,0.998535,0.972168,0.629883,0.991211
166.000000,1200.000000,0.932129,1.000000,1.000000,0.975586,0.649414,0.986328
167.000000,1200.000000,0.928711,1.000000,0.999023,0.974121,0.638184,0.987305
168.000000,1200.000000,0.923828,1.000000,0.999023,0.971191,0.617676,0.991211
169.000000,1200.000000,0.929688,1.000000,0.997559,0.972656,0.640625,0.985352
170.000000,1200.000000,0.927734,1.000000,0.997559,0.972168,0.634277,0.982422
171.000000,1200.000000,0.927734,1.000000,0.999023,0.974121,0.634277,0.988770
172.000000,1200.000000,0.930176,1.000000,1.000000,0.974609,0.640137,0.992188
173.000000,1200.000000,0.926270,0.000000,0.999512,0.972656,0.629883,0.988281
174.000000,1200.000000,0.925293,1.000000,0.997559,0.973145,0.625977,0.991211
175.000000,1200.000000,0.928223,1.000000,1.000000,0.975098,0.636719,0.990723
176.000000,1200.000000,0.927734,1.000000,0.993652,0.972168,0.634766,0.989258
177.000000,1200.000000,0.925781,1.000000,1.000000,0.972168,0.625977,0.991699
178.000000,1200.000000,0.932129,1.000000,0.995605,0.972656,0.649902,0.992188
179.000000,1200.000000,0.928711,1.000000,0.999023,0.972656,0.638184,0.989746
180.000000,1200.000000,0.931152,1.000000,1.000000,0.972656,0.642090,0.989258
181.000000,1200.000000,0.926758,1.000000,1.000000,0.973145,0.630859,0.993164
182.000000,1200.000000,0.931641,1.000000,1.000000,0.974121,0.645020,0.991699
183.000000,1200.000000,0.929688,1.000000,0.999023,0.973633,0.642578,0.987305
184.000000,1200.000000,0.928711,1.000000,1.000000,0.974121,0.635742,0.988281
185.000000,1200.000000,0.933594,1.000000,0.999023,0.974609,0.651367,0.993164
186.000000,1200.000000,0.931152,1.000000,1.000000,0.972168,0.644531,0.989258
187.000000,1200.000000,0.927734,1.000000,0.996582,0.973633,0.636719,0.992188
188.000000,1200.000000,0.932617,0.000000,1.000000,0.975098,0.647949,0.992188
189.000000,1200.000000,0.924316,1.000000,0.999023,0.975098,0.623535,0.989746
190.000000,1200.000000,0.926758,1.000000,0.993652,0.973145,0.630859,0.986328
191.000000,1200.000000,0.934082,1.000000,0.997559,0.972168,0.655762,0.990234
192.000000,1200.000000,0.930664,1.000000,0.998047,0.973145,0.645020,0.988770
193.000000,1200.000000,0.930176,1.000000,1.000000,0.974121,0.640625,0.988770
194.000000,1200.000000,0.932617,1.000000,0.999023,0.971191,0.651855,0.991699
195.000000,1200.000000,0.926758,1.000000,1.000000,0.974121,0.630859,0.986816
196.000000,1200.000000,0.931152,1.000000,0.999023,0.974609,0.644531,0.990723
197.000000,1200.000000,0.929199,0.000000,0.996094,0.976074,0.638672,0.992188
198.000000,1200.000000,0.929199,1.000000,0.998535,0.971680,0.637695,0.990723
199.000000,1200.000000,0.924805,1.000000,1.000000,0.972656,0.623535,0.983398
200.000000,1200.000000,0.924805,1.000000,0.998047,0.973145,0.623047,0.985352
201.000000,1200.000000,0.929688,1.000000,1.000000,0.973145,0.640137,0.992188
202.000000,1200.000000,0.925293,1.000000,1.000000,0.972656,0.623535,0.988281
203.000000,1200.000000,0.928711,1.000000,1.000000,0.974121,0.635742,0.991211
204.000000,1200.000000,0.928223,1.000000,0.994629,0.974121,0.635742,0.988281
205.000000,1200.000000,0.924805,1.000000,0.980957,0.974609,0.621582,0.990723
206.000000,1200.000000,0.924805,1.000000,1.000000,0.973145,0.623047,0.988770
207.000000,1200.000000,0.929688,1.000000,1.000000,0.973633,0.640137,0.989258
208.000000,1200.000000,0.926758,1.000000,0.998047,0.973145,0.629883,0.993652
209.000000,1200.000000,0.926270,1.000000,1.000000,0.974121,0.629883,0.991699
210.000000,1200.000000,0.931152,1.000000,1.000000,0.975586,0.644531,0.987305
211.000000,1200.000000,0.932129,1.000000,1.000000,0.975098,0.644531,0.992188
212.000000,1200.000000,0.932129,1.000000,0.994141,0.976074,0.647949,0.992188
213.000000,1200.000000,0.928223,1.000000,1.000000,0.975098,0.636230,0.990234
214.000000,1200.000000,0.930664,1.000000,0.999023,0.971680,0.643066,0.990234
215.000000,1200.000000,0.932129,1.000000,0.990723,0.973633,0.646484,0.985840
216.000000,1200.000000,0.929688,1.000000,0.998047,0.973145,0.641602,0.991699
217.000000,1200.000000,0.925293,1.000000,0.999023,0.974121,0.625000,0.991211
218.000000,1200.000000,0.929688,0.000000,1.000000,0.975586,0.642090,0.985840
219.000000,1200.000000,0.921387,1.000000,0.999023,0.972656,0.610352,0.991211
220.000000,1200.000000,0.928223,1.000000,0.994141,0.974121,0.636230,0.983887
221.000000,1200.000000,0.928711,1.000000,0.990723,0.972168,0.637695,0.985840
222.000000,1200.000000,0.927246,1.000000,0.999512,0.971191,0.635742,0.988281
223.000000,1200.000000,0.930664,1.000000,0.994629,0.970215,0.641602,0.992188
224.000000,1200.000000,0.923340,1.000000,0.999512,0.971680,0.618652,0.984863
225.000000,1200.000000,0.924316,1.000000,0.988281,0.975098,0.622070,0.987305
226.000000,1200.000000,0.930664,1.000000,1.000000,0.971680,0.644531,0.984863
227.000000,1200.000000,0.929688,1.000000,0.995117,0.973145,0.638672,0.991699
228.000000,1200.000000,0.933594,1.000000,0.999023,0.974609,0.652344,0.992188
229.000000,1200.000000,0.932129,1.000000,0.999023,0.974121,0.648438,0.991699
230.000000,1200.000000,0.929688,1.000000,0.999023,0.972168,0.638672,0.983398
231.000000,1200.000000,0.927734,1.000000,0.997070,0.972656,0.633789,0.989746
232.000000,1200.000000,0.928711,1.000000,0.999512,0.972168,0.634277,0.984375
233.000000,1200.000000,0.925781,1.000000,1.000000,0.973145,0.628418,0.992188
234.000000,1200.000000,0.929688,1.000000,1.000000,0.972168,0.640137,0.991699
235.000000,1200.000000,0.929688,1.000000,1.000000,0.971191,0.640625,0.983398
236.000000,1200.000000,0.927734,1.000000,0.997559,0.972168,0.635254,0.986328
237.000000,1200.000000,0.926758,1.000000,0.998047,0.972656,0.630371,0.990234
238.000000,1200.000000,0.930176,1.000000,0.999512,0.974121,0.640625,0.988281
239.000000,1200.000000,0.929199,1.000000,1.000000,0.972656,0.639648,0.989258
240.000000,1200.000000,0.928711,1.000000,1.000000,0.972168,0.637207,0.987793
241.000000,1200.000000,0.931641,1.000000,0.983887,0.973633,0.645020,0.992676
242.000000,1200.000000,0.933594,0.000000,0.993652,0.974609,0.652832,0.993164
243.000000,1200.000000,0.931152,1.000000,1.000000,0.974121,0.646973,0.991699
244.000000,1200.000000,0.930664,1.000000,0.991211,0.974609,0.645508,0.985840
245.000000,1200.000000,0.929688,1.000000,1.000000,0.972656,0.641113,0.987305
246.000000,1200.000000,0.929688,1.000000,1.000000,0.977051,0.639648,0.987305
247.000000,1200.000000,0.928711,1.000000,1.000000,0.973145,0.637207,0.991699
248.000000,1200.000000,0.924805,1.000000,0.998047,0.975586,0.624023,0.991211
249.000000,1200.000000,0.925781,1.000000,0.999023,0.972656,0.629395,0.990234
250.000000,1200.000000,0.930664,0.000000,0.996582,0.975586,0.643066,0.986816
251.000000,1200.000000,0.927246,1.000000,0.999023,0.975586,0.631836,0.991699
252.000000,1200.000000,0.926270,1.000000,0.990723,0.974121,0.629395,0.982422
253.000000,1200.000000,0.928223,1.000000,1.000000,0.970703,0.635742,0.989746
254.000000,1200.000000,0.927246,1.000000,0.994629,0.972656,0.632324,0.987305
255.000000,1200.000000,0.925781,1.000000,0.988281,0.970703,0.628906,0.991211
256.000000,1200.000000,0.928223,1.000000,1.000000,0.976074,0.635742,0.988281
257.000000,1200.000000,0.926758,1.000000,0.999023,0.973633,0.633789,0.989746
258.000000,1200.000000,0.930176,1.000000,0.995117,0.972168,0.641602,0.987793
259.000000,1200.000000,0.926270,1.000000,1.000000,0.974609,0.630859,0.987305
260.000000,1200.000000,0.930664,1.000000,0.999023,0.972168,0.644043,0.984863
261.000000,1200.000000,0.929199,1.000000,1.000000,0.971191,0.637695,0.991211
262.000000,1200.000000,0.932617,1.000000,1.000000,0.972168,0.648926,0.987793
263.000000,1200.000000,0.923340,1.000000,1.000000,0.970703,0.616211,0.988770
264.000000,1200.000000,0.929199,1.000000,0.993652,0.974121,0.639160,0.992676
265.000000,1200.000000,0.928711,1.000000,0.998535,0.973145,0.637207,0.990723
266.000000,1200.000000,0.928223,1.000000,1.000000,0.973633,0.629883,0.990234
267.000000,1200.000000,0.930176,1.000000,1.000000,0.973145,0.644043,0.990234
268.000000,1200.000000,0.928711,1.000000,0.998535,0.975098,0.639648,0.984375
269.000000,1200.000000,0.926758,1.000000,1.000000,0.972656,0.628906,0.989746
270.000000,1200.000000,0.932129,1.000000,0.998047,0.971680,0.647949,0.990723
271.000000,1200.000000,0.929688,1.000000,1.000000,0.974609,0.641602,0.990723
272.000000,1200.000000,0.928711,1.000000,0.998535,0.973145,0.637207,0.991211
273.000000,1200.000000,0.927246,1.000000,0.999023,0.971191,0.630859,0.986328
274.000000,1200.000000,0.928223,1.000000,0.999512,0.971680,0.633301,0.992188
275.000000,1200.000000,0.929199,0.000000,0.999023,0.971191,0.640625,0.988770
276.000000,1200.000000,0.929688,1.000000,0.999512,0.973145,0.639160,0.986816
277.000000,1200.000000,0.923340,1.000000,0.998047,0.974121,0.620117,0.988770
278.000000,1200.000000,0.927734,1.000000,0.997559,0.974609,0.636719,0.990723
279.000000,1200.000000,0.932129,1.000000,1.000000,0.975586,0.646973,0.990234
280.000000,1200.000000,0.925781,1.000000,0.998047,0.973633,0.627441,0.991699
281.000000,1200.000000,0.929688,1.000000,0.999512,0.974121,0.639648,0.987793
282.000000,1200.000000,0.927246,1.000000,0.999023,0.973145,0.629883,0.985840
283.000000,1200.000000,0.931152,1.000000,0.995605,0.973633,0.643555,0.989746
284.000000,1200.000000,0.925781,1.000000,0.998535,0.972168,0.624512,0.985840
285.000000,1200.000000,0.927734,1.000000,0.999512,0.971191,0.631348,0.992188
286.000000,1200.000000,0.927246,1.000000,0.995605,0.974121,0.632812,0.992188
287.000000,1200.000000,0.931152,1.000000,0.999512,0.974121,0.645508,0.987793
288.000000,1200.000000,0.930176,1.000000,0.997559,0.973145,0.642090,0.988281
289.000000,1200.000000,0.928711,1.000000,0.992188,0.974609,0.637695,0.988770
290.000000,1200.000000,0.929688,1.000000,0.999512,0.973145,0.641113,0.981934
291.000000,1200.000000,0.925781,1.000000,1.000000,0.972168,0.626953,0.992188
292.000000,1200.000000,0.930176,1.000000,0.998535,0.974121,0.641113,0.982910
293.000000,1200.000000,0.926758,1.000000,0.998535,0.973633,0.632324,0.991211
294.000000,1200.000000,0.931152,1.000000,0.997559,0.972168,0.647461,0.985352
295.000000,1200.000000,0.928711,1.000000,1.000000,0.971680,0.636719,0.991699
296.000000,1200.000000,0.930176,1.000000,1.000000,0.972168,0.640137,0.991699
297.000000,1200.000000,0.935059,1.000000,0.999023,0.973145,0.656250,0.988770
298.000000,1200.000000,0.929688,1.000000,0.999512,0.974121,0.642578,0.987305
299.000000,1200.000000,0.929199,1.000000,0.999023,0.971191,0.636719,0.988770
300.000000,1200.000000,0.928223,1.000000,1.000000,0.973633,0.633789,0.987793
301.000000,1200.000000,0.931641,1.000000,1.000000,0.973633,0.646484,0.990723
302.000000,1200.000000,0.932617,1.000000,0.984375,0.974121,0.647461,0.988770
303.000000,1200.000000,0.931641,1.000000,0.999023,0.973145,0.645996,0.990234
304.000000,1200.000000,0.926270,1.000000,0.996582,0.973633,0.631836,0.985840
305.000000,1200.000000,0.929688,1.000000,1.000000,0.974121,0.640137,0.991699
306.000000,1200.000000,0.928223,1.000000,1.000000,0.972168,0.637207,0.981934
307.000000,1200.000000,0.930176,1.000000,1.000000,0.973633,0.640625,0.990234
308.000000,1200.000000,0.934570,1.000000,0.998047,0.971680,0.655273,0.992676
309.000000,1200.000000,0.925293,1.000000,0.993652,0.972656,0.623535,0.988770
310.000000,1200.000000,0.927734,1.000000,0.993652,0.972656,0.630859,0.989746
311.000000,1200.000000,0.932129,1.000000,0.996582,0.974121,0.646484,0.991699
312.000000,1200.000000,0.932617,1.000000,1.000000,0.973633,0.651367,0.987793
313.000000,1200.000000,0.924316,1.000000,0.999512,0.969727,0.619141,0.986816
314.000000,1200.000000,0.927734,1.000000,0.999512,0.971191,0.632324,0.991699
315.000000,1200.000000,0.928711,1.000000,1.000000,0.975098,0.639648,0.986328
316.000000,1200.000000,0.926270,1.000000,1.000000,0.973145,0.627930,0.992676
317.000000,1200.000000,0.929688,1.000000,0.999512,0.974609,0.639160,0.991211
318.000000,1200.000000,0.927734,1.000000,1.000000,0.973145,0.635742,0.992188
319.000000,1200.000000,0.929688,1.000000,0.999512,0.971680,0.640625,0.986816
320.000000,1200.000000,0.932129,1.000000,0.999512,0.973145,0.648926,0.988281
321.000000,1200.000000,0.932129,1.000000,0.997070,0.972656,0.646973,0.984375
322.000000,1200.000000,0.924805,1.000000,0.989746,0.974609,0.624512,0.991699
323.000000,1200.000000,0.927734,1.000000,1.000000,0.974121,0.631836,0.991211
324.000000,1200.000000,0.930176,1.000000,0.997070,0.973633,0.638672,0.991699
325.000000,1200.000000,0.931152,1.000000,0.977051,0.973633,0.642578,0.986328
326.000000,1200.000000,0.931152,1.000000,0.998047,0.973145,0.643555,0.986816
327.000000,1200.000000,0.931641,1.000000,0.998535,0.973145,0.644531,0.991699
328.000000,1200.000000,0.926270,1.000000,1.000000,0.972656,0.628906,0.991211
329.000000,1200.000000,0.930664,1.000000,0.990723,0.974609,0.639648,0.992188
330.000000,1200.000000,0.924805,1.000000,0.999023,0.974121,0.623535,0.986816
331.000000,1200.000000,0.926270,1.000000,0.994629,0.970215,0.629883,0.985840
332.000000,1200.000000,0.927246,1.000000,0.999023,0.972656,0.629395,0.990723
333.000000,1200.000000,0.924316,1.000000,0.999512,0.972656,0.620605,0.989258
334.000000,1200.000000,0.928711,1.000000,0.996582,0.973633,0.638184,0.992676
335.000000,1200.000000,0.928223,1.000000,0.999512,0.971191,0.634277,0.992676
336.000000,1200.000000,0.928223,1.000000,0.996582,0.973145,0.635254,0.992676
337.000000,1200.000000,0.926270,1.000000,0.997070,0.973633,0.626953,0.983398
338.000000,1200.000000,0.924316,1.000000,0.999023,0.971680,0.622070,0.982422
339.000000,1200.000000,0.927734,1.000000,0.998047,0.972168,0.632812,0.988770
340.000000,1200.000000,0.927246,1.000000,1.000000,0.973145,0.630371,0.985352
341.000000,1200.000000,0.929199,1.000000,0.999512,0.970703,0.640137,0.991211
342.000000,1200.000000,0.929688,1.000000,0.993164,0.974609,0.639648,0.988770
343.000000,1200.000000,0.927734,1.000000,0.995605,0.972656,0.633789,0.990234
344.000000,1200.000000,0.927246,1.000000,0.999023,0.974121,0.632324,0.990234
345.000000,1200.000000,0.927246,1.000000,0.997070,0.972656,0.632324,0.984863
346.000000,1200.000000,0.928223,1.000000,1.000000,0.973633,0.634766,0.985840
347.000000,1200.000000,0.930176,1.000000,1.000000,0.974609,0.643555,0.983887
348.000000,1200.000000,0.929199,1.000000,0.998047,0.976074,0.638184,0.984375
349.000000,1200.000000,0.926758,1.000000,0.998535,0.972168,0.628418,0.985840
350.000000,1200.000000,0.931152,1.000000,0.998535,0.974121,0.647461,0.991211
351.000000,1200.000000,0.929199,1.000000,0.999512,0.971191,0.637695,0.989258
352.000000,1200.000000,0.929688,1.000000,0.999512,0.973145,0.639648,0.991699
353.000000,1200.000000,0.927246,1.000000,1.000000,0.973633,0.632324,0.989258
354.000000,1200.000000,0.928711,1.000000,0.996582,0.972656,0.636230,0.987305
355.000000,1200.000000,0.928223,1.000000,0.999023,0.971191,0.636230,0.986328
356.000000,1200.000000,0.927246,1.000000,0.998535,0.972168,0.631348,0.988770
357.000000,1200.000000,0.932129,1.000000,0.997070,0.973145,0.648926,0.988770
358.000000,1200.000000,0.932129,1.000000,0.999512,0.972656,0.646484,0.990723
359.000000,1200.000000,0.931641,1.000000,0.993164,0.972656,0.646484,0.984863
360.000000,1200.000000,0.929199,1.000000,0.999512,0.974121,0.636230,0.991211
361.000000,1200.000000,0.929199,1.000000,0.999023,0.972656,0.641113,0.992188
362.000000,1200.000000,0.927734,1.000000,0.999023,0.972168,0.634277,0.989258
363.000000,1200.000000,0.929688,1.000000,0.998535,0.971680,0.638672,0.988281
364.000000,1200.000000,0.930176,1.000000,0.997559,0.972656,0.642090,0.985840
365.000000,1200.000000,0.930176,1.000000,0.999023,0.972168,0.642090,0.989746
366.000000,1200.000000,0.925293,1.000000,0.993652,0.975098,0.626465,0.991699
367.000000,1200.000000,0.932129,1.000000,1.000000,0.974121,0.647461,0.986328
368.000000,1200.000000,0.932617,1.000000,0.990723,0.974609,0.653809,0.987793
369.000000,1200.000000,0.931641,1.000000,0.994629,0.973145,0.645996,0.990723
370.000000,1200.000000,0.925293,1.000000,1.000000,0.974121,0.624512,0.991699
371.000000,1200.000000,0.926270,1.000000,0.992676,0.972168,0.627441,0.992188
372.000000,1200.000000,0.928711,1.000000,1.000000,0.973145,0.635742,0.989746
373.000000,1200.000000,0.929199,1.000000,0.999512,0.973145,0.637695,0.984375
374.000000,1200.000000,0.925293,1.000000,0.997070,0.972656,0.626465,0.986816
375.000000,1200.000000,0.929688,1.000000,1.000000,0.971680,0.640625,0.992188
376.000000,1200.000000,0.930176,1.000000,0.997559,0.971680,0.642090,0.987793
377.000000,1200.000000,0.932617,1.000000,0.993652,0.975586,0.648438,0.983887
378.000000,1200.000000,0.931641,1.000000,1.000000,0.972168,0.645508,0.983887
379.000000,1200.000000,0.927246,1.000000,0.991211,0.973145,0.638184,0.988770
380.000000,1200.000000,0.927734,1.000000,0.995605,0.974121,0.633789,0.991699
381.000000,1200.000000,0.923828,1.000000,1.000000,0.973145,0.625977,0.988281
382.000000,1200.000000,0.928711,1.000000,1.000000,0.973633,0.635742,0.987305
383.000000,1200.000000,0.932129,1.000000,0.999023,0.971191,0.648926,0.991211
384.000000,1200.000000,0.927734,1.000000,0.994629,0.971191,0.633301,0.988281
385.000000,1200.000000,0.926270,1.000000,1.000000,0.970703,0.628906,0.993652
386.000000,1200.000000,0.933594,1.000000,1.000000,0.974121,0.656738,0.990234
387.000000,1200.000000,0.929688,1.000000,0.998535,0.972168,0.642578,0.984863
388.000000,1200.000000,0.929688,1.000000,1.000000,0.973145,0.640625,0.991699
389.000000,1200.000000,0.925781,1.000000,0.991699,0.972656,0.631348,0.991699
390.000000,1200.000000,0.927734,0.000000,0.999512,0.972656,0.632324,0.982422
391.000000,1200.000000,0.930176,1.000000,0.987305,0.975098,0.638672,0.984863
392.000000,1200.000000,0.924805,1.000000,0.999023,0.971680,0.625000,0.983887
393.000000,1200.000000,0.932617,1.000000,0.990234,0.974121,0.652344,0.989258
394.000000,1200.000000,0.927734,1.000000,0.998047,0.974121,0.634766,0.989746
395.000000,1200.000000,0.929199,1.000000,0.999023,0.973145,0.640625,0.991699
396.000000,1200.000000,0.929688,0.000000,0.997559,0.972168,0.641113,0.986328
397.000000,1200.000000,0.928711,1.000000,0.997559,0.976074,0.636719,0.991211
398.000000,1200.000000,0.929688,1.000000,0.999023,0.972168,0.637207,0.990723
399.000000,1200.000000,0.928223,0.000000,0.999023,0.975098,0.634766,0.989258
400.000000,1200.000000,0.931641,1.000000,1.000000,0.974609,0.645508,0.987305
401.000000,1200.000000,0.927734,1.000000,0.994141,0.975098,0.633301,0.989746
402.000000,1200.000000,0.926758,1.000000,1.000000,0.972656,0.627441,0.985840
403.000000,1200.000000,0.932617,1.000000,0.995605,0.970703,0.651367,0.992188
404.000000,1200.000000,0.933105,1.000000,0.999512,0.971191,0.654785,0.990723
405.000000,1200.000000,0.929688,1.000000,1.000000,0.974121,0.639160,0.987305
406.000000,1200.000000,0.928223,1.000000,0.999512,0.971680,0.631836,0.992188
407.000000,1200.000000,0.933105,0.000000,0.998535,0.971191,0.649902,0.985840
408.000000,1200.000000,0.928711,1.000000,0.999023,0.972656,0.635742,0.991211
409.000000,1200.000000,0.928223,1.000000,0.999023,0.972168,0.635742,0.988770
410.000000,1200.000000,0.926758,1.000000,0.996582,0.973633,0.630371,0.992188
411.000000,1200.000000,0.925293,1.000000,0.999023,0.974121,0.624023,0.987305
412.000000,1200.000000,0.926758,1.000000,0.999023,0.973145,0.630859,0.984863
413.000000,1200.000000,0.923828,1.000000,0.995117,0.970215,0.622559,0.989258
414.000000,1200.000000,0.930176,1.000000,0.999023,0.972656,0.641113,0.991699
415.000000,1200.000000,0.928223,1.000000,0.991211,0.973633,0.633789,0.989258
416.000000,1200.000000,0.927246,1.000000,1.000000,0.973633,0.632324,0.992188
417.000000,1200.000000,0.930664,1.000000,1.000000,0.973145,0.644531,0.988770
418.000000,1200.000000,0.925293,0.000000,0.999023,0.972656,0.625000,0.992188
419.000000,1200.000000,0.926758,1.000000,0.999512,0.972656,0.630371,0.988281
420.000000,1200.000000,0.927734,1.000000,1.000000,0.972656,0.631348,0.985840
421.000000,1200.000000,0.924316,1.000000,0.996582,0.974609,0.622070,0.987305
422.000000,1200.000000,0.925293,1.000000,1.000000,0.973145,0.624512,0.993164
423.000000,1200.000000,0.927246,0.000000,0.996094,0.973145,0.631836,0.989746
424.000000,1200.000000,0.936523,1.000000,1.000000,0.973633,0.662109,0.992188
425.000000,1200.000000,0.928711,1.000000,0.996582,0.973633,0.637695,0.991699
426.000000,1200.000000,0.926758,1.000000,0.993164,0.972168,0.628906,0.992676
427.000000,1200.000000,0.930176,0.000000,0.997559,0.971191,0.641602,0.989258
428.000000,1200.000000,0.928223,1.000000,0.999512,0.973145,0.635254,0.990234
429.000000,1200.000000,0.926758,1.000000,0.998535,0.974609,0.630371,0.990723
430.000000,1200.000000,0.928223,1.000000,1.000000,0.972656,0.635742,0.992676
431.000000,1200.000000,0.922363,1.000000,0.999512,0.974609,0.616211,0.991211
432.000000,1200.000000,0.927246,1.000000,0.995605,0.972656,0.632324,0.985840
433.000000,1200.000000,0.928223,1.000000,0.998535,0.973633,0.633301,0.992188
434.000000,1200.000000,0.924805,1.000000,0.999023,0.973145,0.622559,0.991699
435.000000,1200.000000,0.930176,1.000000,1.000000,0.972656,0.643066,0.989746
436.000000,1200.000000,0.926270,1.000000,0.996582,0.974121,0.631348,0.989258
437.000000,1200.000000,0.927734,1.000000,0.999512,0.971680,0.633301,0.989746
438.000000,1200.000000,0.930176,1.000000,1.000000,0.970703,0.638672,0.989746
439.000000,1200.000000,0.927246,1.000000,0.999512,0.973633,0.631348,0.984863
440.000000,1200.000000,0.928711,1.000000,1.000000,0.972656,0.636230,0.988281
441.000000,1200.000000,0.930176,1.000000,1.000000,0.973633,0.642578,0.992188
442.000000,1200.000000,0.929688,1.000000,0.988770,0.975098,0.641113,0.989746
443.000000,1200.000000,0.927246,1.000000,0.999512,0.972656,0.628418,0.991211
444.000000,1200.000000,0.922852,1.000000,0.998535,0.976562,0.619629,0.992676
445.000000,1200.000000,0.930176,1.000000,0.999512,0.971680,0.642578,0.981934
446.000000,1200.000000,0.932617,1.000000,0.997070,0.973145,0.648438,0.987305
447.000000,1200.000000,0.929688,1.000000,0.997559,0.973633,0.640137,0.992188
448.000000,1200.000000,0.931152,1.000000,0.997070,0.972656,0.644531,0.992676
449.000000,1200.000000,0.925781,1.000000,0.998535,0.972656,0.626465,0.991699
450.000000,1200.000000,0.932129,1.000000,0.993652,0.972656,0.645508,0.991699
451.000000,1200.000000,0.927246,1.000000,0.999023,0.971191,0.631348,0.988281
452.000000,1200.000000,0.932129,1.000000,0.989746,0.973633,0.649414,0.992188
453.000000,1200.000000,0.927734,1.000000,1.000000,0.972168,0.632324,0.992188
454.000000,1200.000000,0.930176,1.000000,0.999512,0.973633,0.641113,0.985352
455.000000,1200.000000,0.927734,1.000000,1.000000,0.973633,0.631348,0.993164
456.000000,1200.000000,0.928223,1.000000,0.999512,0.974609,0.635254,0.991699
457.000000,1200.000000,0.930176,1.000000,0.998535,0.971191,0.641113,0.991699
458.000000,1200.000000,0.927246,1.000000,0.999512,0.972168,0.629395,0.983398
459.000000,1200.000000,0.932129,1.000000,0.994629,0.972168,0.646484,0.992188
460.000000,1200.000000,0.928223,1.000000,0.999023,0.972656,0.638672,0.986328
461.000000,1200.000000,0.929199,1.000000,0.994629,0.973633,0.641113,0.988281
462.000000,1200.000000,0.927734,1.000000,0.999023,0.972656,0.631348,0.991211
463.000000,1200.000000,0.926758,1.000000,0.997559,0.972168,0.630859,0.984863
464.000000,1200.000000,0.926270,1.000000,1.000000,0.974609,0.627930,0.989746
465.000000,1200.000000,0.931152,1.000000,1.000000,0.972656,0.645020,0.990723
466.000000,1200.000000,0.929199,1.000000,0.998535,0.972656,0.637695,0.987793
467.000000,1200.000000,0.928711,1.000000,0.980957,0.970703,0.636230,0.990723
468.000000,1200.000000,0.931641,1.000000,1.000000,0.975098,0.649414,0.987793
469.000000,1200.000000,0.928711,1.000000,0.999023,0.971191,0.638184,0.990723
470.000000,1200.000000,0.926270,1.000000,1.000000,0.970215,0.630371,0.992676
471.000000,1200.000000,0.928711,1.000000,0.990723,0.973145,0.638184,0.984375
472.000000,1200.000000,0.927734,1.000000,0.999023,0.975586,0.632324,0.988281
473.000000,1200.000000,0.931641,0.000000,0.996094,0.972168,0.647949,0.989746
474.000000,1200.000000,0.929688,1.000000,1.000000,0.972656,0.638184,0.991211
475.000000,1200.000000,0.932129,1.000000,1.000000,0.974609,0.649414,0.990234
476.000000,1200.000000,0.930664,1.000000,0.999512,0.972168,0.643066,0.988770
477.000000,1200.000000,0.926758,1.000000,0.999512,0.970215,0.628418,0.980469
478.000000,1200.000000,0.926758,1.000000,0.998047,0.974121,0.627930,0.990234
479.000000,1200.000000,0.927246,1.000000,0.999512,0.974121,0.627930,0.987305
480.000000,1200.000000,0.926270,1.000000,0.995605,0.975586,0.627441,0.990723
481.000000,1200.000000,0.931152,1.000000,1.000000,0.973145,0.646484,0.991211
482.000000,1200.000000,0.929199,1.000000,0.999023,0.971680,0.637207,0.989746
483.000000,1200.000000,0.928223,1.000000,0.999023,0.973633,0.632812,0.993164
484.000000,1200.000000,0.928223,1.000000,0.999512,0.976074,0.632812,0.990234
485.000000,1200.000000,0.929199,1.000000,0.997559,0.973145,0.640625,0.992188
486.000000,1200.000000,0.926758,1.000000,0.998047,0.973145,0.630859,0.991699
487.000000,1200.000000,0.930176,1.000000,0.999512,0.973145,0.642090,0.992676
488.000000,1200.000000,0.926758,1.000000,0.999023,0.972168,0.631348,0.990723
489.000000,1200.000000,0.929199,1.000000,0.998535,0.974609,0.636719,0.992188
490.000000,1200.000000,0.929688,1.000000,0.999023,0.974121,0.640625,0.986816
491.000000,1200.000000,0.933594,1.000000,0.998047,0.973145,0.652832,0.988281
492.000000,1200.000000,0.928223,1.000000,0.999023,0.972656,0.634277,0.986328
493.000000,1200.000000,0.930176,1.000000,0.998535,0.975098,0.639160,0.993164
494.000000,1200.000000,0.929688,1.000000,0.988281,0.974609,0.640137,0.991699
495.000000,1200.000000,0.929199,1.000000,0.997559,0.969727,0.638184,0.986328
496.000000,1200.000000,0.930664,1.000000,1.000000,0.973633,0.640137,0.988281
497.000000,1200.000000,0.930176,1.000000,0.996582,0.974609,0.643555,0.987305
498.000000,1200.000000,0.933105,1.000000,0.990234,0.975098,0.649902,0.990723
499.000000,1200.000000,0.931152,1.000000,0.998535,0.975098,0.644531,0.992188
500.000000,1200.000000,0.926758,1.000000,0.999512,0.970703,0.633301,0.987793
501.000000,1200.000000,0.928223,1.000000,1.000000,0.971191,0.633789,0.989258
502.000000,1200.000000,0.924805,1.000000,1.000000,0.972656,0.622559,0.990234
503.000000,1200.000000,0.927734,1.000000,0.998047,0.970215,0.633789,0.988281
504.000000,1200.000000,0.927246,1.000000,0.999023,0.972168,0.632324,0.989746
505.000000,1200.000000,0.928711,1.000000,1.000000,0.973633,0.637207,0.987305
506.000000,1200.000000,0.926758,1.000000,0.994629,0.972656,0.626953,0.990723
507.000000,1200.000000,0.927246,0.000000,0.999023,0.974121,0.631836,0.992188
508.000000,1200.000000,0.927734,1.000000,0.998047,0.973633,0.634277,0.991211
509.000000,1200.000000,0.924316,1.000000,0.996582,0.972168,0.621094,0.986816
510.000000,1200.000000,0.925293,1.000000,0.997559,0.974121,0.625977,0.992188
511.000000,1200.000000,0.932617,1.000000,0.999512,0.971680,0.650879,0.993164
512.000000,1200.000000,0.931641,1.000000,0.999512,0.974121,0.648926,0.987305
513.000000,1200.000000,0.931152,1.000000,0.995117,0.970703,0.644043,0.991699
514.000000,1200.000000,0.929688,1.000000,1.000000,0.974609,0.638184,0.991699
515.000000,1200.000000,0.932129,1.000000,0.994629,0.972168,0.648926,0.992188
516.000000,1200.000000,0.932617,1.000000,0.999023,0.974609,0.648438,0.992188
517.000000,1200.000000,0.929688,1.000000,0.998535,0.974609,0.640625,0.992188
518.000000,1200.000000,0.933105,1.000000,0.998047,0.971191,0.650391,0.989746
519.000000,1200.000000,0.926758,1.000000,0.996582,0.974609,0.629395,0.992676
520.000000,1200.000000,0.928223,1.000000,0.998535,0.974609,0.632812,0.991699
521.000000,1200.000000,0.931641,1.000000,1.000000,0.971191,0.648926,0.988281
522.000000,1200.000000,0.931152,1.000000,1.000000,0.973145,0.644531,0.990723
523.000000,1200.000000,0.931641,1.000000,1.000000,0.973145,0.648438,0.985840
524.000000,1200.000000,0.929688,1.000000,0.998535,0.973145,0.639160,0.988281
525.000000,1200.000000,0.928223,1.000000,1.000000,0.974121,0.635742,0.986328
526.000000,1200.000000,0.930176,1.000000,0.998535,0.972168,0.642578,0.987793
527.000000,1200.000000,0.930664,1.000000,0.993652,0.973145,0.644043,0.991699
528.000000,1200.000000,0.922852,1.000000,0.999023,0.972168,0.618164,0.989746
529.000000,1200.000000,0.925293,1.000000,1.000000,0.972168,0.625488,0.988770
530.000000,1200.000000,0.928223,1.000000,0.989258,0.972168,0.636230,0.989746
531.000000,1200.000000,0.930176,1.000000,1.000000,0.974121,0.640625,0.993652
532.000000,1200.000000,0.930664,0.000000,0.997070,0.970703,0.644043,0.985840
533.000000,1200.000000,0.930664,1.000000,1.000000,0.971680,0.644043,0.992188
534.000000,1200.000000,0.929199,1.000000,1.000000,0.972168,0.638672,0.987793
535.000000,1200.000000,0.931152,1.000000,1.000000,0.970703,0.643555,0.983887
536.000000,1200.000000,0.933594,0.000000,0.997559,0.975098,0.656250,0.991211
537.000000,1200.000000,0.929199,1.000000,0.996094,0.974121,0.637207,0.985840
538.000000,1200.000000,0.927734,1.000000,0.998535,0.972656,0.635254,0.992676
539.000000,1200.000000,0.928223,1.000000,0.999512,0.975586,0.635742,0.989258
540.000000,1200.000000,0.927734,1.000000,0.999023,0.975586,0.630859,0.993164
541.000000,1200.000000,0.928711,1.000000,1.000000,0.974121,0.638184,0.990723
542.000000,1200.000000,0.929688,1.000000,0.999512,0.973633,0.640137,0.990234
543.000000,1200.000000,0.923828,1.000000,0.998535,0.973145,0.623047,0.983887
544.000000,1200.000000,0.927246,1.000000,0.998047,0.970215,0.632812,0.990234
545.000000,1200.000000,0.928711,1.000000,0.990723,0.973633,0.636719,0.982422
546.000000,1200.000000,0.923828,1.000000,0.999023,0.970703,0.624023,0.989746
547.000000,1200.000000,0.930664,1.000000,0.997559,0.973145,0.641602,0.992676
548.000000,1200.000000,0.926270,1.000000,1.000000,0.975098,0.631348,0.973145
549.000000,1200.000000,0.923828,1.000000,1.000000,0.973145,0.620605,0.991699
550.000000,1200.000000,0.926758,0.000000,1.000000,0.975098,0.630371,0.990723
551.000000,1200.000000,0.923828,1.000000,0.998047,0.973633,0.623047,0.984375
552.000000,1200.000000,0.927734,0.000000,0.998535,0.971191,0.635742,0.992188
553.000000,1200.000000,0.928711,1.000000,0.997559,0.972656,0.638184,0.983398
554.000000,1200.000000,0.929688,1.000000,1.000000,0.973145,0.640137,0.984375
555.000000,1200.000000,0.930664,1.000000,0.999023,0.970703,0.643066,0.989746
556.000000,1200.000000,0.929688,1.000000,0.997070,0.972656,0.643066,0.984863
557.000000,1200.000000,0.928711,1.000000,0.999512,0.972168,0.637695,0.993652
558.000000,1200.000000,0.929199,1.000000,0.997559,0.972168,0.637207,0.992676
559.000000,1200.000000,0.928711,1.000000,0.999512,0.973145,0.637207,0.983398
560.000000,1200.000000,0.927734,0.000000,0.992188,0.972168,0.633789,0.991699
561.000000,1200.000000,0.930176,1.000000,0.998047,0.972168,0.640625,0.985840
562.000000,1200.000000,0.926758,1.000000,0.997559,0.974609,0.629883,0.989746
563.000000,1200.000000,0.927246,1.000000,0.999023,0.972168,0.633301,0.992676
564.000000,1200.000000,0.931641,1.000000,0.997070,0.973145,0.647461,0.991699
565.000000,1200.000000,0.928223,1.000000,0.996094,0.976074,0.634277,0.993652
566.000000,1200.000000,0.925781,1.000000,1.000000,0.971680,0.629883,0.991699
567.000000,1200.000000,0.931152,0.000000,0.999512,0.972656,0.646484,0.992188
568.000000,1200.000000,0.931641,1.000000,0.998535,0.974609,0.646973,0.992188
569.000000,1200.000000,0.927246,1.000000,0.999512,0.974609,0.629883,0.988770
570.000000,1200.000000,0.930176,1.000000,1.000000,0.974121,0.641113,0.989258
571.000000,1200.000000,0.927734,1.000000,0.999512,0.971680,0.636230,0.984863
572.000000,1200.000000,0.927734,1.000000,0.999512,0.973145,0.634277,0.981934
573.000000,1200.000000,0.930176,1.000000,1.000000,0.972168,0.641602,0.989746
574.000000,1200.000000,0.933105,1.000000,0.997559,0.971191,0.652344,0.988281
575.000000,1200.000000,0.933594,1.000000,0.990723,0.971191,0.652832,0.981934
576.000000,1200.000000,0.932129,1.000000,1.000000,0.974121,0.648438,0.992188
577.000000,1200.000000,0.932129,1.000000,1.000000,0.973145,0.649902,0.991699
578.000000,1200.000000,0.932617,1.000000,0.998535,0.972168,0.649414,0.983398
579.000000,1200.000000,0.927246,1.000000,0.996582,0.974609,0.631836,0.990723
580.000000,1200.000000,0.935059,1.000000,1.000000,0.974121,0.656250,0.990234
581.000000,1200.000000,0.929688,1.000000,0.999512,0.971680,0.639160,0.989258
582.000000,1200.000000,0.927246,1.000000,0.999023,0.971191,0.634277,0.988281
583.000000,1200.000000,0.925781,1.000000,0.999512,0.974609,0.629395,0.985352
584.000000,1200.000000,0.924316,1.000000,0.998047,0.972656,0.622070,0.992676
585.000000,1200.000000,0.930664,1.000000,0.997070,0.973633,0.641113,0.990723
586.000000,1200.000000,0.930664,0.000000,0.997070,0.973145,0.640625,0.986816
587.000000,1200.000000,0.925293,1.000000,0.998535,0.970703,0.627441,0.990723
588.000000,1200.000000,0.927246,1.000000,0.994629,0.973145,0.632812,0.985352
589.000000,1200.000000,0.928223,1.000000,0.993652,0.974121,0.637695,0.986328
590.000000,1200.000000,0.927246,1.000000,1.000000,0.972168,0.630371,0.990723
591.000000,1200.000000,0.931641,1.000000,1.000000,0.967285,0.648438,0.988281
592.000000,1200.000000,0.925293,1.000000,1.000000,0.974121,0.626465,0.986328
593.000000,1200.000000,0.927734,1.000000,0.998047,0.973145,0.634277,0.990723
594.000000,1200.000000,0.928223,1.000000,0.999512,0.973633,0.634766,0.992188
595.000000,1200.000000,0.929688,1.000000,0.998047,0.973633,0.642578,0.984863
596.000000,1200.000000,0.930664,1.000000,0.983887,0.971680,0.642090,0.993164
597.000000,1200.000000,0.926758,1.000000,0.988281,0.973633,0.633301,0.989746
598.000000,1200.000000,0.931152,1.000000,1.000000,0.971680,0.646484,0.992188
599.000000,1200.000000,0.925293,1.000000,0.997070,0.971680,0.625977,0.987305
600.000000,1200.000000,0.928223,1.000000,0.999512,0.973145,0.632324,0.991211
601.000000,1200.000000,0.931641,1.000000,0.999023,0.973145,0.647949,0.992676
602.000000,1200.000000,0.925293,1.000000,0.995117,0.973633,0.629883,0.978516
603.000000,1200.000000,0.931641,1.000000,1.000000,0.973633,0.644531,0.992188
604.000000,1200.000000,0.925293,1.000000,0.996094,0.973633,0.624023,0.990723
605.000000,1200.000000,0.930176,1.000000,1.000000,0.972168,0.643555,0.976562
606.000000,1200.000000,0.930664,1.000000,0.999512,0.973633,0.641113,0.992188
607.000000,1200.000000,0.931152,1.000000,0.980469,0.972656,0.646973,0.983887
608.000000,1200.000000,0.926758,1.000000,0.998047,0.972656,0.632324,0.991211
609.000000,1200.000000,0.933105,0.000000,0.995117,0.971191,0.650879,0.993164
610.000000,1200.000000,0.926270,1.000000,0.999512,0.973633,0.627441,0.989258
611.000000,1200.000000,0.930664,1.000000,1.000000,0.971680,0.643555,0.992676
612.000000,1200.000000,0.923828,1.000000,0.995605,0.975098,0.621094,0.984375
613.000000,1200.000000,0.926270,1.000000,1.000000,0.973145,0.629395,0.984375
614.000000,1200.000000,0.930176,1.000000,1.000000,0.975098,0.643555,0.988281
615.000000,1200.000000,0.924805,1.000000,0.992188,0.972656,0.625000,0.991699
616.000000,1200.000000,0.929688,1.000000,1.000000,0.974121,0.641113,0.992188
617.000000,1200.000000,0.923828,1.000000,0.999512,0.973145,0.623047,0.984375
618.000000,1200.000000,0.929688,1.000000,1.000000,0.972656,0.640137,0.990723
619.000000,1200.000000,0.924805,1.000000,0.994141,0.974121,0.623535,0.989258
620.000000,1200.000000,0.929688,1.000000,1.000000,0.972656,0.641602,0.992188
621.000000,1200.000000,0.928223,1.000000,0.996582,0.975586,0.633789,0.991699
622.000000,1200.000000,0.930664,1.000000,0.999023,0.973633,0.641602,0.984375
623.000000,1200.000000,0.927734,1.000000,0.996582,0.973145,0.634766,0.989746
624.000000,1200.000000,0.930176,0.000000,0.999512,0.975586,0.642090,0.987793
625.000000,1200.000000,0.931152,1.000000,0.995117,0.972168,0.645020,0.983887
626.000000,1200.000000,0.930664,1.000000,1.000000,0.971680,0.644043,0.993164
627.000000,1200.000000,0.927246,1.000000,0.999023,0.971680,0.629395,0.993164
628.000000,1200.000000,0.930664,1.000000,0.992676,0.973145,0.642090,0.984863
629.000000,1200.000000,0.928223,1.000000,0.992188,0.974609,0.634766,0.988770
630.000000,1200.000000,0.929688,1.000000,0.999023,0.972168,0.640625,0.988770
631.000000,1200.000000,0.927246,1.000000,0.998047,0.974121,0.632324,0.992188
632.000000,1200.000000,0.933594,0.000000,0.989258,0.970703,0.649902,0.989746
633.000000,1200.000000,0.926758,1.000000,0.993652,0.974121,0.629883,0.993652
634.000000,1200.000000,0.929688,1.000000,0.999023,0.971680,0.640137,0.982910
635.000000,1200.000000,0.933105,1.000000,0.997559,0.973145,0.651367,0.991211
636.000000,1200.000000,0.926758,1.000000,0.995117,0.973145,0.630371,0.990234
637.000000,1200.000000,0.930664,1.000000,0.998047,0.973145,0.642578,0.984375
638.000000,1200.000000,0.927734,1.000000,1.000000,0.974609,0.633301,0.983887
639.000000,1200.000000,0.928711,1.000000,0.998047,0.973145,0.638672,0.991699
640.000000,1200.000000,0.931152,1.000000,0.995605,0.971680,0.643555,0.991699
641.000000,1200.000000,0.932129,1.000000,0.998535,0.971680,0.645996,0.993164
642.000000,1200.000000,0.925781,1.000000,0.997070,0.972168,0.626465,0.989746
643.000000,1200.000000,0.927246,1.000000,0.995117,0.975586,0.633301,0.987305
644.000000,1200.000000,0.924805,1.000000,1.000000,0.974121,0.625977,0.991211
645.000000,1200.000000,0.925293,1.000000,0.999023,0.972168,0.626953,0.986328
646.000000,1200.000000,0.930664,1.000000,0.997559,0.972168,0.643066,0.983887
647.000000,1200.000000,0.930664,0.000000,0.999023,0.973633,0.644531,0.981934
648.000000,1200.000000,0.931641,1.000000,0.995605,0.975586,0.646973,0.987305
649.000000,1200.000000,0.928223,1.000000,1.000000,0.974121,0.635742,0.990723
650.000000,1200.000000,0.930176,1.000000,0.998535,0.972168,0.641113,0.989746
651.000000,1200.000000,0.928711,1.000000,1.000000,0.972656,0.636230,0.992188
652.000000,1200.000000,0.925781,1.000000,1.000000,0.970215,0.626953,0.990723
653.000000,1200.000000,0.932129,1.000000,0.987305,0.973633,0.648438,0.987305
654.000000,1200.000000,0.925781,1.000000,1.000000,0.967773,0.627930,0.991211
655.000000,1200.000000,0.930176,1.000000,0.999512,0.973633,0.639648,0.979980
656.000000,1200.000000,0.930664,1.000000,1.000000,0.970703,0.644531,0.989258
657.000000,1200.000000,0.928711,0.000000,0.999512,0.971680,0.634766,0.988281
658.000000,1200.000000,0.927246,1.000000,0.996094,0.974121,0.630859,0.973633
659.000000,1200.000000,0.932129,1.000000,0.998535,0.971191,0.648438,0.985352
660.000000,1200.000000,0.926758,1.000000,0.990234,0.974121,0.630859,0.988770
661.000000,1200.000000,0.926270,1.000000,0.990234,0.973145,0.628906,0.986816
662.000000,1200.000000,0.930664,1.000000,1.000000,0.971680,0.640625,0.992188
663.000000,1200.000000,0.931641,1.000000,0.999023,0.973633,0.646484,0.992188
664.000000,1200.000000,0.929688,1.000000,0.994629,0.972656,0.637695,0.992188
665.000000,1200.000000,0.929199,1.000000,0.993652,0.972656,0.638672,0.988770
666.000000,1200.000000,0.931641,1.000000,0.999512,0.972168,0.646973,0.983887
667.000000,1200.000000,0.931152,1.000000,1.000000,0.974121,0.645020,0.989258
668.000000,1200.000000,0.932617,1.000000,0.999023,0.973633,0.650391,0.990234
669.000000,1200.000000,0.925293,1.000000,0.997559,0.972656,0.624023,0.986328
670.000000,1200.000000,0.931152,1.000000,0.996094,0.973633,0.644531,0.989746
671.000000,1200.000000,0.927734,1.000000,0.998535,0.971680,0.633789,0.992188
672.000000,1200.000000,0.926270,1.000000,0.997070,0.973633,0.628418,0.992676
673.000000,1200.000000,0.928223,1.000000,1.000000,0.974609,0.632812,0.993164
674.000000,1200.000000,0.930664,0.000000,0.998535,0.974609,0.642578,0.991699
675.000000,1200.000000,0.931641,1.000000,0.997559,0.972168,0.646484,0.990234
676.000000,1200.000000,0.928223,1.000000,0.999023,0.973633,0.632324,0.991699
677.000000,1200.000000,0.927246,1.000000,0.999512,0.971680,0.632812,0.992676
678.000000,1200.000000,0.930664,1.000000,1.000000,0.974121,0.641602,0.991699
679.000000,1200.000000,0.929688,1.000000,0.999023,0.973633,0.640137,0.991211
680.000000,1200.000000,0.929688,1.000000,1.000000,0.972656,0.640625,0.987305
681.000000,1200.000000,0.924316,1.000000,0.999023,0.974121,0.623047,0.991211
682.000000,1200.000000,0.921387,1.000000,0.997559,0.972656,0.611816,0.982910
683.000000,1200.000000,0.927734,1.000000,0.999023,0.971191,0.633301,0.983398
684.000000,1200.000000,0.932617,1.000000,0.992676,0.973633,0.652344,0.990234
685.000000,1200.000000,0.930664,1.000000,0.994629,0.972656,0.643555,0.992188
686.000000,1200.000000,0.930664,1.000000,1.000000,0.971191,0.641602,0.991211
687.000000,1200.000000,0.933594,1.000000,0.995117,0.972656,0.653320,0.986816
688.000000,1200.000000,0.928711,1.000000,1.000000,0.973633,0.639160,0.986328
689.000000,1200.000000,0.929199,1.000000,0.999512,0.972168,0.635742,0.990723
690.000000,1200.000000,0.925781,1.000000,0.994629,0.973145,0.627441,0.992188
691.000000,1200.000000,0.932617,1.000000,0.998535,0.972656,0.648438,0.991699
692.000000,1200.000000,0.932617,1.000000,0.999023,0.971680,0.648926,0.993164
693.000000,1200.000000,0.923828,1.000000,0.996582,0.973145,0.620117,0.989258
694.000000,1200.000000,0.926270,1.000000,1.000000,0.972168,0.630371,0.989258
695.000000,1200.000000,0.932129,1.000000,1.000000,0.975098,0.645996,0.990723
696.000000,1200.000000,0.923828,1.000000,0.994141,0.973633,0.622559,0.992188
697.000000,1200.000000,0.928711,1.000000,0.991211,0.973145,0.636719,0.990723
698.000000,1200.000000,0.926758,1.000000,0.990234,0.972168,0.628906,0.990234
699.000000,1200.000000,0.924316,1.000000,0.992676,0.970215,0.620605,0.984863
700.000000,1200.000000,0.928223,1.000000,0.997070,0.972168,0.633301,0.991699
701.000000,1200.000000,0.928223,1.000000,1.000000,0.971191,0.635254,0.987793
702.000000,1200.000000,0.932129,1.000000,0.998535,0.972656,0.647949,0.990723
703.000000,1200.000000,0.928223,1.000000,0.990234,0.973145,0.635742,0.990723
704.000000,1200.000000,0.929688,1.000000,0.997070,0.972656,0.641113,0.993164
705.000000,1200.000000,0.928711,1.000000,1.000000,0.973145,0.636719,0.985352
706.000000,1200.000000,0.930176,1.000000,0.999023,0.973145,0.643066,0.993164
707.000000,1200.000000,0.932129,1.000000,0.999512,0.972656,0.647949,0.991699
708.000000,1200.000000,0.926758,1.000000,1.000000,0.973633,0.628906,0.990723
709.000000,1200.000000,0.925781,1.000000,0.997559,0.973633,0.626465,0.991699
710.000000,1200.000000,0.931641,1.000000,0.999512,0.974121,0.645508,0.991699
711.000000,1200.000000,0.929688,1.000000,1.000000,0.972656,0.642578,0.991211
712.000000,1200.000000,0.927246,1.000000,0.999023,0.974609,0.628418,0.983398
713.000000,1200.000000,0.933105,1.000000,0.998535,0.972168,0.651367,0.989746
714.000000,1200.000000,0.931152,1.000000,1.000000,0.971680,0.645996,0.988281
715.000000,1200.000000,0.926270,1.000000,0.999023,0.972656,0.628906,0.973633
716.000000,1200.000000,0.928223,1.000000,1.000000,0.973633,0.635742,0.985840
717.000000,1200.000000,0.926270,1.000000,1.000000,0.971680,0.629395,0.990234
718.000000,1200.000000,0.924805,1.000000,0.999023,0.973145,0.622559,0.990234
719.000000,1200.000000,0.930176,1.000000,0.995605,0.972168,0.639648,0.990723
720.000000,1200.000000,0.930664,1.000000,0.997559,0.972168,0.645020,0.991699
721.000000,1200.000000,0.931152,1.000000,0.990723,0.970703,0.644043,0.990723
722.000000,1200.000000,0.924316,1.000000,1.000000,0.974121,0.623047,0.989746
723.000000,1200.000000,0.932129,0.000000,0.999512,0.974609,0.648926,0.990234
724.000000,1200.000000,0.929688,1.000000,0.990723,0.971680,0.641113,0.991699
725.000000,1200.000000,0.928711,1.000000,0.993652,0.974121,0.638184,0.992188
726.000000,1200.000000,0.928223,1.000000,1.000000,0.973633,0.632324,0.988281
727.000000,1200.000000,0.928223,1.000000,0.996582,0.972656,0.636230,0.991699
728.000000,1200.000000,0.929688,1.000000,0.999023,0.973633,0.641602,0.984375
729.000000,1200.000000,0.932617,1.000000,0.999512,0.974609,0.648438,0.992188
730.000000,1200.000000,0.924316,1.000000,1.000000,0.972656,0.623047,0.989258
731.000000,1200.000000,0.930176,1.000000,0.997559,0.974121,0.642578,0.990234
732.000000,1200.000000,0.929199,1.000000,0.999512,0.970703,0.638184,0.987793
733.000000,1200.000000,0.926270,1.000000,0.999512,0.969238,0.629395,0.991699
734.000000,1200.000000,0.925781,1.000000,1.000000,0.976562,0.627441,0.991211
735.000000,1200.000000,0.927246,1.000000,0.999512,0.972168,0.631348,0.987793
736.000000,1200.000000,0.930176,1.000000,0.999512,0.976074,0.643555,0.992676
737.000000,1200.000000,0.929688,1.000000,1.000000,0.975586,0.635254,0.985840
738.000000,1200.000000,0.927246,1.000000,0.990723,0.973145,0.632324,0.992188
739.000000,1200.000000,0.929688,1.000000,0.999512,0.973633,0.639648,0.992188
740.000000,1200.000000,0.926758,1.000000,1.000000,0.972168,0.631348,0.993164
741.000000,1200.000000,0.931152,1.000000,0.993652,0.971680,0.645996,0.989258
742.000000,1200.000000,0.934082,1.000000,0.997559,0.973633,0.653320,0.989746
743.000000,1200.000000,0.931641,1.000000,0.999512,0.972656,0.645020,0.988770
744.000000,1200.000000,0.930664,1.000000,1.000000,0.973633,0.642578,0.989746
745.000000,1200.000000,0.926758,1.000000,0.991699,0.975586,0.629883,0.984863
746.000000,1200.000000,0.932617,1.000000,0.999512,0.972168,0.650879,0.992188
747.000000,1200.000000,0.935547,0.000000,0.999512,0.970703,0.662109,0.987793
748.000000,1200.000000,0.927734,1.000000,0.994629,0.974121,0.633301,0.984375
749.000000,1200.000000,0.928711,1.000000,1.000000,0.975098,0.639160,0.979004
750.000000,1200.000000,0.932617,1.000000,0.998047,0.974121,0.648926,0.986328
751.000000,1200.000000,0.928223,1.000000,0.997559,0.973145,0.636230,0.987793
752.000000,1200.000000,0.933105,1.000000,0.995117,0.970703,0.651855,0.989746
753.000000,1200.000000,0.932617,1.000000,0.993652,0.973633,0.646484,0.988770
754.000000,1200.000000,0.930664,1.000000,1.000000,0.972168,0.646973,0.982910
755.000000,1200.000000,0.928711,1.000000,0.999023,0.974609,0.640625,0.989258
756.000000,1200.000000,0.928223,1.000000,0.999512,0.973145,0.634766,0.987305
757.000000,1200.000000,0.927246,1.000000,0.997070,0.972168,0.632812,0.989258
758.000000,1200.000000,0.929199,1.000000,0.996094,0.970703,0.636230,0.985840
759.000000,1200.000000,0.927734,0.000000,0.998047,0.971680,0.635742,0.984863
760.000000,1200.000000,0.930176,1.000000,1.000000,0.972656,0.644043,0.988770
761.000000,1200.000000,0.934570,1.000000,0.999023,0.974121,0.656738,0.991211
762.000000,1200.000000,0.921875,1.000000,1.000000,0.972656,0.613770,0.989258
763.000000,1200.000000,0.929688,1.000000,0.998535,0.972168,0.638184,0.991211
764.000000,1200.000000,0.924805,1.000000,1.000000,0.970703,0.623047,0.992676
765.000000,1200.000000,0.927734,1.000000,1.000000,0.972656,0.631836,0.992188
766.000000,1200.000000,0.929688,1.000000,0.991211,0.973145,0.639160,0.986816
767.000000,1200.000000,0.926270,1.000000,0.995117,0.972656,0.630371,0.988281
768.000000,1200.000000,0.928223,1.000000,0.999512,0.974121,0.635254,0.990234
769.000000,1200.000000,0.931641,1.000000,1.000000,0.973633,0.648926,0.992676
770.000000,1200.000000,0.929688,1.000000,0.996094,0.973145,0.640625,0.987305
771.000000,1200.000000,0.934082,1.000000,0.999512,0.970215,0.655762,0.992188
772.000000,1200.000000,0.930176,1.000000,0.999023,0.971191,0.640137,0.992676
773.000000,1200.000000,0.928711,1.000000,1.000000,0.973145,0.638184,0.990723
774.000000,1200.000000,0.925781,1.000000,0.999023,0.974609,0.627441,0.991211
775.000000,1200.000000,0.929688,1.000000,0.993164,0.972168,0.639648,0.983398
776.000000,1200.000000,0.931152,1.000000,1.000000,0.975098,0.645508,0.991699
777.000000,1200.000000,0.930664,0.000000,0.999023,0.971191,0.643066,0.981934
778.000000,1200.000000,0.927246,1.000000,1.000000,0.972656,0.630859,0.985840
779.000000,1200.000000,0.928223,1.000000,0.988281,0.973145,0.635742,0.988770
780.000000,1200.000000,0.927734,0.000000,0.998535,0.973633,0.635742,0.989258
781.000000,1200.000000,0.927734,1.000000,0.999512,0.973633,0.634277,0.985352
782.000000,1200.000000,0.931152,1.000000,1.000000,0.972168,0.644531,0.993164
783.000000,1200.000000,0.929199,1.000000,0.998047,0.971191,0.639648,0.987793
784.000000,1200.000000,0.926270,0.000000,0.999512,0.975098,0.631348,0.992188
785.000000,1200.000000,0.930176,1.000000,0.993164,0.970215,0.640137,0.985352
786.000000,1200.000000,0.925781,1.000000,0.997070,0.971680,0.626953,0.986816
787.000000,1200.000000,0.926270,1.000000,0.998047,0.973145,0.628418,0.985840
788.000000,1200.000000,0.925781,1.000000,0.994629,0.971191,0.627441,0.991699
789.000000,1200.000000,0.926270,1.000000,1.000000,0.973145,0.628906,0.984863
790.000000,1200.000000,0.929688,1.000000,1.000000,0.974609,0.639648,0.991699
791.000000,1200.000000,0.929199,1.000000,0.999512,0.974121,0.639160,0.987793
792.000000,1200.000000,0.929199,1.000000,0.999512,0.974609,0.638184,0.992188
793.000000,1200.000000,0.931641,1.000000,0.999512,0.974121,0.645508,0.986816
794.000000,1200.000000,0.930176,1.000000,0.998047,0.971680,0.640137,0.990234
795.000000,1200.000000,0.931152,1.000000,0.999023,0.975586,0.644531,0.992188
796.000000,1200.000000,0.927246,1.000000,0.993164,0.973145,0.630859,0.986328
797.000000,1200.000000,0.925293,1.000000,0.994629,0.973633,0.624512,0.982422
798.000000,1200.000000,0.927734,1.000000,0.996582,0.973633,0.637207,0.987305
799.000000,1200.000000,0.927246,1.000000,0.997559,0.974609,0.633789,0.991211
800.000000,1200.000000,0.926270,1.000000,0.997070,0.972656,0.628418,0.984863
801.000000,1200.000000,0.931641,1.000000,0.999023,0.975098,0.647949,0.991699
802.000000,1200.000000,0.928711,1.000000,0.999512,0.974121,0.639648,0.983887
803.000000,1200.000000,0.929688,1.000000,0.994629,0.974609,0.640625,0.988281
804.000000,1200.000000,0.932129,1.000000,0.998047,0.972656,0.648438,0.985840
805.000000,1200.000000,0.927734,1.000000,0.996582,0.974121,0.637207,0.988770
806.000000,1200.000000,0.928711,1.000000,0.999023,0.971680,0.637695,0.986328
807.000000,1200.000000,0.928223,1.000000,0.999023,0.971191,0.637207,0.986816
808.000000,1200.000000,0.933105,1.000000,1.000000,0.971680,0.652832,0.989746
809.000000,1200.000000,0.927246,1.000000,0.999023,0.971680,0.636230,0.978516
810.000000,1200.000000,0.934570,1.000000,0.996582,0.974121,0.655273,0.985840
811.000000,1200.000000,0.931152,1.000000,0.998047,0.974121,0.645996,0.992188
812.000000,1200.000000,0.926270,1.000000,0.996582,0.973145,0.627930,0.988281
813.000000,1200.000000,0.929688,1.000000,0.996582,0.972656,0.642578,0.987305
814.000000,1200.000000,0.927246,1.000000,0.995117,0.972168,0.636719,0.991699
815.000000,1200.000000,0.928711,1.000000,0.991699,0.973145,0.634277,0.986328
816.000000,1200.000000,0.931152,1.000000,1.000000,0.974609,0.646484,0.992676
817.000000,1200.000000,0.928711,1.000000,0.998047,0.973633,0.637695,0.992188
818.000000,1200.000000,0.926270,1.000000,0.993652,0.971680,0.629883,0.985352
819.000000,1200.000000,0.934570,1.000000,0.999512,0.974121,0.657715,0.991699
820.000000,1200.000000,0.928711,1.000000,0.994141,0.973145,0.638184,0.986816
821.000000,1200.000000,0.927246,1.000000,0.994141,0.972168,0.633789,0.992188
822.000000,1200.000000,0.928223,1.000000,0.996582,0.972168,0.631836,0.986816
823.000000,1200.000000,0.929688,1.000000,0.998535,0.972168,0.637207,0.983398
824.000000,1200.000000,0.926270,1.000000,0.997559,0.973145,0.629395,0.992676
825.000000,1200.000000,0.928711,1.000000,0.999512,0.971680,0.635742,0.991699
826.000000,1200.000000,0.930176,1.000000,0.998535,0.973145,0.641602,0.982910
827.000000,1200.000000,0.927246,0.000000,0.997559,0.974121,0.631836,0.990234
828.000000,1200.000000,0.927246,1.000000,0.999512,0.973633,0.629395,0.984375
829.000000,1200.000000,0.930664,1.000000,1.000000,0.975586,0.641113,0.984863
830.000000,1200.000000,0.926270,1.000000,0.999512,0.973145,0.630859,0.991699
831.000000,1200.000000,0.928711,1.000000,1.000000,0.974609,0.637695,0.991699
832.000000,1200.000000,0.928223,1.000000,1.000000,0.971680,0.634277,0.993164
833.000000,1200.000000,0.926758,1.000000,1.000000,0.971680,0.629883,0.988770
834.000000,1200.000000,0.928711,1.000000,0.999512,0.973145,0.636719,0.990723
835.000000,1200.000000,0.930664,1.000000,0.996582,0.973145,0.642090,0.989746
836.000000,1200.000000,0.928223,1.000000,0.998535,0.973145,0.635254,0.975586
837.000000,1200.000000,0.927246,1.000000,0.996094,0.971680,0.632324,0.992188
838.000000,1200.000000,0.927246,1.000000,1.000000,0.974121,0.630859,0.989258
839.000000,1200.000000,0.928223,0.000000,0.996094,0.972168,0.634766,0.984375
840.000000,1200.000000,0.929688,0.000000,0.997070,0.974121,0.639160,0.989746
841.000000,1200.000000,0.930664,1.000000,0.995605,0.973633,0.643066,0.989258
842.000000,1200.000000,0.930664,1.000000,0.999512,0.973145,0.642090,0.991699
843.000000,1200.000000,0.928711,1.000000,0.998535,0.972656,0.636719,0.992188
844.000000,1200.000000,0.931152,1.000000,1.000000,0.974609,0.645020,0.986328
845.000000,1200.000000,0.929199,1.000000,0.989258,0.972656,0.638672,0.989746
846.000000,1200.000000,0.928711,1.000000,1.000000,0.975098,0.642090,0.991699
847.000000,1200.000000,0.931641,1.000000,0.994629,0.972656,0.644043,0.991699
848.000000,1200.000000,0.929688,1.000000,0.999512,0.975098,0.638672,0.991699
849.000000,1200.000000,0.931152,1.000000,0.999023,0.973633,0.642578,0.992676
850.000000,1200.000000,0.928223,1.000000,1.000000,0.970703,0.634277,0.990234
851.000000,1200.000000,0.926270,0.000000,0.988770,0.974609,0.625977,0.986816
852.000000,1200.000000,0.927246,1.000000,1.000000,0.971191,0.632812,0.987305
853.000000,1200.000000,0.932129,1.000000,0.999512,0.974609,0.646973,0.988770
854.000000,1200.000000,0.926758,1.000000,0.998535,0.973633,0.631348,0.989746
855.000000,1200.000000,0.924316,1.000000,0.998047,0.972656,0.627441,0.991699
856.000000,1200.000000,0.927246,0.000000,0.977051,0.973145,0.634277,0.992676
857.000000,1200.000000,0.926270,1.000000,0.999023,0.974121,0.628418,0.987305
858.000000,1200.000000,0.929199,1.000000,0.994141,0.972656,0.639160,0.991211
859.000000,1200.000000,0.924805,1.000000,0.997070,0.972168,0.622559,0.989746
860.000000,1200.000000,0.928223,1.000000,0.999023,0.972168,0.633301,0.982422
861.000000,1200.000000,0.926758,1.000000,0.996582,0.972168,0.633301,0.992188
862.000000,1200.000000,0.932129,1.000000,1.000000,0.972168,0.646484,0.991699
863.000000,1200.000000,0.929199,1.000000,0.999512,0.972656,0.640625,0.985840
864.000000,1200.000000,0.929199,1.000000,0.999023,0.974121,0.634766,0.987305
865.000000,1200.000000,0.927734,1.000000,0.999512,0.970703,0.630371,0.992188
866.000000,1200.000000,0.933105,1.000000,0.999023,0.972656,0.652832,0.991699
867.000000,1200.000000,0.927734,1.000000,0.997070,0.973145,0.630859,0.992188
868.000000,1200.000000,0.927246,1.000000,0.993652,0.972656,0.631836,0.990234
869.000000,1200.000000,0.927734,1.000000,0.997070,0.973145,0.631348,0.990234
870.000000,1200.000000,0.931641,1.000000,1.000000,0.974609,0.644531,0.987305
871.000000,1200.000000,0.930664,1.000000,0.980469,0.972656,0.645508,0.991699
872.000000,1200.000000,0.932129,1.000000,1.000000,0.974121,0.647949,0.981934
873.000000,1200.000000,0.928711,1.000000,0.993652,0.975586,0.634766,0.987793
874.000000,1200.000000,0.929688,1.000000,0.999512,0.974121,0.641113,0.982910
875.000000,1200.000000,0.925293,1.000000,1.000000,0.971680,0.625488,0.989746
876.000000,1200.000000,0.930664,1.000000,0.994141,0.974609,0.644043,0.992188
877.000000,1200.000000,0.927246,1.000000,0.994141,0.973633,0.632324,0.989258
878.000000,1200.000000,0.932617,1.000000,0.999023,0.972168,0.650879,0.992188
879.000000,1200.000000,0.933594,0.000000,1.000000,0.972656,0.653809,0.991211
880.000000,1200.000000,0.927246,1.000000,0.999023,0.974121,0.630859,0.991699
881.000000,1200.000000,0.931152,1.000000,0.999023,0.973145,0.641602,0.988281
882.000000,1200.000000,0.925781,1.000000,1.000000,0.972656,0.627441,0.991699
883.000000,1200.000000,0.927246,1.000000,0.999512,0.975098,0.634277,0.981934
884.000000,1200.000000,0.927734,1.000000,0.998535,0.975586,0.633789,0.990723
885.000000,1200.000000,0.928223,1.000000,0.999023,0.973145,0.634277,0.989258
886.000000,1200.000000,0.930176,1.000000,0.999512,0.973145,0.642090,0.988770
887.000000,1200.000000,0.926270,1.000000,1.000000,0.971680,0.629395,0.990723
888.000000,1200.000000,0.929199,1.000000,0.999512,0.974121,0.638184,0.982910
889.000000,1200.000000,0.927246,1.000000,0.997070,0.975098,0.631836,0.992676
890.000000,1200.000000,0.928223,1.000000,0.999512,0.975098,0.635254,0.991699
891.000000,1200.000000,0.926270,1.000000,0.993652,0.972656,0.629883,0.992676
892.000000,1200.000000,0.931152,1.000000,0.999512,0.971191,0.644043,0.985840
893.000000,1200.000000,0.929688,1.000000,0.999512,0.972656,0.638184,0.986816
894.000000,1200.000000,0.929199,1.000000,0.992676,0.973145,0.641602,0.991699
895.000000,1200.000000,0.928223,1.000000,0.996582,0.974121,0.638184,0.993164
896.000000,1200.000000,0.927734,1.000000,1.000000,0.971680,0.635254,0.992676
897.000000,1200.000000,0.926758,1.000000,0.999023,0.974609,0.630859,0.988770
898.000000,1200.000000,0.927734,1.000000,1.000000,0.975098,0.636719,0.987305
899.000000,1200.000000,0.928711,0.000000,1.000000,0.972656,0.636230,0.990723
900.000000,1200.000000,0.924316,1.000000,0.998535,0.973145,0.624512,0.991699
901.000000,1200.000000,0.927734,0.000000,0.999512,0.974609,0.634277,0.992676
902.000000,1200.000000,0.923340,1.000000,0.998535,0.972656,0.622559,0.982422
903.000000,1200.000000,0.931641,1.000000,0.996582,0.973633,0.647461,0.992188
904.000000,1200.000000,0.926270,1.000000,1.000000,0.972168,0.629395,0.990234
905.000000,1200.000000,0.928223,1.000000,0.999512,0.971680,0.635254,0.988770
906.000000,1200.000000,0.928223,1.000000,0.999512,0.972656,0.636719,0.989258
907.000000,1200.000000,0.925293,1.000000,0.997070,0.973145,0.625977,0.990723
908.000000,1200.000000,0.929688,1.000000,0.995117,0.972168,0.639160,0.984863
909.000000,1200.000000,0.926758,1.000000,0.996582,0.974121,0.629883,0.981934
910.000000,1200.000000,0.930664,1.000000,0.989258,0.971680,0.645020,0.985840
911.000000,1200.000000,0.933594,1.000000,0.991699,0.970215,0.651367,0.991211
912.000000,1200.000000,0.926758,1.000000,1.000000,0.973633,0.630859,0.982422
913.000000,1200.000000,0.924805,0.000000,0.999512,0.973633,0.624023,0.989258
914.000000,1200.000000,0.935547,1.000000,0.999023,0.975098,0.660645,0.984863
915.000000,1200.000000,0.927246,1.000000,1.000000,0.972656,0.631348,0.988281
916.000000,1200.000000,0.932617,1.000000,0.990234,0.973633,0.649414,0.991699
917.000000,1200.000000,0.929688,1.000000,0.994141,0.972656,0.637695,0.983398
918.000000,1200.000000,0.924316,1.000000,1.000000,0.972168,0.620605,0.993164
919.000000,1200.000000,0.927734,1.000000,1.000000,0.973633,0.632812,0.988281
920.000000,1200.000000,0.928711,1.000000,1.000000,0.971191,0.636719,0.989258
921.000000,1200.000000,0.933105,1.000000,0.994629,0.974121,0.650879,0.981934
922.000000,1200.000000,0.931152,1.000000,0.999512,0.969727,0.645020,0.988281
923.000000,1200.000000,0.928711,1.000000,0.984863,0.972656,0.638184,0.977051
924.000000,1200.000000,0.928711,1.000000,0.993164,0.975098,0.633789,0.988281
925.000000,1200.000000,0.929199,1.000000,0.999023,0.971680,0.638672,0.989258
926.000000,1200.000000,0.928223,0.000000,1.000000,0.971680,0.636719,0.982910
927.000000,1200.000000,0.931152,1.000000,1.000000,0.975098,0.646973,0.989746
928.000000,1200.000000,0.931152,1.000000,0.996582,0.973145,0.646484,0.994629
929.000000,1200.000000,0.930664,1.000000,1.000000,0.973145,0.643066,0.990234
930.000000,1200.000000,0.924316,1.000000,0.997559,0.975098,0.619629,0.989746
931.000000,1200.000000,0.923340,1.000000,0.997559,0.972168,0.623047,0.988281
932.000000,1200.000000,0.927246,1.000000,0.998535,0.974609,0.632812,0.991211
933.000000,1200.000000,0.930176,1.000000,1.000000,0.975586,0.642090,0.988281
934.000000,1200.000000,0.924805,1.000000,1.000000,0.970703,0.622559,0.991699
935.000000,1200.000000,0.930176,0.000000,0.999023,0.973145,0.641602,0.992676
936.000000,1200.000000,0.931152,1.000000,0.993164,0.975098,0.643066,0.982422
937.000000,1200.000000,0.925781,1.000000,0.997070,0.971680,0.627930,0.990723
938.000000,1200.000000,0.927734,1.000000,1.000000,0.973633,0.631348,0.992676
939.000000,1200.000000,0.927734,1.000000,0.997070,0.974609,0.632324,0.988770
940.000000,1200.000000,0.930176,1.000000,0.994141,0.974121,0.639160,0.987793
941.000000,1200.000000,0.930664,1.000000,0.997070,0.972168,0.644531,0.993164
942.000000,1200.000000,0.928711,1.000000,0.993652,0.972656,0.636719,0.987305
943.000000,1200.000000,0.928223,1.000000,0.999512,0.972656,0.633789,0.986328
944.000000,1200.000000,0.929199,1.000000,0.990723,0.972656,0.637207,0.984863
945.000000,1200.000000,0.922363,1.000000,0.999023,0.973145,0.615723,0.992188
946.000000,1200.000000,0.935059,0.000000,0.991699,0.972168,0.658203,0.991699
947.000000,1200.000000,0.929688,1.000000,0.993652,0.973633,0.641113,0.991211
948.000000,1200.000000,0.932617,0.000000,0.999512,0.972168,0.651855,0.992188
949.000000,1200.000000,0.928223,1.000000,0.995117,0.973633,0.635254,0.991699
950.000000,1200.000000,0.932617,1.000000,0.998535,0.974121,0.647949,0.992676
951.000000,1200.000000,0.928223,1.000000,0.996582,0.969727,0.635742,0.992676
952.000000,1200.000000,0.927734,1.000000,1.000000,0.974121,0.632324,0.992188
953.000000,1200.000000,0.931152,0.000000,0.999023,0.973633,0.645508,0.991699
954.000000,1200.000000,0.928711,1.000000,1.000000,0.971191,0.636719,0.992188
955.000000,1200.000000,0.930176,1.000000,1.000000,0.972656,0.639160,0.991211
956.000000,1200.000000,0.925781,1.000000,1.000000,0.971680,0.628906,0.991699
957.000000,1200.000000,0.927246,1.000000,0.994141,0.974121,0.631836,0.991699
958.000000,1200.000000,0.929688,1.000000,0.994629,0.973633,0.640625,0.989746
959.000000,1200.000000,0.927246,1.000000,0.999023,0.974121,0.630859,0.992188
960.000000,1200.000000,0.930664,1.000000,0.999512,0.974121,0.640625,0.990723
961.000000,1200.000000,0.929688,1.000000,0.998535,0.972656,0.640137,0.991699
962.000000,1200.000000,0.929199,1.000000,0.998047,0.972168,0.638672,0.991211
963.000000,1200.000000,0.934570,1.000000,0.996582,0.975098,0.657227,0.992188
964.000000,1200.000000,0.932129,1.000000,0.992676,0.973145,0.652832,0.982422
965.000000,1200.000000,0.929688,1.000000,1.000000,0.975098,0.642578,0.991699
966.000000,1200.000000,0.930176,1.000000,0.996582,0.974609,0.642090,0.987793
967.000000,1200.000000,0.933594,1.000000,0.999023,0.969727,0.651367,0.991211
968.000000,1200.000000,0.933105,1.000000,1.000000,0.972168,0.647949,0.992188
969.000000,1200.000000,0.927734,1.000000,1.000000,0.972168,0.632812,0.988770
970.000000,1200.000000,0.926270,1.000000,1.000000,0.972656,0.630859,0.987793
971.000000,1200.000000,0.929688,1.000000,1.000000,0.972656,0.638672,0.987305
972.000000,1200.000000,0.932617,1.000000,1.000000,0.974609,0.648926,0.991699
973.000000,1200.000000,0.927246,1.000000,1.000000,0.971680,0.631836,0.991699
974.000000,1200.000000,0.929688,1.000000,1.000000,0.971680,0.637695,0.989258
975.000000,1200.000000,0.927734,0.000000,0.999512,0.972168,0.632324,0.991699
976.000000,1200.000000,0.928711,1.000000,1.000000,0.973145,0.635742,0.993652
977.000000,1200.000000,0.931641,1.000000,0.996094,0.975098,0.643555,0.986328
978.000000,1200.000000,0.936523,1.000000,1.000000,0.974609,0.662598,0.987305
979.000000,1200.000000,0.929688,1.000000,0.998535,0.975098,0.640137,0.986328
980.000000,1200.000000,0.927734,1.000000,0.999512,0.972656,0.631348,0.990723
981.000000,1200.000000,0.929199,1.000000,1.000000,0.974609,0.637695,0.985840
982.000000,1200.000000,0.930664,1.000000,0.998535,0.973145,0.641113,0.992188
983.000000,1200.000000,0.927734,1.000000,1.000000,0.973145,0.636230,0.991211
984.000000,1200.000000,0.930664,1.000000,0.999023,0.975098,0.642090,0.986816
985.000000,1200.000000,0.926758,1.000000,0.999023,0.975098,0.631836,0.986328
986.000000,1200.000000,0.931641,0.000000,0.980957,0.975098,0.646973,0.986816
987.000000,1200.000000,0.930664,1.000000,0.998535,0.972656,0.642578,0.990723
988.000000,1200.000000,0.930176,1.000000,0.999023,0.973145,0.640137,0.991699
989.000000,1200.000000,0.932617,1.000000,1.000000,0.974121,0.652344,0.987793
990.000000,1200.000000,0.932129,1.000000,0.999023,0.972656,0.647461,0.992676
991.000000,1200.000000,0.927734,1.000000,0.995605,0.972656,0.637207,0.990234
992.000000,1200.000000,0.928223,1.000000,0.997559,0.972168,0.634277,0.981934
993.000000,1200.000000,0.926758,1.000000,0.998535,0.973145,0.631348,0.988770
994.000000,1200.000000,0.927246,1.000000,0.997559,0.975098,0.631836,0.985840
995.000000,1200.000000,0.927734,1.000000,0.999512,0.974121,0.634766,0.991211
996.000000,1200.000000,0.927734,1.000000,0.996094,0.972168,0.632324,0.987305
997.000000,1200.000000,0.926758,1.000000,1.000000,0.972168,0.630371,0.992188
998.000000,1200.000000,0.930176,1.000000,0.998535,0.975586,0.641602,0.992676
999.000000,1200.000000,0.926758,1.000000,1.000000,0.972168,0.631348,0.989258
1000.000000,1200.000000,0.932617,1.000000,0.999023,0.971680,0.646484,0.990234
1.000000,1500.000000,0.941895,0.000000,1.000000,0.975586,0.660156,0.991699
2.000000,1500.000000,0.943359,1.000000,0.995117,0.975586,0.664062,0.989258
3.000000,1500.000000,0.941895,1.000000,0.997070,0.976074,0.658203,0.991699
4.000000,1500.000000,0.940430,1.000000,1.000000,0.974609,0.652344,0.992188
5.000000,1500.000000,0.939453,1.000000,0.999023,0.975586,0.651367,0.991699
6.000000,1500.000000,0.939941,1.000000,0.999023,0.976074,0.652344,0.989258
7.000000,1500.000000,0.945312,1.000000,0.993652,0.974121,0.669434,0.989258
8.000000,1500.000000,0.940918,1.000000,1.000000,0.973633,0.656738,0.987305
9.000000,1500.000000,0.941406,1.000000,1.000000,0.976074,0.655762,0.991211
10.000000,1500.000000,0.941895,1.000000,0.997559,0.976562,0.659180,0.990234
11.000000,1500.000000,0.941406,1.000000,0.999023,0.976074,0.657227,0.989746
12.000000,1500.000000,0.942871,1.000000,0.999512,0.976074,0.661621,0.990234
13.000000,1500.000000,0.939453,1.000000,1.000000,0.974609,0.651367,0.986816
14.000000,1500.000000,0.940430,1.000000,0.996094,0.976074,0.652832,0.982422
15.000000,1500.000000,0.942871,1.000000,0.999512,0.976074,0.660645,0.984863
16.000000,1500.000000,0.941406,1.000000,0.999512,0.974609,0.657715,0.992676
17.000000,1500.000000,0.940430,1.000000,1.000000,0.976074,0.653320,0.981445
18.000000,1500.000000,0.943359,1.000000,1.000000,0.975098,0.663574,0.986816
19.000000,1500.000000,0.943848,1.000000,0.998535,0.974121,0.662598,0.989258
20.000000,1500.000000,0.941406,1.000000,0.994629,0.977539,0.659180,0.990234
21.000000,1500.000000,0.945312,1.000000,0.997070,0.974609,0.668945,0.984863
22.000000,1500.000000,0.940918,1.000000,1.000000,0.974609,0.656738,0.989746
23.000000,1500.000000,0.944824,1.000000,0.999512,0.974121,0.666016,0.984375
24.000000,1500.000000,0.941406,1.000000,0.999023,0.974121,0.658203,0.984375
25.000000,1500.000000,0.943359,1.000000,1.000000,0.975098,0.662109,0.992188
26.000000,1500.000000,0.946289,1.000000,0.999512,0.972656,0.673828,0.991211
27.000000,1500.000000,0.941406,1.000000,0.999512,0.973633,0.655273,0.992676
28.000000,1500.000000,0.942871,1.000000,1.000000,0.975098,0.661133,0.989258
29.000000,1500.000000,0.942383,1.000000,0.994141,0.978516,0.660156,0.992188
30.000000,1500.000000,0.944824,1.000000,0.999512,0.975098,0.666992,0.987305
31.000000,1500.000000,0.941406,1.000000,0.996094,0.975098,0.658691,0.988281
32.000000,1500.000000,0.945801,1.000000,0.993652,0.976562,0.671387,0.991699
33.000000,1500.000000,0.940918,1.000000,0.981445,0.974121,0.655762,0.986816
34.000000,1500.000000,0.943848,1.000000,0.999023,0.977051,0.664551,0.988770
35.000000,1500.000000,0.942383,1.000000,0.999512,0.976074,0.659180,0.993164
36.000000,1500.000000,0.941406,1.000000,1.000000,0.975586,0.658691,0.989258
37.000000,1500.000000,0.942871,1.000000,1.000000,0.976562,0.660645,0.991699
38.000000,1500.000000,0.937988,1.000000,0.998535,0.974609,0.645508,0.981934
39.000000,1500.000000,0.941406,1.000000,0.994629,0.974121,0.657227,0.988281
40.000000,1500.000000,0.939453,1.000000,0.999512,0.973633,0.650391,0.987305
41.000000,1500.000000,0.943359,1.000000,1.000000,0.973633,0.664062,0.990723
42.000000,1500.000000,0.944336,1.000000,0.998047,0.975098,0.665039,0.991211
43.000000,1500.000000,0.943848,1.000000,0.999512,0.973633,0.665527,0.982422
44.000000,1500.000000,0.945801,1.000000,0.996094,0.974609,0.670898,0.987793
45.000000,1500.000000,0.944824,1.000000,0.996582,0.975586,0.667969,0.989258
46.000000,1500.000000,0.944824,1.000000,0.994141,0.976074,0.669434,0.991211
47.000000,1500.000000,0.941406,0.000000,0.994141,0.976562,0.655273,0.990723
48.000000,1500.000000,0.941895,1.000000,0.999023,0.974609,0.657227,0.991699
49.000000,1500.000000,0.942383,1.000000,0.999023,0.972656,0.659668,0.988281
50.000000,1500.000000,0.948242,1.000000,1.000000,0.974609,0.678223,0.991699
51.000000,1500.000000,0.946289,1.000000,1.000000,0.974121,0.672363,0.988281
52.000000,1500.000000,0.944336,1.000000,0.999023,0.977539,0.665527,0.992188
53.000000,1500.000000,0.942383,1.000000,0.992676,0.976562,0.657715,0.991699
54.000000,1500.000000,0.938965,1.000000,1.000000,0.973633,0.650879,0.976074
55.000000,1500.000000,0.939453,1.000000,0.999512,0.974609,0.650391,0.992188
56.000000,1500.000000,0.945801,1.000000,1.000000,0.975586,0.669922,0.991699
57.000000,1500.000000,0.941406,1.000000,0.999023,0.976074,0.656250,0.990234
58.000000,1500.000000,0.938965,1.000000,0.998535,0.977051,0.647949,0.983887
59.000000,1500.000000,0.943359,1.000000,0.999023,0.974609,0.663574,0.990723
60.000000,1500.000000,0.939941,1.000000,1.000000,0.974609,0.654785,0.992676
61.000000,1500.000000,0.945312,1.000000,1.000000,0.975586,0.668945,0.991211
62.000000,1500.000000,0.941895,0.000000,0.998047,0.977051,0.658203,0.991699
63.000000,1500.000000,0.941895,1.000000,0.993164,0.975098,0.657227,0.991211
64.000000,1500.000000,0.943848,1.000000,0.999512,0.975586,0.664551,0.986816
65.000000,1500.000000,0.945312,1.000000,0.999512,0.972168,0.670898,0.990723
66.000000,1500.000000,0.940918,1.000000,0.997070,0.977051,0.654297,0.987305
67.000000,1500.000000,0.946289,1.000000,1.000000,0.974609,0.671387,0.991699
68.000000,1500.000000,0.944824,1.000000,0.999023,0.973145,0.666992,0.988281
69.000000,1500.000000,0.940918,1.000000,0.999512,0.974609,0.653809,0.990234
70.000000,1500.000000,0.943848,0.000000,1.000000,0.977051,0.665527,0.989746
71.000000,1500.000000,0.940918,1.000000,1.000000,0.972168,0.655762,0.989258
72.000000,1500.000000,0.944824,1.000000,0.999023,0.975586,0.667480,0.988770
73.000000,1500.000000,0.944336,1.000000,1.000000,0.975098,0.665039,0.987793
74.000000,1500.000000,0.940918,1.000000,0.994141,0.975098,0.652832,0.991211
75.000000,1500.000000,0.943359,1.000000,0.999512,0.974609,0.661133,0.988281
76.000000,1500.000000,0.942871,0.000000,0.999512,0.971680,0.662598,0.990723
77.000000,1500.000000,0.949707,1.000000,1.000000,0.975586,0.680176,0.989746
78.000000,1500.000000,0.941406,1.000000,0.999512,0.973633,0.657715,0.984863
79.000000,1500.000000,0.945801,1.000000,0.998047,0.974609,0.668457,0.990723
80.000000,1500.000000,0.940430,1.000000,0.999512,0.974121,0.654785,0.991699
81.000000,1500.000000,0.942871,1.000000,0.999023,0.976562,0.661621,0.984863
82.000000,1500.000000,0.944824,1.000000,0.998535,0.973145,0.668457,0.988281
83.000000,1500.000000,0.946289,1.000000,0.995605,0.975098,0.670898,0.988770
84.000000,1500.000000,0.943359,1.000000,0.995117,0.976074,0.661621,0.992676
85.000000,1500.000000,0.942871,1.000000,1.000000,0.974609,0.661133,0.992676
86.000000,1500.000000,0.944824,1.000000,0.996582,0.975098,0.667969,0.988281
87.000000,1500.000000,0.942871,1.000000,0.999023,0.976074,0.661621,0.988281
88.000000,1500.000000,0.940918,1.000000,1.000000,0.975098,0.654297,0.991699
89.000000,1500.000000,0.946289,1.000000,1.000000,0.977539,0.670898,0.981934
90.000000,1500.000000,0.941895,1.000000,1.000000,0.973145,0.656250,0.991699
91.000000,1500.000000,0.945801,1.000000,1.000000,0.977051,0.668945,0.985352
92.000000,1500.000000,0.946289,1.000000,1.000000,0.975586,0.672363,0.989746
93.000000,1500.000000,0.944336,1.000000,1.000000,0.976562,0.667969,0.991699
94.000000,1500.000000,0.941406,1.000000,0.999023,0.974121,0.655273,0.991699
95.000000,1500.000000,0.943359,1.000000,0.999512,0.973145,0.664551,0.989258
96.000000,1500.000000,0.941406,1.000000,0.998047,0.975586,0.658203,0.990234
97.000000,1500.000000,0.939453,1.000000,1.000000,0.974121,0.649414,0.985840
98.000000,1500.000000,0.942383,1.000000,0.999512,0.975586,0.658691,0.982910
99.000000,1500.000000,0.942871,1.000000,0.997070,0.974121,0.662109,0.987305
100.000000,1500.000000,0.937988,1.000000,0.999023,0.974609,0.645020,0.988770
101.000000,1500.000000,0.940918,0.000000,0.998535,0.975586,0.656250,0.991699
102.000000,1500.000000,0.943848,1.000000,1.000000,0.975098,0.664551,0.984863
103.000000,1500.000000,0.943848,1.000000,1.000000,0.975098,0.664062,0.992676
104.000000,1500.000000,0.945312,1.000000,0.998047,0.975098,0.670410,0.990234
105.000000,1500.000000,0.941406,0.000000,0.994629,0.974121,0.656250,0.989746
106.000000,1500.000000,0.943848,1.000000,0.999023,0.976074,0.664551,0.987793
107.000000,1500.000000,0.939453,1.000000,0.999512,0.975098,0.651855,0.989258
108.000000,1500.000000,0.944336,1.000000,0.999512,0.976562,0.664551,0.990234
109.000000,1500.000000,0.940918,1.000000,0.999512,0.975098,0.656738,0.990723
110.000000,1500.000000,0.945801,1.000000,0.997070,0.975586,0.669922,0.990234
111.000000,1500.000000,0.941895,1.000000,0.999023,0.975586,0.659668,0.989746
112.000000,1500.000000,0.942871,1.000000,0.998535,0.975586,0.660645,0.983887
113.000000,1500.000000,0.945312,1.000000,0.999512,0.977539,0.667969,0.984375
114.000000,1500.000000,0.943359,1.000000,1.000000,0.973633,0.662598,0.991211
115.000000,1500.000000,0.942383,1.000000,1.000000,0.975098,0.659180,0.989746
116.000000,1500.000000,0.944336,1.000000,1.000000,0.975098,0.666016,0.986328
117.000000,1500.000000,0.941895,1.000000,1.000000,0.974609,0.656738,0.985352
118.000000,1500.000000,0.944336,1.000000,0.993652,0.974609,0.666016,0.988770
119.000000,1500.000000,0.941406,1.000000,0.999023,0.976074,0.657227,0.986328
120.000000,1500.000000,0.946777,1.000000,0.999023,0.974121,0.672852,0.984375
121.000000,1500.000000,0.947266,1.000000,0.996582,0.973145,0.677246,0.992188
122.000000,1500.000000,0.944336,1.000000,0.998535,0.974121,0.666504,0.986328
123.000000,1500.000000,0.940430,1.000000,1.000000,0.973145,0.654785,0.992188
124.000000,1500.000000,0.939941,1.000000,1.000000,0.975098,0.650391,0.992188
125.000000,1500.000000,0.942383,1.000000,0.991211,0.975098,0.659668,0.993652
126.000000,1500.000000,0.941895,1.000000,1.000000,0.973145,0.657715,0.990234
127.000000,1500.000000,0.942383,1.000000,0.995117,0.975586,0.660645,0.992188
128.000000,1500.000000,0.945801,1.000000,0.998535,0.975586,0.672852,0.991699
129.000000,1500.000000,0.940430,1.000000,0.996094,0.975586,0.653320,0.991211
130.000000,1500.000000,0.945801,1.000000,0.996582,0.975586,0.668457,0.991699
131.000000,1500.000000,0.941895,1.000000,0.999023,0.975098,0.658203,0.982422
132.000000,1500.000000,0.942871,1.000000,1.000000,0.974609,0.661133,0.990723
133.000000,1500.000000,0.942383,1.000000,0.999512,0.974609,0.661133,0.990723
134.000000,1500.000000,0.941406,1.000000,0.999023,0.974609,0.655762,0.990723
135.000000,1500.000000,0.944824,1.000000,1.000000,0.975586,0.667480,0.984375
136.000000,1500.000000,0.947754,1.000000,0.999023,0.975098,0.676270,0.991699
137.000000,1500.000000,0.942871,1.000000,1.000000,0.977051,0.660156,0.989258
138.000000,1500.000000,0.945312,1.000000,0.997559,0.974609,0.669922,0.991211
139.000000,1500.000000,0.947754,1.000000,1.000000,0.974121,0.677734,0.986816
140.000000,1500.000000,0.942871,1.000000,1.000000,0.974121,0.661133,0.988770
141.000000,1500.000000,0.945801,1.000000,0.999512,0.976562,0.669922,0.990234
142.000000,1500.000000,0.942383,1.000000,0.999512,0.975586,0.660645,0.982910
143.000000,1500.000000,0.941406,1.000000,0.996582,0.975098,0.655273,0.990234
144.000000,1500.000000,0.939453,1.000000,0.998535,0.975586,0.650391,0.974121
145.000000,1500.000000,0.942871,1.000000,0.993164,0.973633,0.662598,0.992188
146.000000,1500.000000,0.939941,1.000000,0.999512,0.974121,0.654297,0.992676
147.000000,1500.000000,0.943359,1.000000,0.999023,0.975098,0.663086,0.990234
148.000000,1500.000000,0.940430,1.000000,0.998535,0.975098,0.652344,0.992188
149.000000,1500.000000,0.940918,1.000000,1.000000,0.976562,0.655762,0.993652
150.000000,1500.000000,0.941406,1.000000,1.000000,0.973633,0.656738,0.992188
151.000000,1500.000000,0.941895,1.000000,0.999512,0.977539,0.657715,0.991211
152.000000,1500.000000,0.940918,1.000000,1.000000,0.974121,0.655762,0.982910
153.000000,1500.000000,0.942871,1.000000,0.998535,0.974609,0.660156,0.983398
154.000000,1500.000000,0.942383,1.000000,0.997559,0.973633,0.658691,0.990234
155.000000,1500.000000,0.945312,1.000000,1.000000,0.977051,0.667969,0.992188
156.000000,1500.000000,0.944336,1.000000,0.996582,0.977539,0.666992,0.986328
157.000000,1500.000000,0.943848,1.000000,0.994141,0.974609,0.664551,0.991699
158.000000,1500.000000,0.941895,1.000000,0.998535,0.975098,0.658203,0.984375
159.000000,1500.000000,0.942871,1.000000,1.000000,0.975586,0.660156,0.992676
160.000000,1500.000000,0.943848,1.000000,0.999023,0.974121,0.663086,0.991211
161.000000,1500.000000,0.943848,1.000000,0.997559,0.974121,0.664062,0.992676
162.000000,1500.000000,0.943848,1.000000,0.996582,0.975098,0.665039,0.990723
163.000000,1500.000000,0.940430,1.000000,0.997559,0.973633,0.655762,0.989746
164.000000,1500.000000,0.941406,1.000000,0.998047,0.974609,0.658203,0.991211
165.000000,1500.000000,0.940918,1.000000,0.999512,0.974609,0.655273,0.993652
166.000000,1500.000000,0.945312,1.000000,1.000000,0.976562,0.668945,0.990723
167.000000,1500.000000,0.941406,1.000000,0.998047,0.976562,0.658203,0.988281
168.000000,1500.000000,0.939453,1.000000,0.994629,0.974121,0.651367,0.993164
169.000000,1500.000000,0.942871,1.000000,1.000000,0.975098,0.660645,0.988281
170.000000,1500.000000,0.939941,1.000000,1.000000,0.975098,0.651855,0.990234
171.000000,1500.000000,0.941895,0.000000,0.999023,0.975586,0.657227,0.988770
172.000000,1500.000000,0.942383,1.000000,0.996582,0.976074,0.659180,0.987793
173.000000,1500.000000,0.940430,0.000000,0.999023,0.975586,0.656250,0.987793
174.000000,1500.000000,0.941406,1.000000,0.997070,0.974121,0.658203,0.983398
175.000000,1500.000000,0.944336,1.000000,1.000000,0.975586,0.666016,0.982910
176.000000,1500.000000,0.940430,1.000000,0.996094,0.973633,0.653320,0.987305
177.000000,1500.000000,0.938477,1.000000,0.999512,0.974121,0.645508,0.982910
178.000000,1500.000000,0.944824,1.000000,1.000000,0.977051,0.665527,0.974609
179.000000,1500.000000,0.942871,1.000000,0.998047,0.975098,0.661621,0.981445
180.000000,1500.000000,0.943359,1.000000,0.999512,0.974609,0.662109,0.991699
181.000000,1500.000000,0.942383,1.000000,0.998047,0.975586,0.661621,0.993164
182.000000,1500.000000,0.943848,1.000000,1.000000,0.975098,0.664062,0.983398
183.000000,1500.000000,0.944336,1.000000,0.998047,0.975098,0.667969,0.988281
184.000000,1500.000000,0.942383,1.000000,0.998047,0.975586,0.661133,0.984863
185.000000,1500.000000,0.945801,1.000000,0.998047,0.976074,0.670898,0.993652
186.000000,1500.000000,0.943359,1.000000,1.000000,0.975586,0.662598,0.991699
187.000000,1500.000000,0.941895,1.000000,0.998535,0.974121,0.659668,0.989746
188.000000,1500.000000,0.945801,0.000000,0.999023,0.976562,0.672363,0.989258
189.000000,1500.000000,0.939453,1.000000,0.999512,0.976562,0.648926,0.992188
190.000000,1500.000000,0.942871,1.000000,0.998047,0.975586,0.661621,0.990234
191.000000,1500.000000,0.947754,1.000000,0.999023,0.974121,0.676758,0.984863
192.000000,1500.000000,0.943848,1.000000,0.986328,0.974609,0.665039,0.992188
193.000000,1500.000000,0.945312,1.000000,0.996094,0.976562,0.666016,0.991211
194.000000,1500.000000,0.945801,1.000000,0.999023,0.974609,0.671387,0.988770
195.000000,1500.000000,0.941406,1.000000,1.000000,0.976074,0.656250,0.992188
196.000000,1500.000000,0.944824,1.000000,0.998047,0.976074,0.668457,0.985352
197.000000,1500.000000,0.942871,1.000000,0.999023,0.978027,0.661133,0.992188
198.000000,1500.000000,0.943848,1.000000,0.984863,0.973633,0.663086,0.987793
199.000000,1500.000000,0.939941,1.000000,0.999023,0.974609,0.654297,0.991699
200.000000,1500.000000,0.941406,1.000000,0.999023,0.974609,0.656250,0.988770
201.000000,1500.000000,0.942871,1.000000,1.000000,0.975586,0.661133,0.991699
202.000000,1500.000000,0.938965,1.000000,1.000000,0.975586,0.648926,0.989746
203.000000,1500.000000,0.941406,1.000000,0.997559,0.975586,0.657715,0.982422
204.000000,1500.000000,0.943848,1.000000,1.000000,0.976074,0.665039,0.987305
205.000000,1500.000000,0.941406,1.000000,0.999023,0.976074,0.656738,0.990234
206.000000,1500.000000,0.937500,1.000000,1.000000,0.975098,0.643066,0.983887
207.000000,1500.000000,0.942383,1.000000,0.989746,0.975098,0.658691,0.988281
208.000000,1500.000000,0.941895,1.000000,1.000000,0.974609,0.660156,0.989258
209.000000,1500.000000,0.940918,1.000000,1.000000,0.976562,0.655273,0.978027
210.000000,1500.000000,0.942871,1.000000,0.999512,0.976074,0.659668,0.991211
211.000000,1500.000000,0.946289,1.000000,0.996582,0.975098,0.671875,0.990234
212.000000,1500.000000,0.945801,1.000000,0.994629,0.976074,0.668945,0.987305
213.000000,1500.000000,0.942871,1.000000,1.000000,0.977051,0.662109,0.991699
214.000000,1500.000000,0.945312,1.000000,1.000000,0.974609,0.670410,0.985352
215.000000,1500.000000,0.947266,1.000000,1.000000,0.975586,0.673828,0.992188
216.000000,1500.000000,0.942871,1.000000,0.996094,0.976074,0.661621,0.984375
217.000000,1500.000000,0.937988,1.000000,1.000000,0.976562,0.645996,0.990234
218.000000,1500.000000,0.942871,0.000000,0.999023,0.977051,0.662598,0.992676
219.000000,1500.000000,0.937500,1.000000,0.999512,0.974121,0.645020,0.983398
220.000000,1500.000000,0.942871,1.000000,1.000000,0.976562,0.663086,0.986816
221.000000,1500.000000,0.944824,1.000000,0.998047,0.974121,0.666016,0.984863
222.000000,1500.000000,0.939453,1.000000,1.000000,0.974609,0.651367,0.992188
223.000000,1500.000000,0.943359,0.000000,0.996582,0.972656,0.662598,0.983398
224.000000,1500.000000,0.941406,1.000000,1.000000,0.973145,0.656738,0.991699
225.000000,1500.000000,0.939941,1.000000,0.983887,0.977051,0.650879,0.989746
226.000000,1500.000000,0.943359,1.000000,1.000000,0.973145,0.663574,0.992188
227.000000,1500.000000,0.941406,1.000000,1.000000,0.976074,0.657715,0.988770
228.000000,1500.000000,0.946777,1.000000,1.000000,0.976562,0.673828,0.988281
229.000000,1500.000000,0.946289,1.000000,0.998535,0.975586,0.672852,0.990234
230.000000,1500.000000,0.943359,1.000000,0.998535,0.974609,0.661133,0.987305
231.000000,1500.000000,0.943359,1.000000,0.992676,0.974609,0.663086,0.984863
232.000000,1500.000000,0.943359,1.000000,1.000000,0.973633,0.661133,0.990723
233.000000,1500.000000,0.940430,1.000000,0.978516,0.974609,0.654297,0.984863
234.000000,1500.000000,0.945312,1.000000,1.000000,0.972656,0.668457,0.993164
235.000000,1500.000000,0.945312,1.000000,1.000000,0.974121,0.669922,0.989258
236.000000,1500.000000,0.942871,1.000000,0.999512,0.974121,0.661133,0.985352
237.000000,1500.000000,0.941895,1.000000,0.999023,0.974121,0.659668,0.991211
238.000000,1500.000000,0.944824,1.000000,0.996582,0.976562,0.667969,0.991699
239.000000,1500.000000,0.942383,1.000000,1.000000,0.976074,0.661621,0.991699
240.000000,1500.000000,0.943359,1.000000,0.999023,0.974121,0.663086,0.992188
241.000000,1500.000000,0.944824,1.000000,0.997070,0.976074,0.667969,0.992188
242.000000,1500.000000,0.947754,1.000000,1.000000,0.976562,0.675781,0.991699
243.000000,1500.000000,0.945312,1.000000,0.999512,0.976074,0.667480,0.978516
244.000000,1500.000000,0.942871,1.000000,0.998535,0.977051,0.659180,0.992676
245.000000,1500.000000,0.945312,1.000000,1.000000,0.974121,0.668945,0.987305
246.000000,1500.000000,0.945312,1.000000,0.996582,0.978516,0.668945,0.991699
247.000000,1500.000000,0.942871,1.000000,0.999512,0.976562,0.661133,0.991699
248.000000,1500.000000,0.939941,1.000000,0.996582,0.976562,0.650391,0.989746
249.000000,1500.000000,0.941895,1.000000,0.995605,0.975586,0.657715,0.990723
250.000000,1500.000000,0.944336,1.000000,0.998535,0.977051,0.665039,0.990723
251.000000,1500.000000,0.941895,1.000000,1.000000,0.977051,0.658203,0.991699
252.000000,1500.000000,0.940430,1.000000,0.997559,0.976562,0.654297,0.984375
253.000000,1500.000000,0.941406,1.000000,0.997070,0.973633,0.657715,0.988770
254.000000,1500.000000,0.940430,1.000000,0.998535,0.974609,0.654297,0.988281
255.000000,1500.000000,0.941895,1.000000,0.999512,0.973145,0.658691,0.977539
256.000000,1500.000000,0.940430,1.000000,1.000000,0.977539,0.656250,0.990723
257.000000,1500.000000,0.940430,1.000000,0.998047,0.975098,0.652832,0.984863
258.000000,1500.000000,0.945801,1.000000,0.996582,0.974609,0.669922,0.993164
259.000000,1500.000000,0.943848,1.000000,0.999023,0.977051,0.666016,0.993164
260.000000,1500.000000,0.942871,1.000000,1.000000,0.975098,0.662109,0.988281
261.000000,1500.000000,0.944824,1.000000,0.999512,0.972656,0.666992,0.988281
262.000000,1500.000000,0.944824,1.000000,0.994629,0.975098,0.666992,0.990234
263.000000,1500.000000,0.939941,1.000000,0.994141,0.972656,0.650391,0.984863
264.000000,1500.000000,0.943359,1.000000,1.000000,0.975098,0.662598,0.990234
265.000000,1500.000000,0.944336,0.000000,1.000000,0.975586,0.666016,0.987793
266.000000,1500.000000,0.943848,0.000000,0.996582,0.977051,0.665039,0.988281
267.000000,1500.000000,0.944336,1.000000,0.996582,0.975098,0.665527,0.991699
268.000000,1500.000000,0.943359,1.000000,0.993652,0.975586,0.664551,0.988770
269.000000,1500.000000,0.940918,1.000000,1.000000,0.975586,0.654297,0.982422
270.000000,1500.000000,0.945312,1.000000,1.000000,0.973145,0.666992,0.988770
271.000000,1500.000000,0.943848,1.000000,1.000000,0.975586,0.666016,0.982422
272.000000,1500.000000,0.942383,1.000000,0.998535,0.975098,0.660645,0.985352
273.000000,1500.000000,0.937988,1.000000,0.989746,0.974609,0.646973,0.993652
274.000000,1500.000000,0.945312,1.000000,1.000000,0.975098,0.668457,0.990723
275.000000,1500.000000,0.944336,1.000000,1.000000,0.975586,0.665527,0.989746
276.000000,1500.000000,0.942383,1.000000,1.000000,0.977539,0.659668,0.991699
277.000000,1500.000000,0.937988,1.000000,0.999512,0.976074,0.645996,0.987305
278.000000,1500.000000,0.941895,1.000000,0.999512,0.975586,0.657227,0.991211
279.000000,1500.000000,0.944824,1.000000,0.998535,0.976562,0.666992,0.989746
280.000000,1500.000000,0.938965,1.000000,1.000000,0.976074,0.648926,0.985352
281.000000,1500.000000,0.942383,1.000000,0.999512,0.977051,0.661621,0.991211
282.000000,1500.000000,0.941895,1.000000,0.996094,0.975586,0.657715,0.990723
283.000000,1500.000000,0.941895,1.000000,0.995117,0.975098,0.658203,0.987793
284.000000,1500.000000,0.938965,1.000000,1.000000,0.974121,0.647949,0.983398
285.000000,1500.000000,0.940918,1.000000,0.996582,0.974609,0.653809,0.991699
286.000000,1500.000000,0.941406,1.000000,1.000000,0.976562,0.657227,0.984863
287.000000,1500.000000,0.943848,1.000000,0.996094,0.975586,0.662598,0.992676
288.000000,1500.000000,0.943359,1.000000,0.999512,0.975586,0.663086,0.983887
289.000000,1500.000000,0.943848,1.000000,0.999512,0.977051,0.665527,0.986328
290.000000,1500.000000,0.943848,1.000000,0.999023,0.976074,0.665039,0.988770
291.000000,1500.000000,0.942871,1.000000,1.000000,0.973633,0.660156,0.988281
292.000000,1500.000000,0.942383,1.000000,0.999023,0.976562,0.660156,0.990723
293.000000,1500.000000,0.941895,0.000000,0.999512,0.975586,0.659668,0.988770
294.000000,1500.000000,0.943848,1.000000,0.999023,0.973633,0.664062,0.987793
295.000000,1500.000000,0.941895,1.000000,1.000000,0.973633,0.656738,0.991699
296.000000,1500.000000,0.943359,1.000000,0.999023,0.975098,0.661133,0.984375
297.000000,1500.000000,0.946777,1.000000,0.998047,0.975098,0.671387,0.991211
298.000000,1500.000000,0.943848,1.000000,0.999512,0.975098,0.662598,0.981445
299.000000,1500.000000,0.941895,1.000000,1.000000,0.973145,0.658691,0.990234
300.000000,1500.000000,0.944824,1.000000,0.999023,0.974609,0.667969,0.987305
301.000000,1500.000000,0.942871,1.000000,0.997070,0.976562,0.661133,0.981934
302.000000,1500.000000,0.944824,1.000000,0.993652,0.976562,0.667480,0.989258
303.000000,1500.000000,0.945312,1.000000,0.997070,0.976074,0.671387,0.990723
304.000000,1500.000000,0.941406,1.000000,0.995117,0.973633,0.658691,0.991699
305.000000,1500.000000,0.942871,1.000000,0.998047,0.975098,0.662109,0.982422
306.000000,1500.000000,0.943359,1.000000,0.998535,0.973633,0.662598,0.992676
307.000000,1500.000000,0.944336,1.000000,0.995117,0.976562,0.666016,0.990723
308.000000,1500.000000,0.945312,1.000000,1.000000,0.974609,0.669434,0.989258
309.000000,1500.000000,0.939941,1.000000,1.000000,0.975098,0.651855,0.992188
310.000000,1500.000000,0.941406,1.000000,0.998535,0.975586,0.654785,0.990234
311.000000,1500.000000,0.946289,1.000000,0.993652,0.977539,0.674316,0.986816
312.000000,1500.000000,0.944336,1.000000,0.997559,0.975098,0.665039,0.984375
313.000000,1500.000000,0.940430,1.000000,0.999512,0.972656,0.653320,0.983398
314.000000,1500.000000,0.941406,1.000000,1.000000,0.973633,0.658203,0.992188
315.000000,1500.000000,0.944336,1.000000,0.998535,0.975586,0.666992,0.986816
316.000000,1500.000000,0.941895,1.000000,0.999023,0.975586,0.659668,0.988281
317.000000,1500.000000,0.943359,1.000000,0.998047,0.976074,0.662109,0.982910
318.000000,1500.000000,0.942871,1.000000,1.000000,0.975586,0.662109,0.986816
319.000000,1500.000000,0.942383,1.000000,0.998047,0.975098,0.657715,0.987793
320.000000,1500.000000,0.946777,1.000000,1.000000,0.975098,0.671875,0.989746
321.000000,1500.000000,0.945312,1.000000,0.996582,0.974121,0.668457,0.992188
322.000000,1500.000000,0.939453,1.000000,0.999023,0.977051,0.651855,0.984375
323.000000,1500.000000,0.942871,1.000000,1.000000,0.975098,0.662109,0.991699
324.000000,1500.000000,0.943848,0.000000,0.998535,0.976074,0.663574,0.992188
325.000000,1500.000000,0.943359,1.000000,0.994629,0.974121,0.662109,0.991211
326.000000,1500.000000,0.946777,1.000000,0.997070,0.975098,0.673828,0.992676
327.000000,1500.000000,0.943848,1.000000,0.988770,0.976074,0.664062,0.988770
328.000000,1500.000000,0.941406,1.000000,0.998047,0.975586,0.657227,0.982910
329.000000,1500.000000,0.941895,1.000000,0.991211,0.975098,0.658691,0.989746
330.000000,1500.000000,0.938477,1.000000,0.999512,0.976562,0.646484,0.987305
331.000000,1500.000000,0.940918,1.000000,0.998047,0.973633,0.653809,0.989258
332.000000,1500.000000,0.941406,1.000000,0.999023,0.974121,0.654785,0.989746
333.000000,1500.000000,0.940918,1.000000,1.000000,0.974609,0.654785,0.992188
334.000000,1500.000000,0.942871,1.000000,0.999512,0.974609,0.661621,0.988281
335.000000,1500.000000,0.943359,1.000000,1.000000,0.974609,0.661621,0.986328
336.000000,1500.000000,0.941895,1.000000,0.999023,0.975098,0.657227,0.991699
337.000000,1500.000000,0.941895,1.000000,0.999023,0.974609,0.656738,0.985840
338.000000,1500.000000,0.939941,1.000000,1.000000,0.973633,0.651855,0.989746
339.000000,1500.000000,0.941406,1.000000,0.994141,0.974609,0.656738,0.988770
340.000000,1500.000000,0.943848,1.000000,0.999512,0.976562,0.663574,0.985840
341.000000,1500.000000,0.943359,1.000000,0.999512,0.974121,0.662598,0.991699
342.000000,1500.000000,0.941406,1.000000,0.976562,0.976562,0.656738,0.992676
343.000000,1500.000000,0.943848,1.000000,0.999512,0.974609,0.663086,0.992188
344.000000,1500.000000,0.939453,1.000000,0.998047,0.976074,0.647461,0.991699
345.000000,1500.000000,0.942383,1.000000,1.000000,0.974609,0.659668,0.988281
346.000000,1500.000000,0.942383,1.000000,0.990234,0.975586,0.659668,0.990234
347.000000,1500.000000,0.943848,0.000000,0.996582,0.976562,0.665039,0.981934
348.000000,1500.000000,0.943848,1.000000,0.999512,0.975098,0.662598,0.991699
349.000000,1500.000000,0.940918,1.000000,1.000000,0.974121,0.656250,0.991211
350.000000,1500.000000,0.943848,1.000000,1.000000,0.974609,0.664551,0.987305
351.000000,1500.000000,0.939941,1.000000,0.999023,0.974121,0.650879,0.992188
352.000000,1500.000000,0.942383,1.000000,0.995605,0.973633,0.661621,0.988770
353.000000,1500.000000,0.941406,1.000000,0.999512,0.975098,0.656250,0.990723
354.000000,1500.000000,0.942871,1.000000,0.993164,0.974609,0.664062,0.987305
355.000000,1500.000000,0.944336,1.000000,0.999512,0.974121,0.666016,0.991699
356.000000,1500.000000,0.940430,1.000000,1.000000,0.975098,0.654785,0.983398
357.000000,1500.000000,0.945801,1.000000,0.999023,0.975098,0.671875,0.988281
358.000000,1500.000000,0.944336,1.000000,0.999023,0.974609,0.665527,0.982910
359.000000,1500.000000,0.943359,1.000000,0.993652,0.975586,0.663574,0.990234
360.000000,1500.000000,0.943359,1.000000,1.000000,0.974609,0.662598,0.990723
361.000000,1500.000000,0.945801,1.000000,1.000000,0.974609,0.667969,0.988281
362.000000,1500.000000,0.943848,1.000000,0.998047,0.974121,0.664551,0.990723
363.000000,1500.000000,0.942871,1.000000,1.000000,0.972656,0.660156,0.989258
364.000000,1500.000000,0.946289,1.000000,1.000000,0.975098,0.673340,0.991211
365.000000,1500.000000,0.945801,1.000000,0.995605,0.974609,0.670898,0.992676
366.000000,1500.000000,0.941895,1.000000,0.999023,0.976562,0.657227,0.984375
367.000000,1500.000000,0.946289,1.000000,0.999512,0.976562,0.672852,0.992676
368.000000,1500.000000,0.948730,1.000000,0.998047,0.976562,0.680664,0.992676
369.000000,1500.000000,0.946289,1.000000,0.994629,0.974609,0.670898,0.992188
370.000000,1500.000000,0.942383,1.000000,1.000000,0.976562,0.661133,0.988281
371.000000,1500.000000,0.940430,1.000000,0.991211,0.975098,0.653320,0.990723
372.000000,1500.000000,0.943359,1.000000,0.996582,0.975586,0.662598,0.990723
373.000000,1500.000000,0.942871,1.000000,1.000000,0.975586,0.661133,0.991211
374.000000,1500.000000,0.938965,1.000000,0.994141,0.974609,0.650879,0.982422
375.000000,1500.000000,0.941895,1.000000,0.999023,0.973633,0.657227,0.991699
376.000000,1500.000000,0.943359,1.000000,0.999512,0.975098,0.662598,0.985840
377.000000,1500.000000,0.947754,1.000000,1.000000,0.976562,0.678223,0.992188
378.000000,1500.000000,0.943848,1.000000,0.999023,0.974609,0.665039,0.992676
379.000000,1500.000000,0.940918,1.000000,0.993164,0.975586,0.655273,0.992188
380.000000,1500.000000,0.940430,1.000000,1.000000,0.975586,0.651855,0.987305
381.000000,1500.000000,0.939453,1.000000,0.998047,0.973633,0.648926,0.991211
382.000000,1500.000000,0.942871,1.000000,0.996582,0.975098,0.661621,0.987793
383.000000,1500.000000,0.946289,1.000000,0.999512,0.974609,0.673340,0.990234
384.000000,1500.000000,0.942383,1.000000,0.999512,0.974121,0.662109,0.983887
385.000000,1500.000000,0.940918,1.000000,1.000000,0.973145,0.654785,0.984863
386.000000,1500.000000,0.947266,1.000000,0.996582,0.975098,0.678711,0.990234
387.000000,1500.000000,0.942871,1.000000,0.998047,0.975098,0.662109,0.985840
388.000000,1500.000000,0.944336,1.000000,0.997559,0.976074,0.666504,0.992676
389.000000,1500.000000,0.940918,1.000000,0.997559,0.974609,0.655762,0.993652
390.000000,1500.000000,0.941406,0.000000,0.999512,0.974609,0.656738,0.982910
391.000000,1500.000000,0.941895,1.000000,0.991699,0.976074,0.658203,0.987305
392.000000,1500.000000,0.938965,1.000000,0.998535,0.974121,0.647949,0.991699
393.000000,1500.000000,0.946289,1.000000,0.999512,0.974609,0.674316,0.990234
394.000000,1500.000000,0.941406,1.000000,1.000000,0.976074,0.656738,0.987305
395.000000,1500.000000,0.943848,1.000000,1.000000,0.975098,0.663574,0.991699
396.000000,1500.000000,0.942871,1.000000,0.999512,0.974609,0.662109,0.986816
397.000000,1500.000000,0.941406,1.000000,1.000000,0.977051,0.657227,0.988281
398.000000,1500.000000,0.941895,1.000000,0.999512,0.975586,0.659180,0.987305
399.000000,1500.000000,0.941406,1.000000,1.000000,0.977051,0.656738,0.987793
400.000000,1500.000000,0.943848,1.000000,0.999023,0.975586,0.665527,0.991211
401.000000,1500.000000,0.946289,1.000000,0.996582,0.976074,0.671387,0.988281
402.000000,1500.000000,0.942383,1.000000,1.000000,0.975098,0.660156,0.984375
403.000000,1500.000000,0.945801,1.000000,1.000000,0.972656,0.670410,0.991699
404.000000,1500.000000,0.945801,1.000000,0.995605,0.973145,0.671875,0.992188
405.000000,1500.000000,0.942383,1.000000,1.000000,0.976562,0.658691,0.992676
406.000000,1500.000000,0.941406,1.000000,1.000000,0.976074,0.656250,0.992676
407.000000,1500.000000,0.944824,0.000000,1.000000,0.975586,0.665527,0.989746
408.000000,1500.000000,0.941895,1.000000,0.999512,0.974609,0.655762,0.992188
409.000000,1500.000000,0.941895,1.000000,0.999023,0.976562,0.656738,0.992676
410.000000,1500.000000,0.942871,1.000000,0.998047,0.976074,0.661621,0.987793
411.000000,1500.000000,0.940918,1.000000,0.999023,0.975098,0.655273,0.989746
412.000000,1500.000000,0.941406,1.000000,0.999512,0.975586,0.655273,0.988770
413.000000,1500.000000,0.942871,1.000000,0.994141,0.972168,0.661621,0.989746
414.000000,1500.000000,0.945312,1.000000,0.999512,0.975098,0.667969,0.988770
415.000000,1500.000000,0.942871,1.000000,0.996582,0.976562,0.659180,0.991699
416.000000,1500.000000,0.942383,1.000000,0.995605,0.973145,0.661133,0.984863
417.000000,1500.000000,0.947266,1.000000,0.999512,0.974609,0.675781,0.992676
418.000000,1500.000000,0.941406,0.000000,0.999512,0.975098,0.656738,0.988770
419.000000,1500.000000,0.942383,1.000000,1.000000,0.975586,0.659180,0.992676
420.000000,1500.000000,0.942383,1.000000,0.998047,0.975098,0.658691,0.990234
421.000000,1500.000000,0.937500,1.000000,0.998535,0.976074,0.647949,0.992188
422.000000,1500.000000,0.942383,1.000000,0.999512,0.974609,0.659668,0.982910
423.000000,1500.000000,0.941895,1.000000,0.996094,0.975098,0.658203,0.991211
424.000000,1500.000000,0.946289,1.000000,1.000000,0.975098,0.672363,0.987305
425.000000,1500.000000,0.943359,1.000000,0.999512,0.976074,0.662109,0.991699
426.000000,1500.000000,0.942871,1.000000,0.996582,0.974121,0.662109,0.985840
427.000000,1500.000000,0.940430,1.000000,0.999512,0.974609,0.654785,0.987793
428.000000,1500.000000,0.939941,1.000000,0.999023,0.975098,0.653320,0.981934
429.000000,1500.000000,0.940430,1.000000,0.999023,0.978516,0.653809,0.991699
430.000000,1500.000000,0.942871,1.000000,1.000000,0.975098,0.662109,0.985840
431.000000,1500.000000,0.937500,1.000000,0.996582,0.977051,0.644043,0.984863
432.000000,1500.000000,0.941406,1.000000,0.996582,0.973633,0.655762,0.984863
433.000000,1500.000000,0.941895,1.000000,0.999512,0.975098,0.659668,0.989258
434.000000,1500.000000,0.938965,1.000000,0.993164,0.975098,0.649902,0.990234
435.000000,1500.000000,0.943359,1.000000,0.999512,0.974609,0.662598,0.991211
436.000000,1500.000000,0.942871,1.000000,1.000000,0.975586,0.664551,0.992676
437.000000,1500.000000,0.941406,1.000000,0.999512,0.973633,0.656250,0.991699
438.000000,1500.000000,0.943848,1.000000,1.000000,0.973145,0.663574,0.991699
439.000000,1500.000000,0.942383,1.000000,1.000000,0.975586,0.659180,0.991699
440.000000,1500.000000,0.941406,1.000000,1.000000,0.974609,0.656250,0.988770
441.000000,1500.000000,0.944336,1.000000,1.000000,0.974609,0.665039,0.991211
442.000000,1500.000000,0.944824,1.000000,0.997070,0.976562,0.667480,0.993164
443.000000,1500.000000,0.942383,1.000000,0.996582,0.974609,0.659180,0.988770
444.000000,1500.000000,0.939941,1.000000,0.999512,0.977051,0.652344,0.988281
445.000000,1500.000000,0.944336,1.000000,0.998047,0.974121,0.665527,0.991211
446.000000,1500.000000,0.946289,1.000000,1.000000,0.974609,0.670898,0.990234
447.000000,1500.000000,0.944336,1.000000,0.999023,0.975586,0.666016,0.988281
448.000000,1500.000000,0.944824,1.000000,0.999512,0.974121,0.668457,0.986328
449.000000,1500.000000,0.941895,1.000000,1.000000,0.974609,0.657227,0.985840
450.000000,1500.000000,0.945312,1.000000,1.000000,0.974121,0.668945,0.988770
451.000000,1500.000000,0.943848,1.000000,1.000000,0.973633,0.664062,0.982422
452.000000,1500.000000,0.944336,1.000000,0.999023,0.977539,0.664551,0.986328
453.000000,1500.000000,0.941895,1.000000,1.000000,0.974609,0.659668,0.991211
454.000000,1500.000000,0.942383,1.000000,0.991699,0.975586,0.658203,0.989258
455.000000,1500.000000,0.942383,1.000000,0.999512,0.976074,0.659668,0.986328
456.000000,1500.000000,0.943359,1.000000,1.000000,0.977051,0.661621,0.990723
457.000000,1500.000000,0.943848,1.000000,1.000000,0.975098,0.663574,0.987793
458.000000,1500.000000,0.940430,1.000000,0.997559,0.975098,0.653320,0.991699
459.000000,1500.000000,0.944336,1.000000,1.000000,0.974121,0.666016,0.981934
460.000000,1500.000000,0.943848,0.000000,0.999512,0.974121,0.664551,0.989746
461.000000,1500.000000,0.944336,1.000000,0.993652,0.976074,0.666992,0.990723
462.000000,1500.000000,0.942871,1.000000,0.996094,0.975586,0.660645,0.986328
463.000000,1500.000000,0.941406,1.000000,0.998047,0.974121,0.656250,0.990723
464.000000,1500.000000,0.942383,1.000000,0.997070,0.975586,0.660156,0.986816
465.000000,1500.000000,0.945801,1.000000,0.999023,0.975098,0.669922,0.992188
466.000000,1500.000000,0.944336,1.000000,0.995117,0.975586,0.665527,0.992676
467.000000,1500.000000,0.942871,1.000000,0.993164,0.973145,0.662109,0.985840
468.000000,1500.000000,0.945801,1.000000,0.998535,0.977051,0.670898,0.993164
469.000000,1500.000000,0.942383,1.000000,0.999512,0.974609,0.660156,0.988281
470.000000,1500.000000,0.942871,1.000000,1.000000,0.973145,0.658691,0.989746
471.000000,1500.000000,0.942871,1.000000,0.994141,0.976074,0.663086,0.988770
472.000000,1500.000000,0.946289,1.000000,1.000000,0.976562,0.669922,0.990723
473.000000,1500.000000,0.944336,1.000000,1.000000,0.974121,0.666504,0.992188
474.000000,1500.000000,0.941406,1.000000,1.000000,0.976074,0.655762,0.985352
475.000000,1500.000000,0.943848,1.000000,0.998535,0.977051,0.666504,0.993164
476.000000,1500.000000,0.942383,1.000000,1.000000,0.974121,0.658691,0.990234
477.000000,1500.000000,0.941406,1.000000,1.000000,0.973633,0.655273,0.991699
478.000000,1500.000000,0.942383,1.000000,1.000000,0.975098,0.660156,0.984863
479.000000,1500.000000,0.941895,1.000000,1.000000,0.976562,0.658203,0.988281
480.000000,1500.000000,0.939453,1.000000,0.996094,0.976562,0.649902,0.991211
481.000000,1500.000000,0.947266,1.000000,0.999023,0.976074,0.673828,0.989258
482.000000,1500.000000,0.945801,1.000000,1.000000,0.974121,0.669434,0.991699
483.000000,1500.000000,0.941895,1.000000,0.996582,0.976562,0.659668,0.988770
484.000000,1500.000000,0.943359,1.000000,1.000000,0.977051,0.663086,0.989746
485.000000,1500.000000,0.943359,1.000000,1.000000,0.976074,0.662598,0.977539
486.000000,1500.000000,0.943359,1.000000,0.999512,0.976074,0.663086,0.985840
487.000000,1500.000000,0.942871,1.000000,1.000000,0.975098,0.661621,0.984375
488.000000,1500.000000,0.940430,1.000000,0.991699,0.974609,0.655273,0.992188
489.000000,1500.000000,0.944336,1.000000,1.000000,0.976562,0.665039,0.992676
490.000000,1500.000000,0.944336,1.000000,1.000000,0.976562,0.665039,0.989258
491.000000,1500.000000,0.944824,1.000000,0.999512,0.976074,0.667969,0.988770
492.000000,1500.000000,0.944336,1.000000,1.000000,0.974609,0.666016,0.991211
493.000000,1500.000000,0.942871,1.000000,0.996094,0.977051,0.662109,0.992188
494.000000,1500.000000,0.943848,1.000000,0.991699,0.977051,0.664551,0.985352
495.000000,1500.000000,0.941895,1.000000,0.998535,0.972656,0.658691,0.991211
496.000000,1500.000000,0.941895,1.000000,0.999023,0.975098,0.657715,0.987793
497.000000,1500.000000,0.943359,1.000000,0.999512,0.976074,0.664062,0.991699
498.000000,1500.000000,0.945801,1.000000,1.000000,0.976562,0.669922,0.976562
499.000000,1500.000000,0.944336,1.000000,0.996094,0.977051,0.665527,0.992676
500.000000,1500.000000,0.943359,1.000000,1.000000,0.974609,0.662598,0.988281
501.000000,1500.000000,0.940918,1.000000,1.000000,0.974121,0.654785,0.992188
502.000000,1500.000000,0.937988,1.000000,0.999023,0.975098,0.645508,0.991211
503.000000,1500.000000,0.942871,1.000000,0.999023,0.973633,0.659668,0.991699
504.000000,1500.000000,0.940918,1.000000,1.000000,0.973633,0.652832,0.987793
505.000000,1500.000000,0.944336,1.000000,1.000000,0.975586,0.664062,0.990234
506.000000,1500.000000,0.941895,1.000000,0.999512,0.975586,0.659668,0.992188
507.000000,1500.000000,0.940430,1.000000,0.996582,0.976074,0.654785,0.990234
508.000000,1500.000000,0.941895,1.000000,1.000000,0.976074,0.658203,0.987793
509.000000,1500.000000,0.939941,1.000000,0.998047,0.975098,0.652344,0.989746
510.000000,1500.000000,0.940430,1.000000,0.997070,0.975586,0.656250,0.989746
511.000000,1500.000000,0.944824,1.000000,1.000000,0.974121,0.667969,0.993164
512.000000,1500.000000,0.946289,1.000000,1.000000,0.976562,0.672363,0.992188
513.000000,1500.000000,0.943848,1.000000,1.000000,0.973145,0.664062,0.986328
514.000000,1500.000000,0.945801,1.000000,1.000000,0.976562,0.671875,0.993164
515.000000,1500.000000,0.944824,1.000000,0.999023,0.975586,0.668457,0.992676
516.000000,1500.000000,0.943359,1.000000,0.993652,0.975586,0.664062,0.987793
517.000000,1500.000000,0.946289,1.000000,0.999023,0.976074,0.671875,0.987793
518.000000,1500.000000,0.945312,0.000000,0.999512,0.973145,0.669922,0.988770
519.000000,1500.000000,0.939941,1.000000,1.000000,0.976074,0.651367,0.990234
520.000000,1500.000000,0.940918,1.000000,0.995605,0.976074,0.655273,0.987793
521.000000,1500.000000,0.945801,1.000000,1.000000,0.974609,0.673340,0.991699
522.000000,1500.000000,0.944824,1.000000,0.998535,0.975098,0.669434,0.990723
523.000000,1500.000000,0.944336,1.000000,0.997070,0.975098,0.666016,0.983398
524.000000,1500.000000,0.942383,1.000000,0.999023,0.975098,0.659180,0.982422
525.000000,1500.000000,0.943359,1.000000,0.998047,0.974121,0.662598,0.992188
526.000000,1500.000000,0.944336,1.000000,1.000000,0.974121,0.664062,0.993164
527.000000,1500.000000,0.945312,1.000000,1.000000,0.974609,0.668457,0.982910
528.000000,1500.000000,0.937500,1.000000,0.999512,0.974609,0.643555,0.988281
529.000000,1500.000000,0.939941,1.000000,1.000000,0.975098,0.652344,0.989258
530.000000,1500.000000,0.942871,1.000000,0.999512,0.973633,0.660156,0.989258
531.000000,1500.000000,0.944336,1.000000,0.995605,0.975586,0.667480,0.988770
532.000000,1500.000000,0.944824,1.000000,0.999023,0.975098,0.666992,0.986328
533.000000,1500.000000,0.945801,1.000000,1.000000,0.974609,0.672363,0.991699
534.000000,1500.000000,0.944824,1.000000,0.998535,0.974121,0.666016,0.990723
535.000000,1500.000000,0.945801,1.000000,0.999512,0.974121,0.671875,0.988281
536.000000,1500.000000,0.947754,1.000000,0.995117,0.977051,0.676270,0.984375
537.000000,1500.000000,0.942383,1.000000,0.997559,0.974609,0.657227,0.992188
538.000000,1500.000000,0.941895,1.000000,0.998535,0.976074,0.660645,0.988770
539.000000,1500.000000,0.939941,1.000000,0.999023,0.978027,0.649902,0.990723
540.000000,1500.000000,0.942871,1.000000,0.993652,0.976562,0.663086,0.991699
541.000000,1500.000000,0.945312,1.000000,0.999512,0.977051,0.669922,0.993164
542.000000,1500.000000,0.942871,1.000000,0.999512,0.976562,0.660156,0.986816
543.000000,1500.000000,0.937500,1.000000,1.000000,0.975098,0.644531,0.989258
544.000000,1500.000000,0.940430,1.000000,1.000000,0.974121,0.653320,0.989746
545.000000,1500.000000,0.944336,1.000000,0.996094,0.976562,0.666992,0.991211
546.000000,1500.000000,0.938477,1.000000,1.000000,0.973145,0.649414,0.986328
547.000000,1500.000000,0.942871,1.000000,0.999512,0.975586,0.660645,0.988281
548.000000,1500.000000,0.941406,1.000000,0.998535,0.975586,0.656250,0.991211
549.000000,1500.000000,0.938477,1.000000,0.999512,0.975586,0.645996,0.990723
550.000000,1500.000000,0.943848,0.000000,0.997559,0.976562,0.664062,0.989258
551.000000,1500.000000,0.939941,1.000000,1.000000,0.976074,0.653320,0.984863
552.000000,1500.000000,0.940430,1.000000,0.999023,0.974121,0.652832,0.987793
553.000000,1500.000000,0.941895,1.000000,1.000000,0.976562,0.658691,0.986816
554.000000,1500.000000,0.944824,1.000000,0.995605,0.974609,0.666504,0.988770
555.000000,1500.000000,0.943359,1.000000,1.000000,0.973633,0.665039,0.992676
556.000000,1500.000000,0.942383,1.000000,0.999023,0.975098,0.659180,0.988770
557.000000,1500.000000,0.942871,1.000000,0.999512,0.975098,0.662598,0.988281
558.000000,1500.000000,0.942871,1.000000,0.992676,0.974609,0.661621,0.984375
559.000000,1500.000000,0.941895,1.000000,1.000000,0.976074,0.655273,0.990723
560.000000,1500.000000,0.941406,1.000000,0.999023,0.974121,0.656250,0.982910
561.000000,1500.000000,0.942383,1.000000,0.994629,0.975098,0.660156,0.989746
562.000000,1500.000000,0.941895,1.000000,0.998535,0.976562,0.658691,0.988281
563.000000,1500.000000,0.942383,1.000000,0.998047,0.974121,0.661133,0.992188
564.000000,1500.000000,0.944336,1.000000,0.999512,0.975586,0.666016,0.982910
565.000000,1500.000000,0.941895,1.000000,0.998047,0.977051,0.658691,0.992188
566.000000,1500.000000,0.940430,1.000000,1.000000,0.974121,0.655762,0.991699
567.000000,1500.000000,0.945312,1.000000,0.999512,0.974121,0.669434,0.991699
568.000000,1500.000000,0.943359,1.000000,0.999023,0.975586,0.663574,0.988281
569.000000,1500.000000,0.942871,1.000000,0.996094,0.977051,0.660156,0.987305
570.000000,1500.000000,0.944824,1.000000,1.000000,0.975098,0.668945,0.991699
571.000000,1500.000000,0.941895,1.000000,0.999023,0.974121,0.657227,0.986816
572.000000,1500.000000,0.942383,1.000000,0.999512,0.975586,0.658203,0.987793
573.000000,1500.000000,0.942871,1.000000,0.999023,0.974121,0.662109,0.992676
574.000000,1500.000000,0.944824,1.000000,1.000000,0.974121,0.667969,0.982422
575.000000,1500.000000,0.946777,1.000000,0.997070,0.973633,0.673340,0.991699
576.000000,1500.000000,0.948730,1.000000,1.000000,0.974121,0.679199,0.992188
577.000000,1500.000000,0.945801,1.000000,0.996582,0.974121,0.670410,0.987793
578.000000,1500.000000,0.947266,1.000000,0.999512,0.974121,0.673828,0.991699
579.000000,1500.000000,0.940918,1.000000,0.999512,0.975098,0.654785,0.993652
580.000000,1500.000000,0.946289,1.000000,0.998535,0.975586,0.671875,0.991699
581.000000,1500.000000,0.944824,1.000000,1.000000,0.973633,0.667480,0.991699
582.000000,1500.000000,0.940918,1.000000,0.995605,0.974609,0.655273,0.988281
583.000000,1500.000000,0.940430,1.000000,0.997070,0.977051,0.652344,0.992188
584.000000,1500.000000,0.939941,1.000000,0.999512,0.975098,0.651367,0.989746
585.000000,1500.000000,0.941895,1.000000,0.999512,0.975586,0.659180,0.988281
586.000000,1500.000000,0.944336,0.000000,0.999512,0.976074,0.664551,0.992188
587.000000,1500.000000,0.940918,1.000000,0.999512,0.973145,0.655273,0.982422
588.000000,1500.000000,0.940430,1.000000,0.999512,0.976074,0.654785,0.993164
589.000000,1500.000000,0.942871,1.000000,1.000000,0.975586,0.665527,0.987793
590.000000,1500.000000,0.942871,1.000000,0.995605,0.975098,0.661133,0.992188
591.000000,1500.000000,0.944824,1.000000,0.996094,0.971680,0.667969,0.991699
592.000000,1500.000000,0.940430,1.000000,0.996582,0.976562,0.654785,0.992676
593.000000,1500.000000,0.942383,1.000000,0.999512,0.975586,0.659668,0.985840
594.000000,1500.000000,0.942871,1.000000,1.000000,0.975586,0.659668,0.988281
595.000000,1500.000000,0.943359,1.000000,0.994629,0.975586,0.664062,0.984375
596.000000,1500.000000,0.946289,1.000000,0.999023,0.975098,0.671875,0.991699
597.000000,1500.000000,0.942871,1.000000,0.999512,0.975098,0.662598,0.984863
598.000000,1500.000000,0.943848,1.000000,1.000000,0.974121,0.663086,0.990234
599.000000,1500.000000,0.937500,1.000000,0.999512,0.973145,0.645996,0.990723
600.000000,1500.000000,0.941895,1.000000,1.000000,0.975586,0.658691,0.989746
601.000000,1500.000000,0.945312,1.000000,0.999512,0.974121,0.670410,0.987305
602.000000,1500.000000,0.938965,1.000000,0.991699,0.976562,0.648926,0.988281
603.000000,1500.000000,0.943848,0.000000,0.998535,0.975098,0.665039,0.990234
604.000000,1500.000000,0.941406,1.000000,0.998535,0.975098,0.657227,0.990723
605.000000,1500.000000,0.945312,1.000000,1.000000,0.973633,0.669922,0.991699
606.000000,1500.000000,0.944824,1.000000,0.998047,0.975586,0.666504,0.986328
607.000000,1500.000000,0.943848,1.000000,0.990234,0.976074,0.665039,0.989258
608.000000,1500.000000,0.940430,1.000000,0.998047,0.975586,0.653320,0.992676
609.000000,1500.000000,0.944824,0.000000,0.992676,0.974609,0.667969,0.991699
610.000000,1500.000000,0.939453,1.000000,0.996582,0.976074,0.648438,0.991699
611.000000,1500.000000,0.943848,1.000000,1.000000,0.974121,0.663574,0.986816
612.000000,1500.000000,0.938477,1.000000,0.997070,0.977051,0.647949,0.992676
613.000000,1500.000000,0.941406,1.000000,0.998535,0.975098,0.656738,0.989258
614.000000,1500.000000,0.942871,1.000000,1.000000,0.977051,0.663086,0.987305
615.000000,1500.000000,0.942383,1.000000,0.997559,0.975098,0.661133,0.989258
616.000000,1500.000000,0.943848,1.000000,0.996582,0.975098,0.663574,0.992188
617.000000,1500.000000,0.940918,1.000000,0.999512,0.973633,0.654785,0.992188
618.000000,1500.000000,0.944336,1.000000,1.000000,0.974609,0.666504,0.991699
619.000000,1500.000000,0.941895,1.000000,0.998535,0.978027,0.658203,0.988770
620.000000,1500.000000,0.941895,0.000000,0.999512,0.974121,0.658691,0.989746
621.000000,1500.000000,0.942383,1.000000,1.000000,0.977051,0.659668,0.990234
622.000000,1500.000000,0.944336,1.000000,0.996094,0.976074,0.664551,0.992188
623.000000,1500.000000,0.943359,1.000000,1.000000,0.975098,0.663086,0.990723
624.000000,1500.000000,0.943848,0.000000,0.999512,0.977051,0.663086,0.986328
625.000000,1500.000000,0.943359,1.000000,1.000000,0.974121,0.663086,0.991699
626.000000,1500.000000,0.943359,1.000000,0.997559,0.974609,0.662598,0.990723
627.000000,1500.000000,0.942383,1.000000,1.000000,0.975586,0.659668,0.991699
628.000000,1500.000000,0.942383,1.000000,1.000000,0.974609,0.659180,0.988281
629.000000,1500.000000,0.942383,1.000000,0.998535,0.976562,0.660156,0.991211
630.000000,1500.000000,0.945801,1.000000,0.998047,0.974121,0.668945,0.994141
631.000000,1500.000000,0.943848,1.000000,0.999023,0.976074,0.665039,0.982910
632.000000,1500.000000,0.946777,1.000000,0.998047,0.974609,0.672852,0.990234
633.000000,1500.000000,0.941406,1.000000,1.000000,0.975098,0.657227,0.992188
634.000000,1500.000000,0.942871,1.000000,1.000000,0.974121,0.662598,0.992188
635.000000,1500.000000,0.946289,1.000000,0.998535,0.976562,0.670410,0.991699
636.000000,1500.000000,0.939453,1.000000,0.982910,0.974121,0.646973,0.992188
637.000000,1500.000000,0.946289,1.000000,0.995605,0.976074,0.673340,0.991699
638.000000,1500.000000,0.943359,1.000000,0.999512,0.977539,0.663086,0.993652
639.000000,1500.000000,0.943848,1.000000,0.997559,0.975586,0.665527,0.992188
640.000000,1500.000000,0.945801,1.000000,0.999023,0.974609,0.670410,0.991699
641.000000,1500.000000,0.945312,1.000000,0.998535,0.974121,0.669922,0.990234
642.000000,1500.000000,0.940430,1.000000,0.997559,0.973633,0.653320,0.988770
643.000000,1500.000000,0.938965,1.000000,1.000000,0.976562,0.649902,0.993164
644.000000,1500.000000,0.939941,1.000000,0.998535,0.976074,0.652344,0.990234
645.000000,1500.000000,0.941406,1.000000,0.998535,0.974121,0.655273,0.989258
646.000000,1500.000000,0.945801,1.000000,0.997559,0.975098,0.671875,0.984863
647.000000,1500.000000,0.944824,0.000000,0.999023,0.976562,0.666992,0.989746
648.000000,1500.000000,0.944336,1.000000,1.000000,0.975098,0.666992,0.989258
649.000000,1500.000000,0.942383,1.000000,0.999512,0.975586,0.659668,0.990234
650.000000,1500.000000,0.941406,1.000000,0.999023,0.975098,0.656250,0.983887
651.000000,1500.000000,0.942383,1.000000,1.000000,0.974609,0.659180,0.992676
652.000000,1500.000000,0.940430,1.000000,1.000000,0.972168,0.654297,0.987305
653.000000,1500.000000,0.944824,1.000000,0.995605,0.976074,0.667480,0.986328
654.000000,1500.000000,0.940430,1.000000,0.999512,0.972168,0.654297,0.988281
655.000000,1500.000000,0.944336,1.000000,0.997559,0.975586,0.665039,0.989258
656.000000,1500.000000,0.944824,1.000000,0.996582,0.973145,0.667480,0.990234
657.000000,1500.000000,0.943359,1.000000,0.998535,0.972656,0.662598,0.991211
658.000000,1500.000000,0.942871,1.000000,0.994629,0.976562,0.658691,0.992676
659.000000,1500.000000,0.945312,1.000000,0.998535,0.973633,0.666992,0.987793
660.000000,1500.000000,0.942871,1.000000,0.999023,0.976562,0.663574,0.992188
661.000000,1500.000000,0.942383,1.000000,0.999023,0.976074,0.659180,0.983887
662.000000,1500.000000,0.943848,1.000000,0.998047,0.973633,0.666016,0.990723
663.000000,1500.000000,0.945801,1.000000,0.994629,0.974609,0.668457,0.981934
664.000000,1500.000000,0.943359,1.000000,0.991699,0.974609,0.662109,0.990234
665.000000,1500.000000,0.943359,1.000000,0.999512,0.974609,0.662109,0.979004
666.000000,1500.000000,0.942871,1.000000,0.999023,0.975586,0.663086,0.986816
667.000000,1500.000000,0.942383,1.000000,1.000000,0.976074,0.659180,0.991699
668.000000,1500.000000,0.946289,1.000000,0.999512,0.976562,0.671875,0.983887
669.000000,1500.000000,0.941406,1.000000,1.000000,0.975586,0.654785,0.985840
670.000000,1500.000000,0.948730,1.000000,0.999512,0.975586,0.680664,0.983887
671.000000,1500.000000,0.940430,1.000000,1.000000,0.974121,0.656250,0.992676
672.000000,1500.000000,0.940430,1.000000,0.997559,0.976074,0.652344,0.990723
673.000000,1500.000000,0.941895,1.000000,0.999023,0.976074,0.658691,0.984863
674.000000,1500.000000,0.946289,0.000000,0.996582,0.976562,0.671387,0.986816
675.000000,1500.000000,0.944824,1.000000,0.990234,0.976074,0.667969,0.989258
676.000000,1500.000000,0.942871,1.000000,1.000000,0.975586,0.661133,0.989746
677.000000,1500.000000,0.940918,1.000000,1.000000,0.973633,0.655762,0.990723
678.000000,1500.000000,0.945312,1.000000,1.000000,0.976562,0.667480,0.991699
679.000000,1500.000000,0.944336,1.000000,0.999023,0.976074,0.666016,0.982910
680.000000,1500.000000,0.943848,1.000000,1.000000,0.974609,0.666504,0.992188
681.000000,1500.000000,0.939941,1.000000,0.994629,0.977051,0.652344,0.994629
682.000000,1500.000000,0.938477,1.000000,1.000000,0.974609,0.646484,0.989258
683.000000,1500.000000,0.942383,1.000000,1.000000,0.974121,0.660156,0.991699
684.000000,1500.000000,0.942383,1.000000,0.994629,0.975586,0.660645,0.988281
685.000000,1500.000000,0.943848,1.000000,0.995117,0.975586,0.666016,0.990234
686.000000,1500.000000,0.944336,1.000000,0.998047,0.974121,0.666016,0.990234
687.000000,1500.000000,0.944824,1.000000,1.000000,0.975098,0.667969,0.985840
688.000000,1500.000000,0.942871,1.000000,1.000000,0.975586,0.661621,0.991211
689.000000,1500.000000,0.945801,1.000000,0.996582,0.974121,0.668945,0.990234
690.000000,1500.000000,0.941895,1.000000,0.999023,0.975586,0.657227,0.986816
691.000000,1500.000000,0.946289,1.000000,0.996582,0.975098,0.671875,0.991699
692.000000,1500.000000,0.944336,1.000000,1.000000,0.973633,0.665527,0.990723
693.000000,1500.000000,0.941406,1.000000,0.999512,0.976074,0.656250,0.990723
694.000000,1500.000000,0.940918,1.000000,1.000000,0.975586,0.657227,0.990234
695.000000,1500.000000,0.945312,1.000000,0.999512,0.977051,0.667969,0.983398
696.000000,1500.000000,0.940430,1.000000,1.000000,0.976074,0.652344,0.992188
697.000000,1500.000000,0.941895,1.000000,1.000000,0.975586,0.659180,0.989746
698.000000,1500.000000,0.942383,1.000000,0.999512,0.973633,0.659180,0.983887
699.000000,1500.000000,0.941895,1.000000,0.999512,0.972656,0.657227,0.982910
700.000000,1500.000000,0.943359,1.000000,1.000000,0.975586,0.663574,0.988770
701.000000,1500.000000,0.941895,1.000000,1.000000,0.975098,0.655762,0.984863
702.000000,1500.000000,0.946289,1.000000,0.997070,0.975098,0.672363,0.991699
703.000000,1500.000000,0.941895,1.000000,0.993164,0.975098,0.659668,0.992188
704.000000,1500.000000,0.946777,1.000000,0.997559,0.974609,0.672852,0.989746
705.000000,1500.000000,0.939453,1.000000,1.000000,0.975586,0.650879,0.991211
706.000000,1500.000000,0.944824,1.000000,0.995117,0.976074,0.667969,0.991211
707.000000,1500.000000,0.942871,1.000000,0.998047,0.976074,0.661133,0.991699
708.000000,1500.000000,0.942383,1.000000,1.000000,0.975586,0.661621,0.988281
709.000000,1500.000000,0.940918,1.000000,1.000000,0.976074,0.657227,0.992188
710.000000,1500.000000,0.944824,1.000000,1.000000,0.975586,0.669434,0.984863
711.000000,1500.000000,0.944824,1.000000,1.000000,0.975098,0.668945,0.991211
712.000000,1500.000000,0.941406,1.000000,0.995605,0.976562,0.655762,0.989258
713.000000,1500.000000,0.944336,1.000000,0.997559,0.974121,0.664062,0.993164
714.000000,1500.000000,0.943359,1.000000,0.998535,0.973633,0.662598,0.986816
715.000000,1500.000000,0.942383,1.000000,0.999512,0.975098,0.660156,0.991699
716.000000,1500.000000,0.942383,1.000000,0.998535,0.974609,0.660156,0.985352
717.000000,1500.000000,0.941406,1.000000,0.997070,0.976074,0.654785,0.983398
718.000000,1500.000000,0.937500,1.000000,1.000000,0.974121,0.645508,0.985352
719.000000,1500.000000,0.942871,1.000000,0.998535,0.973145,0.661133,0.991699
720.000000,1500.000000,0.943359,1.000000,1.000000,0.974609,0.662109,0.992676
721.000000,1500.000000,0.944336,1.000000,0.996582,0.973633,0.666016,0.984863
722.000000,1500.000000,0.938965,1.000000,0.999023,0.975586,0.649414,0.991699
723.000000,1500.000000,0.943359,1.000000,0.999512,0.976562,0.664062,0.991211
724.000000,1500.000000,0.945312,1.000000,0.999512,0.975098,0.667969,0.991699
725.000000,1500.000000,0.943848,1.000000,0.999512,0.974609,0.664551,0.992676
726.000000,1500.000000,0.941895,1.000000,0.995605,0.977051,0.659668,0.985840
727.000000,1500.000000,0.944824,1.000000,1.000000,0.975586,0.666504,0.990723
728.000000,1500.000000,0.943359,1.000000,1.000000,0.976074,0.664062,0.992676
729.000000,1500.000000,0.943848,1.000000,0.996582,0.975586,0.663574,0.989258
730.000000,1500.000000,0.938965,1.000000,1.000000,0.975098,0.649902,0.989746
731.000000,1500.000000,0.943848,1.000000,1.000000,0.975098,0.665039,0.991699
732.000000,1500.000000,0.944336,1.000000,0.997070,0.972656,0.665039,0.984863
733.000000,1500.000000,0.939453,1.000000,1.000000,0.973145,0.649414,0.986328
734.000000,1500.000000,0.940430,1.000000,0.999512,0.977051,0.657227,0.989258
735.000000,1500.000000,0.941406,1.000000,0.996094,0.974609,0.656250,0.989258
736.000000,1500.000000,0.941895,1.000000,1.000000,0.978027,0.656738,0.988281
737.000000,1500.000000,0.945801,1.000000,0.997070,0.978027,0.670898,0.993164
738.000000,1500.000000,0.942871,1.000000,0.995605,0.975098,0.663574,0.990723
739.000000,1500.000000,0.944824,1.000000,0.999023,0.975586,0.666992,0.992676
740.000000,1500.000000,0.941895,1.000000,0.995605,0.974609,0.659668,0.990723
741.000000,1500.000000,0.945801,1.000000,0.996582,0.974609,0.668945,0.984863
742.000000,1500.000000,0.948730,1.000000,0.999512,0.977051,0.680664,0.987793
743.000000,1500.000000,0.946777,1.000000,0.998535,0.975098,0.674805,0.992188
744.000000,1500.000000,0.944336,1.000000,0.998047,0.975586,0.666504,0.991699
745.000000,1500.000000,0.941406,1.000000,0.999512,0.977539,0.657227,0.991699
746.000000,1500.000000,0.946777,1.000000,0.998535,0.974609,0.674316,0.986328
747.000000,1500.000000,0.949219,0.000000,1.000000,0.974121,0.683594,0.982422
748.000000,1500.000000,0.938965,1.000000,1.000000,0.977051,0.650391,0.989258
749.000000,1500.000000,0.942383,1.000000,0.998047,0.978027,0.660156,0.991211
750.000000,1500.000000,0.948242,1.000000,1.000000,0.976074,0.677734,0.993164
751.000000,1500.000000,0.940430,1.000000,0.993164,0.975586,0.652832,0.989746
752.000000,1500.000000,0.947266,1.000000,1.000000,0.975586,0.675293,0.992676
753.000000,1500.000000,0.945312,1.000000,0.999023,0.975098,0.668457,0.981934
754.000000,1500.000000,0.941895,1.000000,1.000000,0.974609,0.658691,0.981934
755.000000,1500.000000,0.941895,1.000000,1.000000,0.977051,0.660156,0.987793
756.000000,1500.000000,0.943359,1.000000,0.998535,0.976074,0.661621,0.985840
757.000000,1500.000000,0.940918,1.000000,0.998047,0.975098,0.656738,0.986816
758.000000,1500.000000,0.943359,1.000000,0.994629,0.973633,0.661621,0.991211
759.000000,1500.000000,0.943359,1.000000,0.999512,0.975586,0.663574,0.991211
760.000000,1500.000000,0.944824,1.000000,1.000000,0.974609,0.668457,0.993164
761.000000,1500.000000,0.948242,1.000000,0.999023,0.975586,0.677246,0.985352
762.000000,1500.000000,0.937988,1.000000,1.000000,0.975586,0.645020,0.993164
763.000000,1500.000000,0.943359,1.000000,1.000000,0.975098,0.662109,0.981934
764.000000,1500.000000,0.938965,1.000000,0.999023,0.973145,0.648926,0.991211
765.000000,1500.000000,0.942871,1.000000,1.000000,0.974609,0.662109,0.991699
766.000000,1500.000000,0.942871,1.000000,1.000000,0.975098,0.660156,0.985352
767.000000,1500.000000,0.941895,1.000000,0.996582,0.974609,0.656738,0.991699
768.000000,1500.000000,0.942383,1.000000,1.000000,0.975098,0.660645,0.991699
769.000000,1500.000000,0.943848,1.000000,1.000000,0.976074,0.666504,0.988770
770.000000,1500.000000,0.944336,1.000000,0.996094,0.975586,0.666504,0.974121
771.000000,1500.000000,0.946289,1.000000,0.999512,0.973633,0.671387,0.990723
772.000000,1500.000000,0.943359,1.000000,0.999512,0.973145,0.663086,0.984863
773.000000,1500.000000,0.942871,1.000000,0.999023,0.975586,0.665039,0.991699
774.000000,1500.000000,0.940918,1.000000,0.997559,0.977051,0.655273,0.992188
775.000000,1500.000000,0.947266,1.000000,0.995117,0.973145,0.673828,0.992676
776.000000,1500.000000,0.944824,1.000000,0.999512,0.977539,0.666504,0.984863
777.000000,1500.000000,0.944824,1.000000,1.000000,0.973145,0.667969,0.988281
778.000000,1500.000000,0.940430,1.000000,0.999512,0.975586,0.652832,0.992676
779.000000,1500.000000,0.941895,1.000000,0.999512,0.975098,0.659668,0.990723
780.000000,1500.000000,0.941406,0.000000,0.999512,0.974609,0.655762,0.987305
781.000000,1500.000000,0.943359,1.000000,0.988770,0.976074,0.661133,0.992676
782.000000,1500.000000,0.943359,1.000000,0.998047,0.975098,0.663086,0.991211
783.000000,1500.000000,0.944824,1.000000,0.992676,0.974609,0.669922,0.986328
784.000000,1500.000000,0.939453,0.000000,1.000000,0.975586,0.649902,0.983887
785.000000,1500.000000,0.943359,1.000000,0.999023,0.973633,0.663574,0.988281
786.000000,1500.000000,0.942383,1.000000,0.999023,0.974121,0.659668,0.987793
787.000000,1500.000000,0.941406,1.000000,0.999512,0.976074,0.660156,0.987793
788.000000,1500.000000,0.943359,1.000000,0.999512,0.973633,0.663086,0.992188
789.000000,1500.000000,0.942383,1.000000,0.996094,0.976562,0.658691,0.989258
790.000000,1500.000000,0.943848,1.000000,0.987305,0.977051,0.665527,0.985840
791.000000,1500.000000,0.942871,1.000000,0.999512,0.976562,0.661133,0.989258
792.000000,1500.000000,0.943359,1.000000,0.998535,0.977051,0.662598,0.991699
793.000000,1500.000000,0.942871,0.000000,1.000000,0.975586,0.660156,0.983398
794.000000,1500.000000,0.943848,1.000000,0.998047,0.974609,0.666504,0.992676
795.000000,1500.000000,0.943848,1.000000,0.991699,0.977051,0.664551,0.989258
796.000000,1500.000000,0.941895,1.000000,1.000000,0.974609,0.657715,0.982910
797.000000,1500.000000,0.940918,1.000000,0.998535,0.975098,0.654785,0.991211
798.000000,1500.000000,0.944824,1.000000,0.999023,0.973633,0.667480,0.988281
799.000000,1500.000000,0.938965,1.000000,1.000000,0.977539,0.651855,0.991699
800.000000,1500.000000,0.943848,1.000000,1.000000,0.975098,0.664062,0.991699
801.000000,1500.000000,0.945801,1.000000,1.000000,0.977051,0.672852,0.989258
802.000000,1500.000000,0.941895,1.000000,0.993164,0.976074,0.659668,0.991699
803.000000,1500.000000,0.943848,1.000000,0.999023,0.976074,0.666016,0.977539
804.000000,1500.000000,0.946777,1.000000,1.000000,0.974121,0.676270,0.981934
805.000000,1500.000000,0.941895,1.000000,0.996582,0.976074,0.658203,0.992676
806.000000,1500.000000,0.940918,1.000000,0.999023,0.973145,0.655273,0.991699
807.000000,1500.000000,0.943359,1.000000,0.999512,0.974121,0.662109,0.989746
808.000000,1500.000000,0.946777,1.000000,0.999512,0.975586,0.673340,0.991211
809.000000,1500.000000,0.942871,1.000000,1.000000,0.973633,0.661133,0.987305
810.000000,1500.000000,0.947266,1.000000,1.000000,0.976562,0.674316,0.990723
811.000000,1500.000000,0.945312,1.000000,0.999512,0.976562,0.671387,0.992676
812.000000,1500.000000,0.940918,1.000000,0.998535,0.974609,0.654297,0.990723
813.000000,1500.000000,0.943848,1.000000,1.000000,0.975098,0.663574,0.985352
814.000000,1500.000000,0.939941,1.000000,1.000000,0.975098,0.653320,0.992188
815.000000,1500.000000,0.943359,1.000000,0.993164,0.975098,0.662598,0.988770
816.000000,1500.000000,0.945312,1.000000,1.000000,0.975586,0.670410,0.991211
817.000000,1500.000000,0.943848,1.000000,0.998047,0.974121,0.664062,0.991699
818.000000,1500.000000,0.941895,1.000000,0.994629,0.973633,0.656738,0.991699
819.000000,1500.000000,0.945312,1.000000,1.000000,0.975586,0.668945,0.973145
820.000000,1500.000000,0.942871,1.000000,1.000000,0.975586,0.661133,0.984863
821.000000,1500.000000,0.942383,1.000000,1.000000,0.975586,0.658203,0.993164
822.000000,1500.000000,0.940430,1.000000,0.999512,0.974121,0.652832,0.988770
823.000000,1500.000000,0.943359,1.000000,0.999512,0.974121,0.662109,0.987305
824.000000,1500.000000,0.940918,1.000000,1.000000,0.976562,0.654785,0.992188
825.000000,1500.000000,0.945312,1.000000,0.995117,0.974609,0.667480,0.988281
826.000000,1500.000000,0.944824,1.000000,0.999512,0.976074,0.667969,0.986816
827.000000,1500.000000,0.940918,1.000000,0.999512,0.976074,0.655762,0.990234
828.000000,1500.000000,0.939941,1.000000,0.999023,0.976074,0.652832,0.990723
829.000000,1500.000000,0.943359,1.000000,0.997559,0.977539,0.662109,0.987793
830.000000,1500.000000,0.940918,1.000000,0.990234,0.975586,0.656250,0.992188
831.000000,1500.000000,0.945312,1.000000,0.997070,0.977051,0.669922,0.988770
832.000000,1500.000000,0.943848,1.000000,0.996582,0.972656,0.664551,0.992188
833.000000,1500.000000,0.943848,1.000000,0.996582,0.971680,0.665527,0.991699
834.000000,1500.000000,0.942383,1.000000,0.996582,0.974609,0.660156,0.989258
835.000000,1500.000000,0.943359,1.000000,1.000000,0.975586,0.662109,0.992188
836.000000,1500.000000,0.942871,1.000000,0.999023,0.974609,0.661621,0.991699
837.000000,1500.000000,0.940430,1.000000,0.999023,0.974121,0.651855,0.992188
838.000000,1500.000000,0.940430,1.000000,0.997070,0.977051,0.652832,0.990723
839.000000,1500.000000,0.945312,0.000000,1.000000,0.974609,0.668945,0.986816
840.000000,1500.000000,0.944336,0.000000,0.994141,0.975586,0.668945,0.990723
841.000000,1500.000000,0.944336,1.000000,0.999512,0.975586,0.666016,0.988770
842.000000,1500.000000,0.945801,1.000000,0.992676,0.974609,0.671387,0.992188
843.000000,1500.000000,0.942383,1.000000,1.000000,0.975586,0.658203,0.982910
844.000000,1500.000000,0.944336,1.000000,1.000000,0.974121,0.666504,0.988770
845.000000,1500.000000,0.942871,1.000000,0.998047,0.974609,0.659180,0.990234
846.000000,1500.000000,0.941406,1.000000,0.998535,0.976074,0.656250,0.986816
847.000000,1500.000000,0.945801,1.000000,0.997559,0.973633,0.671387,0.986816
848.000000,1500.000000,0.941406,1.000000,1.000000,0.976074,0.655762,0.987793
849.000000,1500.000000,0.944336,1.000000,1.000000,0.976074,0.664551,0.992188
850.000000,1500.000000,0.943848,1.000000,0.999512,0.972656,0.662109,0.988281
851.000000,1500.000000,0.942871,0.000000,0.979492,0.976074,0.661133,0.992188
852.000000,1500.000000,0.941895,1.000000,0.999512,0.973145,0.657227,0.988281
853.000000,1500.000000,0.946777,1.000000,0.999512,0.975098,0.674805,0.990723
854.000000,1500.000000,0.940430,1.000000,0.998535,0.976562,0.654297,0.986816
855.000000,1500.000000,0.939941,1.000000,0.999512,0.975586,0.654297,0.985840
856.000000,1500.000000,0.942383,0.000000,0.998535,0.975586,0.660156,0.986816
857.000000,1500.000000,0.942871,1.000000,0.999023,0.977051,0.661621,0.987793
858.000000,1500.000000,0.944336,1.000000,0.994141,0.975098,0.665527,0.989258
859.000000,1500.000000,0.940918,1.000000,1.000000,0.974121,0.655762,0.989746
860.000000,1500.000000,0.942871,1.000000,0.998535,0.974121,0.659668,0.986328
861.000000,1500.000000,0.940918,1.000000,0.998535,0.972656,0.654297,0.985840
862.000000,1500.000000,0.948730,1.000000,1.000000,0.974121,0.680664,0.992676
863.000000,1500.000000,0.945312,1.000000,0.999023,0.975098,0.668945,0.988770
864.000000,1500.000000,0.941895,1.000000,0.999023,0.974121,0.659180,0.988281
865.000000,1500.000000,0.941406,1.000000,0.999023,0.973633,0.655762,0.988281
866.000000,1500.000000,0.945312,1.000000,1.000000,0.976562,0.667969,0.990723
867.000000,1500.000000,0.942871,1.000000,0.995605,0.976562,0.659668,0.991699
868.000000,1500.000000,0.940430,1.000000,0.996582,0.974609,0.650879,0.986816
869.000000,1500.000000,0.940918,1.000000,1.000000,0.975098,0.654297,0.986816
870.000000,1500.000000,0.945801,1.000000,1.000000,0.977051,0.670898,0.989746
871.000000,1500.000000,0.943848,1.000000,0.998535,0.973145,0.665039,0.991699
872.000000,1500.000000,0.946777,1.000000,0.998047,0.974609,0.674316,0.986328
873.000000,1500.000000,0.944336,1.000000,1.000000,0.976562,0.665039,0.990234
874.000000,1500.000000,0.942383,1.000000,0.997070,0.977539,0.661133,0.985352
875.000000,1500.000000,0.941406,1.000000,0.999023,0.973633,0.656738,0.986816
876.000000,1500.000000,0.945312,1.000000,1.000000,0.977051,0.668945,0.987793
877.000000,1500.000000,0.941895,1.000000,0.998047,0.975586,0.657715,0.991211
878.000000,1500.000000,0.945312,1.000000,1.000000,0.975586,0.668457,0.982910
879.000000,1500.000000,0.946289,0.000000,1.000000,0.975098,0.673340,0.992676
880.000000,1500.000000,0.942871,1.000000,1.000000,0.975586,0.660645,0.982422
881.000000,1500.000000,0.942383,1.000000,0.995117,0.975098,0.659668,0.991699
882.000000,1500.000000,0.939453,1.000000,0.996582,0.975098,0.650879,0.989258
883.000000,1500.000000,0.942383,1.000000,1.000000,0.975586,0.660645,0.989746
884.000000,1500.000000,0.943359,1.000000,0.998535,0.977539,0.661621,0.991699
885.000000,1500.000000,0.940430,1.000000,1.000000,0.975586,0.652832,0.988281
886.000000,1500.000000,0.942383,1.000000,0.999512,0.976562,0.660645,0.990723
887.000000,1500.000000,0.940430,1.000000,1.000000,0.975586,0.653809,0.990723
888.000000,1500.000000,0.943848,1.000000,1.000000,0.976562,0.664551,0.984375
889.000000,1500.000000,0.942383,1.000000,0.997559,0.975586,0.661133,0.985352
890.000000,1500.000000,0.942383,1.000000,0.999512,0.976074,0.658691,0.985352
891.000000,1500.000000,0.940918,1.000000,0.995605,0.974609,0.656250,0.991211
892.000000,1500.000000,0.944336,1.000000,1.000000,0.974609,0.666992,0.987305
893.000000,1500.000000,0.944824,1.000000,0.999023,0.976562,0.666992,0.982910
894.000000,1500.000000,0.942383,1.000000,1.000000,0.975586,0.660156,0.986816
895.000000,1500.000000,0.940918,1.000000,0.992676,0.976074,0.656738,0.989258
896.000000,1500.000000,0.944824,1.000000,0.999512,0.974609,0.666992,0.992676
897.000000,1500.000000,0.941895,1.000000,0.998047,0.976562,0.659180,0.989258
898.000000,1500.000000,0.941406,1.000000,0.997070,0.976562,0.657227,0.992188
899.000000,1500.000000,0.943848,1.000000,0.999512,0.975586,0.665039,0.993164
900.000000,1500.000000,0.940430,1.000000,0.999512,0.975586,0.652344,0.991211
901.000000,1500.000000,0.942871,0.000000,0.997559,0.975586,0.661621,0.992188
902.000000,1500.000000,0.940430,1.000000,1.000000,0.974121,0.654297,0.990234
903.000000,1500.000000,0.942871,1.000000,1.000000,0.975586,0.660156,0.986328
904.000000,1500.000000,0.941406,1.000000,1.000000,0.974121,0.655273,0.988770
905.000000,1500.000000,0.944824,1.000000,1.000000,0.974121,0.666992,0.992188
906.000000,1500.000000,0.944824,1.000000,1.000000,0.974121,0.667969,0.992188
907.000000,1500.000000,0.938477,1.000000,0.999512,0.975098,0.646973,0.986816
908.000000,1500.000000,0.943359,1.000000,1.000000,0.974121,0.662109,0.992188
909.000000,1500.000000,0.942383,1.000000,1.000000,0.975098,0.658691,0.991211
910.000000,1500.000000,0.942383,1.000000,0.998535,0.974609,0.659180,0.988281
911.000000,1500.000000,0.947266,1.000000,0.994629,0.973145,0.674316,0.991699
912.000000,1500.000000,0.942871,1.000000,0.999512,0.976562,0.661621,0.992188
913.000000,1500.000000,0.938965,1.000000,0.996094,0.975586,0.648438,0.991211
914.000000,1500.000000,0.946777,1.000000,0.999512,0.977539,0.674316,0.986328
915.000000,1500.000000,0.941406,1.000000,0.997559,0.977051,0.659180,0.991699
916.000000,1500.000000,0.945312,1.000000,0.999023,0.976074,0.668945,0.990723
917.000000,1500.000000,0.943848,1.000000,0.998535,0.976074,0.664551,0.992188
918.000000,1500.000000,0.937012,1.000000,1.000000,0.975098,0.641113,0.990723
919.000000,1500.000000,0.940918,1.000000,1.000000,0.977539,0.652832,0.991211
920.000000,1500.000000,0.942383,1.000000,0.998047,0.974121,0.661133,0.991699
921.000000,1500.000000,0.946777,1.000000,1.000000,0.977051,0.673340,0.988281
922.000000,1500.000000,0.944824,1.000000,0.999512,0.972656,0.666992,0.989746
923.000000,1500.000000,0.942871,1.000000,0.993652,0.974609,0.660645,0.983398
924.000000,1500.000000,0.944336,1.000000,0.999023,0.976562,0.664551,0.987793
925.000000,1500.000000,0.941895,1.000000,1.000000,0.974121,0.658691,0.989746
926.000000,1500.000000,0.942871,0.000000,0.998535,0.973145,0.661621,0.993164
927.000000,1500.000000,0.942871,1.000000,0.999512,0.977051,0.661133,0.992676
928.000000,1500.000000,0.947266,1.000000,0.998047,0.976074,0.674316,0.967285
929.000000,1500.000000,0.945801,1.000000,0.999512,0.976074,0.668945,0.989746
930.000000,1500.000000,0.940430,1.000000,0.994629,0.977539,0.654785,0.991699
931.000000,1500.000000,0.938477,1.000000,0.998047,0.974609,0.647461,0.992676
932.000000,1500.000000,0.942383,1.000000,0.998535,0.976562,0.660156,0.991211
933.000000,1500.000000,0.942871,1.000000,0.999023,0.976074,0.661133,0.986816
934.000000,1500.000000,0.939941,1.000000,0.999023,0.971191,0.652344,0.987793
935.000000,1500.000000,0.943359,1.000000,0.997559,0.974121,0.663086,0.990234
936.000000,1500.000000,0.943848,1.000000,0.998535,0.977539,0.663574,0.986328
937.000000,1500.000000,0.942383,1.000000,0.999512,0.975098,0.660645,0.991699
938.000000,1500.000000,0.942383,1.000000,1.000000,0.975098,0.659668,0.991699
939.000000,1500.000000,0.942871,1.000000,0.998047,0.976074,0.660645,0.992188
940.000000,1500.000000,0.946289,1.000000,0.998535,0.975098,0.670898,0.987793
941.000000,1500.000000,0.944824,1.000000,0.999512,0.974121,0.666992,0.990234
942.000000,1500.000000,0.941406,1.000000,0.995605,0.974609,0.657227,0.990234
943.000000,1500.000000,0.942871,1.000000,1.000000,0.974609,0.661621,0.991211
944.000000,1500.000000,0.942871,1.000000,1.000000,0.975098,0.661133,0.988770
945.000000,1500.000000,0.938965,1.000000,0.998047,0.975586,0.648438,0.990234
946.000000,1500.000000,0.946289,1.000000,0.995605,0.976074,0.671875,0.991699
947.000000,1500.000000,0.943848,1.000000,0.994141,0.975098,0.663574,0.993164
948.000000,1500.000000,0.947266,1.000000,1.000000,0.974121,0.676270,0.990723
949.000000,1500.000000,0.942871,1.000000,0.999023,0.977539,0.664551,0.991699
950.000000,1500.000000,0.945801,1.000000,1.000000,0.975586,0.670410,0.985352
951.000000,1500.000000,0.942871,1.000000,0.997559,0.971191,0.661621,0.986816
952.000000,1500.000000,0.942383,1.000000,1.000000,0.976074,0.659180,0.993652
953.000000,1500.000000,0.944824,1.000000,0.995605,0.975098,0.666992,0.991211
954.000000,1500.000000,0.941895,1.000000,1.000000,0.973633,0.657227,0.990723
955.000000,1500.000000,0.943359,1.000000,0.995117,0.974609,0.659668,0.991699
956.000000,1500.000000,0.941406,1.000000,0.999023,0.975098,0.657227,0.980469
957.000000,1500.000000,0.941895,1.000000,0.991211,0.974121,0.658203,0.987305
958.000000,1500.000000,0.944336,1.000000,0.991699,0.975098,0.666992,0.991699
959.000000,1500.000000,0.942383,1.000000,1.000000,0.975098,0.659668,0.991211
960.000000,1500.000000,0.943359,1.000000,1.000000,0.976074,0.660645,0.987305
961.000000,1500.000000,0.942383,1.000000,0.999512,0.973633,0.657715,0.991699
962.000000,1500.000000,0.941895,1.000000,1.000000,0.975098,0.658203,0.991699
963.000000,1500.000000,0.946777,1.000000,0.998047,0.976074,0.673828,0.987793
964.000000,1500.000000,0.946777,1.000000,0.999023,0.975586,0.671875,0.990234
965.000000,1500.000000,0.944336,1.000000,1.000000,0.977051,0.668945,0.986816
966.000000,1500.000000,0.941895,1.000000,0.998047,0.975586,0.658203,0.988281
967.000000,1500.000000,0.944824,1.000000,0.996582,0.972656,0.667480,0.988770
968.000000,1500.000000,0.945312,1.000000,0.999023,0.974609,0.667969,0.990234
969.000000,1500.000000,0.944336,1.000000,0.998535,0.975098,0.666016,0.991699
970.000000,1500.000000,0.940918,1.000000,1.000000,0.973633,0.654297,0.987793
971.000000,1500.000000,0.943359,1.000000,0.999512,0.975098,0.663086,0.989258
972.000000,1500.000000,0.945312,1.000000,0.995605,0.977051,0.668457,0.992676
973.000000,1500.000000,0.944824,1.000000,0.998047,0.974121,0.668457,0.984863
974.000000,1500.000000,0.944336,1.000000,1.000000,0.972656,0.665527,0.988281
975.000000,1500.000000,0.942871,1.000000,0.997070,0.975098,0.660156,0.987793
976.000000,1500.000000,0.943848,1.000000,0.995117,0.975586,0.665039,0.989258
977.000000,1500.000000,0.943848,1.000000,0.999023,0.976562,0.664551,0.979004
978.000000,1500.000000,0.950195,1.000000,0.996094,0.977051,0.685059,0.991699
979.000000,1500.000000,0.944336,0.000000,0.999023,0.976562,0.665527,0.992188
980.000000,1500.000000,0.943848,1.000000,0.999512,0.976074,0.662598,0.984375
981.000000,1500.000000,0.942871,1.000000,0.999023,0.975098,0.662109,0.992188
982.000000,1500.000000,0.944824,1.000000,0.996582,0.975098,0.667480,0.990723
983.000000,1500.000000,0.942871,1.000000,1.000000,0.976562,0.663574,0.983887
984.000000,1500.000000,0.943848,1.000000,1.000000,0.976562,0.666016,0.988281
985.000000,1500.000000,0.939941,1.000000,0.995605,0.976562,0.654785,0.985840
986.000000,1500.000000,0.943359,1.000000,0.999023,0.976562,0.663086,0.988281
987.000000,1500.000000,0.944824,1.000000,0.998047,0.974609,0.668945,0.992676
988.000000,1500.000000,0.943359,1.000000,0.999512,0.975586,0.660645,0.992676
989.000000,1500.000000,0.945312,1.000000,0.999512,0.975098,0.669922,0.989746
990.000000,1500.000000,0.946777,1.000000,0.997070,0.974121,0.672363,0.991699
991.000000,1500.000000,0.940430,1.000000,0.998047,0.974609,0.653809,0.987305
992.000000,1500.000000,0.940918,1.000000,0.987305,0.975586,0.652832,0.984863
993.000000,1500.000000,0.939941,1.000000,0.998535,0.974609,0.652344,0.988770
994.000000,1500.000000,0.943848,1.000000,1.000000,0.976074,0.663574,0.985352
995.000000,1500.000000,0.942383,1.000000,0.999023,0.975586,0.658203,0.987305
996.000000,1500.000000,0.941895,1.000000,0.999023,0.973145,0.656250,0.987793
997.000000,1500.000000,0.941895,1.000000,0.997559,0.973633,0.657715,0.992188
998.000000,1500.000000,0.942871,1.000000,0.997559,0.976562,0.661133,0.992676
999.000000,1500.000000,0.941895,1.000000,1.000000,0.973633,0.656250,0.993164
1000.000000,1500.000000,0.947754,1.000000,1.000000,0.974609,0.675781,0.985840
