# seed,length,entropy,runs,pi,acf,uni,rep
1.000000,300.000000,0.792969,1.000000,0.999023,0.958984,0.250977,0.986328
2.000000,300.000000,0.793945,1.000000,0.997070,0.960938,0.250977,0.990723
3.000000,300.000000,0.790527,1.000000,0.993652,0.962891,0.247070,0.993164
4.000000,300.000000,0.791016,1.000000,0.988281,0.959961,0.249023,0.988770
5.000000,300.000000,0.786621,1.000000,0.996582,0.960449,0.241211,0.993164
6.000000,300.000000,0.791016,1.000000,0.997070,0.960938,0.248047,0.989258
7.000000,300.000000,0.789551,1.000000,0.991699,0.956543,0.246094,0.994629
8.000000,300.000000,0.796875,1.000000,0.994629,0.962402,0.256836,0.992188
9.000000,300.000000,0.788574,1.000000,0.991699,0.957520,0.244141,0.991211
10.000000,300.000000,0.793945,1.000000,0.999512,0.953613,0.251953,0.991699
11.000000,300.000000,0.787109,1.000000,1.000000,0.959473,0.243164,0.993164
12.000000,300.000000,0.791504,1.000000,0.983887,0.961914,0.249023,0.993164
13.000000,300.000000,0.800781,1.000000,0.986328,0.956543,0.260742,0.994629
14.000000,300.000000,0.793457,1.000000,0.959473,0.962402,0.250977,0.995117
15.000000,300.000000,0.790527,1.000000,0.986328,0.955566,0.247070,0.993164
16.000000,300.000000,0.795898,1.000000,1.000000,0.958984,0.255859,0.992188
17.000000,300.000000,0.796875,1.000000,0.981934,0.953613,0.255859,0.994141
18.000000,300.000000,0.785156,1.000000,1.000000,0.954590,0.241211,0.993164
19.000000,300.000000,0.793457,1.000000,0.997070,0.961914,0.251953,0.988770
20.000000,300.000000,0.794434,1.000000,0.983887,0.958984,0.253906,0.990723
21.000000,300.000000,0.791504,1.000000,0.996582,0.951660,0.249023,0.993164
22.000000,300.000000,0.791016,1.000000,0.999512,0.958496,0.248047,0.985840
23.000000,300.000000,0.793457,1.000000,0.998535,0.957520,0.252930,0.986816
24.000000,300.000000,0.794434,1.000000,0.988281,0.953125,0.253906,0.987793
25.000000,300.000000,0.788574,1.000000,0.999512,0.958496,0.244141,0.985352
26.000000,300.000000,0.799805,1.000000,0.996582,0.954590,0.259766,0.988281
27.000000,300.000000,0.790527,1.000000,0.994629,0.959961,0.247070,0.990234
28.000000,300.000000,0.793457,1.000000,0.972656,0.961914,0.251953,0.988770
29.000000,300.000000,0.795410,1.000000,1.000000,0.958496,0.254883,0.993652
30.000000,300.000000,0.792969,1.000000,1.000000,0.958008,0.250000,0.994629
31.000000,300.000000,0.789062,1.000000,0.998535,0.954102,0.246094,0.990723
32.000000,300.000000,0.795410,1.000000,0.999512,0.959473,0.253906,0.995117
33.000000,300.000000,0.791016,1.000000,0.978516,0.946777,0.248047,0.991211
34.000000,300.000000,0.794434,1.000000,0.976562,0.959961,0.252930,0.989746
35.000000,300.000000,0.795898,1.000000,0.988281,0.957031,0.254883,0.990723
36.000000,300.000000,0.796387,1.000000,1.000000,0.957031,0.255859,0.993652
37.000000,300.000000,0.797363,1.000000,0.994629,0.959961,0.255859,0.994629
38.000000,300.000000,0.791504,1.000000,0.999512,0.958008,0.249023,0.990234
39.000000,300.000000,0.796875,1.000000,0.997070,0.956543,0.255859,0.990723
40.000000,300.000000,0.797852,1.000000,0.951660,0.959961,0.257812,0.984375
41.000000,300.000000,0.797852,1.000000,0.997070,0.954102,0.256836,0.989258
42.000000,300.000000,0.792969,1.000000,0.998535,0.958496,0.250000,0.991211
43.000000,300.000000,0.795898,0.000000,0.951660,0.958496,0.254883,0.993164
44.000000,300.000000,0.795410,1.000000,1.000000,0.957520,0.253906,0.988770
45.000000,300.000000,0.796387,0.000000,0.999023,0.955078,0.255859,0.994141
46.000000,300.000000,0.789062,1.000000,0.998535,0.959961,0.245117,0.986816
47.000000,300.000000,0.789062,1.000000,0.990234,0.957031,0.246094,0.990723
48.000000,300.000000,0.800293,1.000000,0.997070,0.960449,0.260742,0.994141
49.000000,300.000000,0.796387,1.000000,1.000000,0.958008,0.255859,0.994629
50.000000,300.000000,0.791992,1.000000,0.986328,0.953613,0.250000,0.991211
51.000000,300.000000,0.799805,1.000000,0.996582,0.958008,0.259766,0.993652
52.000000,300.000000,0.797363,1.000000,1.000000,0.958008,0.256836,0.993164
53.000000,300.000000,0.794922,0.000000,0.990234,0.958008,0.252930,0.992676
54.000000,300.000000,0.792969,1.000000,0.993652,0.958496,0.250000,0.977539
55.000000,300.000000,0.795898,1.000000,0.991699,0.963867,0.253906,0.990234
56.000000,300.000000,0.795898,1.000000,0.997070,0.960449,0.253906,0.988770
57.000000,300.000000,0.790527,1.000000,0.999023,0.956055,0.247070,0.993652
58.000000,300.000000,0.798828,1.000000,0.999512,0.956055,0.258789,0.994141
59.000000,300.000000,0.795410,1.000000,0.993652,0.959961,0.253906,0.985352
60.000000,300.000000,0.792480,1.000000,0.998535,0.958008,0.250000,0.993164
61.000000,300.000000,0.790527,1.000000,0.999512,0.958008,0.247070,0.992188
62.000000,300.000000,0.791016,1.000000,0.997070,0.954102,0.248047,0.990234
63.000000,300.000000,0.793945,1.000000,0.999023,0.956055,0.251953,0.989258
64.000000,300.000000,0.796875,1.000000,0.990234,0.959473,0.255859,0.994629
65.000000,300.000000,0.793457,1.000000,0.990234,0.955566,0.250000,0.994141
66.000000,300.000000,0.796387,1.000000,0.934570,0.960449,0.254883,0.994141
67.000000,300.000000,0.795898,1.000000,0.986328,0.956055,0.254883,0.988281
68.000000,300.000000,0.795410,1.000000,0.996582,0.956543,0.254883,0.994141
69.000000,300.000000,0.796875,1.000000,0.976562,0.953613,0.255859,0.994629
70.000000,300.000000,0.794922,1.000000,1.000000,0.958008,0.252930,0.990234
71.000000,300.000000,0.794434,1.000000,1.000000,0.957520,0.252930,0.989746
72.000000,300.000000,0.794922,1.000000,0.991699,0.954590,0.252930,0.994629
73.000000,300.000000,0.795410,1.000000,0.996582,0.956055,0.253906,0.993164
74.000000,300.000000,0.788086,1.000000,0.997070,0.954590,0.245117,0.985352
75.000000,300.000000,0.799316,1.000000,0.983887,0.958496,0.259766,0.988770
76.000000,300.000000,0.792480,1.000000,0.991699,0.959961,0.250977,0.991211
77.000000,300.000000,0.790527,1.000000,0.996582,0.952637,0.248047,0.994629
78.000000,300.000000,0.797363,1.000000,0.991699,0.958496,0.256836,0.993652
79.000000,300.000000,0.800293,0.000000,0.998535,0.957520,0.260742,0.994629
80.000000,300.000000,0.799805,0.000000,0.978516,0.958984,0.259766,0.984375
81.000000,300.000000,0.795410,1.000000,0.978516,0.953613,0.254883,0.994141
82.000000,300.000000,0.797363,1.000000,0.972656,0.957520,0.257812,0.994629
83.000000,300.000000,0.792480,1.000000,0.999023,0.958496,0.250977,0.993164
84.000000,300.000000,0.794922,1.000000,0.999512,0.960938,0.253906,0.980957
85.000000,300.000000,0.790527,1.000000,1.000000,0.959473,0.247070,0.990723
86.000000,300.000000,0.797363,1.000000,0.993652,0.954102,0.256836,0.994629
87.000000,300.000000,0.797363,1.000000,1.000000,0.958496,0.256836,0.994141
88.000000,300.000000,0.794434,1.000000,0.983887,0.958008,0.252930,0.988770
89.000000,300.000000,0.791992,1.000000,0.994629,0.957520,0.250000,0.988770
90.000000,300.000000,0.798828,1.000000,0.996582,0.958984,0.258789,0.994141
91.000000,300.000000,0.791504,1.000000,0.997070,0.959961,0.248047,0.994141
92.000000,300.000000,0.791992,1.000000,0.986328,0.959473,0.250000,0.996582
93.000000,300.000000,0.790527,1.000000,0.972656,0.958496,0.246094,0.993652
94.000000,300.000000,0.788086,1.000000,0.996582,0.956543,0.245117,0.990723
95.000000,300.000000,0.793457,1.000000,0.996582,0.957520,0.250977,0.994629
96.000000,300.000000,0.803223,0.000000,0.986328,0.958008,0.264648,0.993652
97.000000,300.000000,0.801758,1.000000,0.997070,0.957520,0.262695,0.994141
98.000000,300.000000,0.792969,1.000000,0.983887,0.959473,0.250977,0.984863
99.000000,300.000000,0.789551,1.000000,0.978516,0.960938,0.245117,0.994141
100.000000,300.000000,0.792480,1.000000,0.999023,0.950195,0.250000,0.991699
101.000000,300.000000,0.800293,1.000000,0.994629,0.954102,0.261719,0.988770
102.000000,300.000000,0.795898,1.000000,0.963867,0.956055,0.254883,0.994141
103.000000,300.000000,0.795410,1.000000,0.993652,0.956055,0.253906,0.993652
104.000000,300.000000,0.797363,1.000000,0.999023,0.958008,0.256836,0.992676
105.000000,300.000000,0.798340,1.000000,0.999512,0.958984,0.258789,0.992676
106.000000,300.000000,0.798340,1.000000,1.000000,0.958984,0.258789,0.989258
107.000000,300.000000,0.795898,1.000000,0.981934,0.956055,0.254883,0.988281
108.000000,300.000000,0.791016,1.000000,0.998535,0.963867,0.248047,0.977539
109.000000,300.000000,0.801758,1.000000,0.986328,0.957520,0.262695,0.994141
110.000000,300.000000,0.791992,1.000000,0.983887,0.955566,0.249023,0.995605
111.000000,300.000000,0.795898,1.000000,0.999512,0.959473,0.254883,0.992188
112.000000,300.000000,0.795898,1.000000,0.988281,0.957031,0.254883,0.988770
113.000000,300.000000,0.798828,0.000000,0.993652,0.958984,0.258789,0.990723
114.000000,300.000000,0.791992,1.000000,0.997070,0.958984,0.249023,0.984863
115.000000,300.000000,0.795898,1.000000,1.000000,0.959961,0.253906,0.994629
116.000000,300.000000,0.799805,1.000000,1.000000,0.957520,0.260742,0.995117
117.000000,300.000000,0.798340,1.000000,0.996582,0.958496,0.257812,0.992676
118.000000,300.000000,0.800293,0.000000,0.986328,0.958496,0.260742,0.984863
119.000000,300.000000,0.798340,1.000000,0.993652,0.959961,0.257812,0.995605
120.000000,300.000000,0.795410,1.000000,0.998535,0.958008,0.254883,0.984863
121.000000,300.000000,0.791992,1.000000,0.981934,0.955566,0.250000,0.985352
122.000000,300.000000,0.790527,1.000000,0.990234,0.959473,0.247070,0.993652
123.000000,300.000000,0.798828,1.000000,0.990234,0.958008,0.258789,0.991699
124.000000,300.000000,0.791504,1.000000,0.999512,0.957520,0.248047,0.990234
125.000000,300.000000,0.794922,1.000000,1.000000,0.961426,0.252930,0.994629
126.000000,300.000000,0.790527,1.000000,0.978516,0.956055,0.248047,0.986328
127.000000,300.000000,0.791992,1.000000,0.991699,0.959473,0.250000,0.990723
128.000000,300.000000,0.796875,1.000000,0.983887,0.956055,0.255859,0.994629
129.000000,300.000000,0.800293,1.000000,0.994629,0.962891,0.260742,0.994141
130.000000,300.000000,0.794922,1.000000,0.983887,0.959473,0.252930,0.987793
131.000000,300.000000,0.796875,1.000000,0.991699,0.960938,0.256836,0.991211
132.000000,300.000000,0.799316,1.000000,0.983887,0.958984,0.258789,0.995117
133.000000,300.000000,0.800293,1.000000,0.998535,0.956543,0.260742,0.991211
134.000000,300.000000,0.795410,1.000000,1.000000,0.959961,0.253906,0.990234
135.000000,300.000000,0.796387,1.000000,0.996582,0.955566,0.255859,0.994629
136.000000,300.000000,0.797363,1.000000,0.999512,0.955078,0.255859,0.995117
137.000000,300.000000,0.793457,1.000000,0.934570,0.957520,0.250977,0.991699
138.000000,300.000000,0.790527,1.000000,0.997070,0.951660,0.246094,0.992188
139.000000,300.000000,0.795898,1.000000,0.993652,0.958984,0.254883,0.989746
140.000000,300.000000,0.795410,1.000000,0.991699,0.961426,0.253906,0.990234
141.000000,300.000000,0.793457,1.000000,0.998535,0.956055,0.252930,0.993164
142.000000,300.000000,0.794922,1.000000,0.999023,0.957031,0.252930,0.984375
143.000000,300.000000,0.794922,1.000000,0.990234,0.961914,0.253906,0.996094
144.000000,300.000000,0.799805,1.000000,1.000000,0.953125,0.260742,0.994141
145.000000,300.000000,0.797852,1.000000,0.999023,0.956055,0.257812,0.994141
146.000000,300.000000,0.800293,1.000000,0.996582,0.962891,0.260742,0.993164
147.000000,300.000000,0.790527,1.000000,1.000000,0.961914,0.249023,0.988281
148.000000,300.000000,0.791016,1.000000,0.999512,0.957031,0.248047,0.988281
149.000000,300.000000,0.793945,1.000000,1.000000,0.959961,0.251953,0.990234
150.000000,300.000000,0.798828,0.000000,0.996582,0.955078,0.258789,0.988770
151.000000,300.000000,0.800781,1.000000,0.999512,0.961426,0.261719,0.991211
152.000000,300.000000,0.796875,1.000000,1.000000,0.960449,0.257812,0.995117
153.000000,300.000000,0.789062,1.000000,0.998535,0.962402,0.246094,0.994141
154.000000,300.000000,0.789551,1.000000,0.976562,0.958496,0.248047,0.993164
155.000000,300.000000,0.792969,1.000000,1.000000,0.956543,0.250000,0.992676
156.000000,300.000000,0.796387,1.000000,0.972656,0.957031,0.255859,0.988281
157.000000,300.000000,0.796387,1.000000,0.999512,0.958008,0.255859,0.991211
158.000000,300.000000,0.792969,1.000000,1.000000,0.960449,0.250977,0.995117
159.000000,300.000000,0.803223,1.000000,0.997070,0.958984,0.264648,0.994141
160.000000,300.000000,0.797363,1.000000,0.997070,0.953613,0.256836,0.993164
161.000000,300.000000,0.791016,1.000000,0.996582,0.958496,0.246094,0.986816
162.000000,300.000000,0.793457,1.000000,0.996582,0.956543,0.251953,0.994629
163.000000,300.000000,0.785156,1.000000,0.948730,0.958984,0.240234,0.987793
164.000000,300.000000,0.787109,1.000000,0.999512,0.955566,0.243164,0.993652
165.000000,300.000000,0.794434,1.000000,0.993652,0.954102,0.251953,0.991211
166.000000,300.000000,0.797363,1.000000,0.994629,0.958984,0.256836,0.992676
167.000000,300.000000,0.798828,1.000000,1.000000,0.956543,0.258789,0.993164
168.000000,300.000000,0.786621,1.000000,0.988281,0.952637,0.241211,0.980957
169.000000,300.000000,0.795410,1.000000,0.999512,0.961426,0.254883,0.993652
170.000000,300.000000,0.794922,1.000000,0.991699,0.958008,0.252930,0.986816
171.000000,300.000000,0.794922,1.000000,0.997070,0.959473,0.252930,0.983887
172.000000,300.000000,0.793945,1.000000,0.998535,0.959961,0.251953,0.994629
173.000000,300.000000,0.795898,1.000000,0.990234,0.956543,0.254883,0.985840
174.000000,300.000000,0.799316,1.000000,0.999023,0.956543,0.259766,0.989258
175.000000,300.000000,0.799805,1.000000,0.999023,0.958496,0.260742,0.989746
176.000000,300.000000,0.791992,1.000000,0.983887,0.961914,0.248047,0.995117
177.000000,300.000000,0.790039,1.000000,0.999023,0.955566,0.248047,0.994141
178.000000,300.000000,0.794922,1.000000,0.986328,0.955078,0.253906,0.988770
179.000000,300.000000,0.798340,1.000000,0.997070,0.959961,0.257812,0.995117
180.000000,300.000000,0.795898,1.000000,0.998535,0.961426,0.254883,0.994629
181.000000,300.000000,0.803223,1.000000,0.994629,0.960938,0.264648,0.995117
182.000000,300.000000,0.791992,1.000000,1.000000,0.954590,0.248047,0.992676
183.000000,300.000000,0.795410,1.000000,0.993652,0.957031,0.254883,0.994629
184.000000,300.000000,0.795898,0.000000,0.988281,0.959961,0.254883,0.996582
185.000000,300.000000,0.798828,1.000000,0.998535,0.961914,0.259766,0.989746
186.000000,300.000000,0.791504,1.000000,0.983887,0.963867,0.248047,0.990234
187.000000,300.000000,0.788574,0.000000,0.976562,0.952637,0.244141,0.992188
188.000000,300.000000,0.790039,0.000000,0.997070,0.958008,0.248047,0.992676
189.000000,300.000000,0.793945,1.000000,0.994629,0.957520,0.251953,0.994141
190.000000,300.000000,0.795410,1.000000,0.986328,0.961426,0.252930,0.994141
191.000000,300.000000,0.795898,1.000000,0.972656,0.958496,0.254883,0.994629
192.000000,300.000000,0.798340,1.000000,0.999023,0.955078,0.257812,0.992676
193.000000,300.000000,0.798340,1.000000,1.000000,0.960449,0.257812,0.993164
194.000000,300.000000,0.793457,1.000000,0.993652,0.954102,0.251953,0.994141
195.000000,300.000000,0.799316,1.000000,1.000000,0.962402,0.258789,0.994141
196.000000,300.000000,0.789551,0.000000,0.991699,0.959473,0.248047,0.990723
197.000000,300.000000,0.794922,1.000000,0.996582,0.962402,0.253906,0.990723
198.000000,300.000000,0.790527,1.000000,0.959473,0.958984,0.247070,0.994141
199.000000,300.000000,0.794434,1.000000,0.999512,0.958984,0.253906,0.994629
200.000000,300.000000,0.796387,1.000000,0.994629,0.957031,0.254883,0.994141
201.000000,300.000000,0.798828,1.000000,0.976562,0.958008,0.258789,0.994141
202.000000,300.000000,0.803223,1.000000,1.000000,0.960449,0.264648,0.992676
203.000000,300.000000,0.798340,1.000000,0.996582,0.959473,0.257812,0.993652
204.000000,300.000000,0.797852,1.000000,0.998535,0.958984,0.258789,0.993652
205.000000,300.000000,0.793457,0.000000,0.993652,0.960938,0.250977,0.995117
206.000000,300.000000,0.790039,1.000000,0.981934,0.963379,0.247070,0.993652
207.000000,300.000000,0.801270,0.000000,0.976562,0.958008,0.261719,0.994629
208.000000,300.000000,0.795898,1.000000,0.986328,0.955566,0.255859,0.993164
209.000000,300.000000,0.787598,1.000000,0.988281,0.958008,0.243164,0.992676
210.000000,300.000000,0.794434,1.000000,1.000000,0.957031,0.251953,0.992676
211.000000,300.000000,0.798828,1.000000,0.999023,0.957031,0.258789,0.990234
212.000000,300.000000,0.795898,0.000000,0.999512,0.957520,0.254883,0.989258
213.000000,300.000000,0.793945,1.000000,0.986328,0.958008,0.251953,0.984375
214.000000,300.000000,0.795410,1.000000,0.999023,0.959961,0.253906,0.988281
215.000000,300.000000,0.791016,1.000000,0.994629,0.959473,0.250000,0.991699
216.000000,300.000000,0.797852,1.000000,0.994629,0.957520,0.256836,0.994141
217.000000,300.000000,0.788086,1.000000,0.997070,0.952637,0.245117,0.991699
218.000000,300.000000,0.795410,1.000000,1.000000,0.957031,0.253906,0.986328
219.000000,300.000000,0.795898,1.000000,0.994629,0.958984,0.253906,0.992188
220.000000,300.000000,0.788574,1.000000,0.959473,0.955566,0.245117,0.995117
221.000000,300.000000,0.797852,1.000000,0.988281,0.958984,0.256836,0.984863
222.000000,300.000000,0.798828,1.000000,0.966309,0.959473,0.258789,0.994629
223.000000,300.000000,0.799805,1.000000,0.998535,0.953613,0.259766,0.984863
224.000000,300.000000,0.798340,1.000000,0.981934,0.958008,0.257812,0.995117
225.000000,300.000000,0.800293,1.000000,0.993652,0.956055,0.260742,0.993164
226.000000,300.000000,0.797852,1.000000,0.978516,0.960938,0.256836,0.994629
227.000000,300.000000,0.792480,1.000000,0.997070,0.960938,0.250977,0.989258
228.000000,300.000000,0.794922,1.000000,0.999023,0.959473,0.253906,0.993164
229.000000,300.000000,0.789062,1.000000,0.986328,0.958496,0.246094,0.995117
230.000000,300.000000,0.792969,1.000000,0.997070,0.957031,0.250977,0.987793
231.000000,300.000000,0.788574,1.000000,0.997070,0.954590,0.244141,0.985352
232.000000,300.000000,0.801270,0.000000,0.997070,0.958008,0.261719,0.994629
233.000000,300.000000,0.801758,0.000000,0.991699,0.960938,0.262695,0.995117
234.000000,300.000000,0.795410,1.000000,0.988281,0.959473,0.254883,0.993652
235.000000,300.000000,0.791016,1.000000,0.999512,0.958984,0.248047,0.987305
236.000000,300.000000,0.797363,1.000000,0.999512,0.959473,0.256836,0.990234
237.000000,300.000000,0.800293,1.000000,0.993652,0.960938,0.260742,0.990723
238.000000,300.000000,0.795898,0.000000,1.000000,0.957520,0.255859,0.986816
239.000000,300.000000,0.797363,1.000000,0.996582,0.954590,0.255859,0.994141
240.000000,300.000000,0.795410,1.000000,0.996582,0.961426,0.252930,0.984863
241.000000,300.000000,0.797852,1.000000,0.981934,0.954590,0.257812,0.990723
242.000000,300.000000,0.794434,1.000000,0.997070,0.953125,0.253906,0.994629
243.000000,300.000000,0.793457,1.000000,0.997070,0.958008,0.250977,0.991211
244.000000,300.000000,0.791504,1.000000,0.993652,0.957031,0.249023,0.988281
245.000000,300.000000,0.792969,1.000000,0.966309,0.956055,0.251953,0.992676
246.000000,300.000000,0.794922,1.000000,0.999512,0.955566,0.252930,0.992188
247.000000,300.000000,0.801270,1.000000,0.998535,0.958008,0.261719,0.992188
248.000000,300.000000,0.787109,1.000000,0.966309,0.958008,0.242188,0.991699
249.000000,300.000000,0.793457,1.000000,0.976562,0.959473,0.251953,0.992676
250.000000,300.000000,0.800781,1.000000,1.000000,0.957031,0.260742,0.995117
251.000000,300.000000,0.793945,1.000000,0.990234,0.956543,0.251953,0.990723
252.000000,300.000000,0.783203,1.000000,0.999023,0.952637,0.239258,0.986816
253.000000,300.000000,0.798828,1.000000,0.990234,0.962891,0.259766,0.994141
254.000000,300.000000,0.790527,1.000000,0.999023,0.956543,0.247070,0.994629
255.000000,300.000000,0.794434,1.000000,0.997070,0.955078,0.252930,0.988281
256.000000,300.000000,0.802734,1.000000,0.993652,0.962402,0.264648,0.990723
257.000000,300.000000,0.798828,1.000000,0.999512,0.958984,0.258789,0.994141
258.000000,300.000000,0.791504,0.000000,0.994629,0.958496,0.248047,0.991699
259.000000,300.000000,0.791992,1.000000,0.997070,0.963379,0.250000,0.992676
260.000000,300.000000,0.794434,1.000000,0.934570,0.957520,0.251953,0.987793
261.000000,300.000000,0.788086,1.000000,0.988281,0.956543,0.246094,0.994141
262.000000,300.000000,0.791016,1.000000,0.998535,0.954102,0.248047,0.985840
263.000000,300.000000,0.795898,1.000000,0.994629,0.962891,0.254883,0.988281
264.000000,300.000000,0.798340,1.000000,0.951660,0.959961,0.257812,0.994629
265.000000,300.000000,0.797852,1.000000,0.999512,0.958008,0.256836,0.993652
266.000000,300.000000,0.798828,1.000000,0.996582,0.964844,0.257812,0.989258
267.000000,300.000000,0.791992,0.000000,1.000000,0.961426,0.248047,0.994141
268.000000,300.000000,0.795898,1.000000,0.996582,0.959961,0.253906,0.990234
269.000000,300.000000,0.786621,1.000000,0.991699,0.958008,0.243164,0.987305
270.000000,300.000000,0.794434,1.000000,0.993652,0.958008,0.253906,0.993652
271.000000,300.000000,0.800781,1.000000,0.996582,0.960449,0.260742,0.993652
272.000000,300.000000,0.792969,1.000000,0.939941,0.963379,0.250977,0.993652
273.000000,300.000000,0.793945,1.000000,0.959473,0.959473,0.252930,0.993652
274.000000,300.000000,0.797363,1.000000,0.990234,0.955078,0.256836,0.991699
275.000000,300.000000,0.790039,1.000000,0.978516,0.957520,0.246094,0.994629
276.000000,300.000000,0.793945,1.000000,1.000000,0.956543,0.252930,0.989258
277.000000,300.000000,0.793945,1.000000,0.959473,0.957520,0.252930,0.989258
278.000000,300.000000,0.794922,1.000000,0.990234,0.958984,0.252930,0.994629
279.000000,300.000000,0.792480,1.000000,1.000000,0.954102,0.249023,0.993652
280.000000,300.000000,0.795898,1.000000,0.981934,0.953125,0.253906,0.991211
281.000000,300.000000,0.792969,1.000000,0.994629,0.958008,0.250977,0.991699
282.000000,300.000000,0.789551,1.000000,1.000000,0.960449,0.247070,0.987305
283.000000,300.000000,0.795410,1.000000,0.999023,0.953613,0.252930,0.987793
284.000000,300.000000,0.798828,1.000000,0.990234,0.958496,0.257812,0.983887
285.000000,300.000000,0.795898,1.000000,0.994629,0.958496,0.254883,0.994629
286.000000,300.000000,0.795898,0.000000,0.999512,0.953125,0.253906,0.995117
287.000000,300.000000,0.797363,1.000000,0.994629,0.956543,0.256836,0.992676
288.000000,300.000000,0.797363,1.000000,1.000000,0.955078,0.256836,0.990234
289.000000,300.000000,0.794922,1.000000,0.983887,0.959473,0.252930,0.995117
290.000000,300.000000,0.797363,1.000000,0.993652,0.955566,0.256836,0.994141
291.000000,300.000000,0.799805,1.000000,0.990234,0.958496,0.260742,0.989746
292.000000,300.000000,0.797363,1.000000,0.997070,0.958008,0.256836,0.992676
293.000000,300.000000,0.795410,1.000000,0.994629,0.959473,0.253906,0.991211
294.000000,300.000000,0.790039,1.000000,1.000000,0.956055,0.248047,0.993164
295.000000,300.000000,0.799805,1.000000,0.993652,0.953613,0.259766,0.977051
296.000000,300.000000,0.797852,1.000000,0.981934,0.961426,0.256836,0.994629
297.000000,300.000000,0.790039,1.000000,0.988281,0.960449,0.246094,0.990234
298.000000,300.000000,0.792480,1.000000,1.000000,0.961914,0.250977,0.992188
299.000000,300.000000,0.790527,1.000000,0.988281,0.955566,0.249023,0.993652
300.000000,300.000000,0.793945,1.000000,0.988281,0.957031,0.252930,0.994629
301.000000,300.000000,0.795898,1.000000,0.986328,0.960938,0.253906,0.995117
302.000000,300.000000,0.798828,1.000000,0.993652,0.960938,0.258789,0.991211
303.000000,300.000000,0.796875,1.000000,0.993652,0.958984,0.255859,0.995605
304.000000,300.000000,0.795898,1.000000,0.999023,0.956543,0.255859,0.993652
305.000000,300.000000,0.793457,1.000000,0.972656,0.955078,0.250977,0.994141
306.000000,300.000000,0.792480,1.000000,0.988281,0.958984,0.250000,0.994141
307.000000,300.000000,0.795898,1.000000,1.000000,0.959473,0.253906,0.987793
308.000000,300.000000,0.783203,1.000000,0.990234,0.957520,0.239258,0.989258
309.000000,300.000000,0.796387,1.000000,1.000000,0.960938,0.254883,0.993652
310.000000,300.000000,0.791504,1.000000,0.991699,0.956055,0.248047,0.990234
311.000000,300.000000,0.794922,1.000000,1.000000,0.957520,0.253906,0.993164
312.000000,300.000000,0.794922,1.000000,0.994629,0.952148,0.252930,0.994141
313.000000,300.000000,0.791992,0.000000,0.997070,0.953125,0.249023,0.991699
314.000000,300.000000,0.794434,1.000000,0.983887,0.957031,0.252930,0.994629
315.000000,300.000000,0.793945,1.000000,0.990234,0.962402,0.251953,0.986816
316.000000,300.000000,0.791992,1.000000,1.000000,0.958984,0.249023,0.995605
317.000000,300.000000,0.784180,1.000000,1.000000,0.957520,0.239258,0.992188
318.000000,300.000000,0.797852,1.000000,0.990234,0.956055,0.256836,0.985840
319.000000,300.000000,0.790039,1.000000,0.990234,0.953613,0.246094,0.991211
320.000000,300.000000,0.794922,1.000000,0.994629,0.957031,0.252930,0.992676
321.000000,300.000000,0.796387,1.000000,0.994629,0.958008,0.254883,0.992188
322.000000,300.000000,0.783203,1.000000,1.000000,0.959961,0.238281,0.987305
323.000000,300.000000,0.792969,1.000000,0.978516,0.957520,0.250000,0.995117
324.000000,300.000000,0.792969,1.000000,0.997070,0.960449,0.250977,0.992676
325.000000,300.000000,0.795898,1.000000,0.999023,0.957031,0.254883,0.994629
326.000000,300.000000,0.790039,1.000000,0.999512,0.960938,0.246094,0.988770
327.000000,300.000000,0.799805,1.000000,0.981934,0.958984,0.259766,0.994629
328.000000,300.000000,0.791992,1.000000,0.993652,0.961914,0.249023,0.995117
329.000000,300.000000,0.790527,1.000000,0.999023,0.956543,0.248047,0.987793
330.000000,300.000000,0.792480,1.000000,0.999512,0.960938,0.250000,0.995605
331.000000,300.000000,0.799805,1.000000,1.000000,0.957520,0.259766,0.990723
332.000000,300.000000,0.795410,1.000000,0.981934,0.958008,0.253906,0.995117
333.000000,300.000000,0.795410,1.000000,0.983887,0.959961,0.254883,0.993164
334.000000,300.000000,0.792969,0.000000,0.993652,0.954590,0.250000,0.990723
335.000000,300.000000,0.793457,1.000000,0.997070,0.958984,0.250977,0.988281
336.000000,300.000000,0.795410,1.000000,0.993652,0.958496,0.253906,0.994629
337.000000,300.000000,0.796387,1.000000,0.972656,0.962402,0.255859,0.992188
338.000000,300.000000,0.797852,1.000000,1.000000,0.958984,0.256836,0.993652
339.000000,300.000000,0.792969,1.000000,0.993652,0.956543,0.250000,0.988281
340.000000,300.000000,0.796387,1.000000,0.951660,0.958984,0.253906,0.989258
341.000000,300.000000,0.791016,1.000000,0.993652,0.958008,0.248047,0.992188
342.000000,300.000000,0.797852,1.000000,0.999512,0.958984,0.258789,0.988770
343.000000,300.000000,0.796875,1.000000,0.998535,0.955566,0.256836,0.987305
344.000000,300.000000,0.789062,1.000000,1.000000,0.963379,0.245117,0.988770
345.000000,300.000000,0.799316,1.000000,1.000000,0.957520,0.258789,0.994141
346.000000,300.000000,0.798340,1.000000,1.000000,0.959961,0.258789,0.993164
347.000000,300.000000,0.795898,1.000000,0.978516,0.956055,0.255859,0.990234
348.000000,300.000000,0.800293,1.000000,1.000000,0.960938,0.260742,0.989258
349.000000,300.000000,0.791504,1.000000,1.000000,0.955566,0.249023,0.988281
350.000000,300.000000,0.799805,1.000000,1.000000,0.961914,0.259766,0.989258
351.000000,300.000000,0.789062,1.000000,0.981934,0.960938,0.245117,0.988770
352.000000,300.000000,0.793945,1.000000,0.999023,0.956055,0.251953,0.995605
353.000000,300.000000,0.791992,0.000000,0.997070,0.953613,0.249023,0.991211
354.000000,300.000000,0.797363,1.000000,0.998535,0.950195,0.256836,0.989746
355.000000,300.000000,0.797852,1.000000,1.000000,0.957031,0.257812,0.991699
356.000000,300.000000,0.792480,1.000000,0.986328,0.959473,0.250977,0.994629
357.000000,300.000000,0.801270,1.000000,0.999512,0.958008,0.263672,0.996582
358.000000,300.000000,0.796875,1.000000,0.976562,0.954590,0.256836,0.985840
359.000000,300.000000,0.795410,1.000000,0.999023,0.958496,0.253906,0.988770
360.000000,300.000000,0.793945,1.000000,0.981934,0.960938,0.251953,0.991699
361.000000,300.000000,0.803223,1.000000,0.991699,0.958984,0.265625,0.994141
362.000000,300.000000,0.795898,1.000000,0.997070,0.958496,0.254883,0.993164
363.000000,300.000000,0.798828,1.000000,0.996582,0.961426,0.257812,0.993652
364.000000,300.000000,0.788574,1.000000,0.963867,0.954590,0.245117,0.993164
365.000000,300.000000,0.799805,1.000000,0.951660,0.957031,0.259766,0.994141
366.000000,300.000000,0.794922,1.000000,0.956543,0.959473,0.253906,0.991211
367.000000,300.000000,0.796387,1.000000,0.993652,0.960449,0.255859,0.995117
368.000000,300.000000,0.792480,1.000000,1.000000,0.958984,0.250000,0.996094
369.000000,300.000000,0.794434,1.000000,1.000000,0.958984,0.252930,0.995605
370.000000,300.000000,0.800293,1.000000,0.972656,0.958984,0.260742,0.995605
371.000000,300.000000,0.791992,1.000000,0.976562,0.957520,0.250000,0.987305
372.000000,300.000000,0.796875,1.000000,0.999023,0.959473,0.255859,0.994141
373.000000,300.000000,0.789551,1.000000,1.000000,0.962402,0.246094,0.991211
374.000000,300.000000,0.792480,1.000000,0.993652,0.958008,0.250000,0.991699
375.000000,300.000000,0.796387,1.000000,0.997070,0.960449,0.255859,0.993652
376.000000,300.000000,0.792480,1.000000,0.993652,0.959961,0.250000,0.995117
377.000000,300.000000,0.796875,1.000000,0.997070,0.956055,0.255859,0.990723
378.000000,300.000000,0.789062,1.000000,0.994629,0.957031,0.247070,0.991211
379.000000,300.000000,0.795410,1.000000,0.990234,0.958496,0.253906,0.995117
380.000000,300.000000,0.793945,1.000000,0.986328,0.959473,0.251953,0.994141
381.000000,300.000000,0.797852,1.000000,0.999512,0.960938,0.256836,0.994629
382.000000,300.000000,0.794434,1.000000,0.991699,0.955566,0.252930,0.994629
383.000000,300.000000,0.802246,1.000000,0.998535,0.955078,0.263672,0.996094
384.000000,300.000000,0.796387,1.000000,1.000000,0.958984,0.254883,0.992676
385.000000,300.000000,0.789551,1.000000,1.000000,0.956055,0.247070,0.989746
386.000000,300.000000,0.798828,1.000000,1.000000,0.963379,0.257812,0.993164
387.000000,300.000000,0.798828,1.000000,0.997070,0.958008,0.257812,0.993652
388.000000,300.000000,0.795898,1.000000,0.994629,0.955078,0.254883,0.994141
389.000000,300.000000,0.794922,1.000000,0.993652,0.954590,0.253906,0.994629
390.000000,300.000000,0.796875,1.000000,0.997070,0.959961,0.255859,0.993164
391.000000,300.000000,0.800293,1.000000,0.991699,0.962891,0.261719,0.992188
392.000000,300.000000,0.793457,1.000000,1.000000,0.960449,0.251953,0.991699
393.000000,300.000000,0.792969,1.000000,0.988281,0.953613,0.251953,0.995117
394.000000,300.000000,0.799316,0.000000,0.999023,0.960938,0.258789,0.990234
395.000000,300.000000,0.798828,1.000000,0.998535,0.960449,0.258789,0.995605
396.000000,300.000000,0.796875,1.000000,0.997070,0.960938,0.255859,0.995117
397.000000,300.000000,0.792480,0.000000,0.993652,0.952148,0.250000,0.992676
398.000000,300.000000,0.795898,1.000000,0.999512,0.955566,0.256836,0.991699
399.000000,300.000000,0.798828,1.000000,0.970215,0.954102,0.259766,0.995605
400.000000,300.000000,0.798340,1.000000,0.999023,0.958496,0.257812,0.989258
401.000000,300.000000,0.802246,1.000000,0.994629,0.959961,0.263672,0.994141
402.000000,300.000000,0.793457,1.000000,0.963867,0.959473,0.250977,0.993652
403.000000,300.000000,0.791016,1.000000,0.991699,0.957031,0.249023,0.993652
404.000000,300.000000,0.800781,1.000000,0.991699,0.954102,0.262695,0.995605
405.000000,300.000000,0.795898,1.000000,0.981934,0.963379,0.254883,0.992188
406.000000,300.000000,0.800293,1.000000,0.996582,0.956543,0.261719,0.987305
407.000000,300.000000,0.795898,1.000000,0.996582,0.955078,0.254883,0.992188
408.000000,300.000000,0.796387,1.000000,0.970215,0.951660,0.255859,0.992676
409.000000,300.000000,0.795898,1.000000,0.999512,0.958008,0.254883,0.992676
410.000000,300.000000,0.790039,1.000000,0.993652,0.962402,0.246094,0.992188
411.000000,300.000000,0.793457,1.000000,0.998535,0.956543,0.250977,0.988770
412.000000,300.000000,0.791016,1.000000,0.981934,0.959961,0.248047,0.990234
413.000000,300.000000,0.800293,1.000000,1.000000,0.958008,0.260742,0.992188
414.000000,300.000000,0.794922,1.000000,1.000000,0.956055,0.252930,0.996094
415.000000,300.000000,0.793945,1.000000,0.976562,0.956543,0.252930,0.990234
416.000000,300.000000,0.795410,1.000000,0.998535,0.956543,0.253906,0.995117
417.000000,300.000000,0.788086,1.000000,0.976562,0.957520,0.244141,0.990234
418.000000,300.000000,0.790527,1.000000,0.963867,0.960938,0.247070,0.994141
419.000000,300.000000,0.796387,1.000000,0.998535,0.959473,0.253906,0.989746
420.000000,300.000000,0.797363,1.000000,0.976562,0.958984,0.256836,0.994629
421.000000,300.000000,0.798340,1.000000,0.999023,0.961426,0.257812,0.995117
422.000000,300.000000,0.801270,1.000000,1.000000,0.958984,0.261719,0.990234
423.000000,300.000000,0.797363,0.000000,1.000000,0.957520,0.255859,0.994629
424.000000,300.000000,0.792969,1.000000,1.000000,0.960938,0.250977,0.994629
425.000000,300.000000,0.790527,1.000000,0.997070,0.959961,0.249023,0.994629
426.000000,300.000000,0.803223,1.000000,1.000000,0.958984,0.264648,0.983887
427.000000,300.000000,0.797363,1.000000,0.943359,0.955566,0.255859,0.989746
428.000000,300.000000,0.798340,1.000000,0.996582,0.957520,0.257812,0.981445
429.000000,300.000000,0.796387,1.000000,0.994629,0.962402,0.256836,0.987305
430.000000,300.000000,0.791992,1.000000,0.988281,0.957520,0.250000,0.991699
431.000000,300.000000,0.793945,1.000000,0.978516,0.960938,0.252930,0.993652
432.000000,300.000000,0.791992,1.000000,0.991699,0.955566,0.250000,0.994141
433.000000,300.000000,0.792480,0.000000,0.996582,0.953125,0.250977,0.994629
434.000000,300.000000,0.791504,1.000000,0.988281,0.958984,0.248047,0.992676
435.000000,300.000000,0.797363,1.000000,1.000000,0.956543,0.257812,0.992188
436.000000,300.000000,0.795898,1.000000,1.000000,0.957520,0.254883,0.980469
437.000000,300.000000,0.792969,1.000000,0.986328,0.960938,0.250000,0.991699
438.000000,300.000000,0.792480,1.000000,0.999023,0.957031,0.250000,0.987305
439.000000,300.000000,0.801270,1.000000,0.997070,0.955566,0.262695,0.992188
440.000000,300.000000,0.794922,1.000000,0.997070,0.956055,0.253906,0.991699
441.000000,300.000000,0.792969,1.000000,0.996582,0.962402,0.250977,0.994141
442.000000,300.000000,0.792969,1.000000,0.996582,0.959961,0.250000,0.993164
443.000000,300.000000,0.795410,1.000000,0.993652,0.955566,0.254883,0.990723
444.000000,300.000000,0.795410,1.000000,0.951660,0.960449,0.253906,0.994629
445.000000,300.000000,0.798340,1.000000,1.000000,0.958008,0.258789,0.989746
446.000000,300.000000,0.794922,1.000000,1.000000,0.960938,0.252930,0.994629
447.000000,300.000000,0.792969,1.000000,0.998535,0.959961,0.251953,0.993164
448.000000,300.000000,0.795410,1.000000,0.999512,0.955566,0.253906,0.994629
449.000000,300.000000,0.803223,1.000000,0.993652,0.958984,0.265625,0.990723
450.000000,300.000000,0.796387,1.000000,0.996582,0.960449,0.255859,0.989258
451.000000,300.000000,0.795410,1.000000,0.998535,0.958008,0.254883,0.988281
452.000000,300.000000,0.792480,1.000000,1.000000,0.958984,0.250000,0.996094
453.000000,300.000000,0.798340,1.000000,0.998535,0.955078,0.257812,0.993164
454.000000,300.000000,0.794922,1.000000,0.988281,0.956543,0.253906,0.994141
455.000000,300.000000,0.795410,1.000000,0.999023,0.959961,0.253906,0.989746
456.000000,300.000000,0.799805,1.000000,0.988281,0.958496,0.260742,0.994141
457.000000,300.000000,0.795410,1.000000,0.986328,0.955078,0.253906,0.987305
458.000000,300.000000,0.792480,1.000000,0.976562,0.957031,0.250977,0.987305
459.000000,300.000000,0.797852,1.000000,0.999512,0.959961,0.256836,0.990723
460.000000,300.000000,0.798828,0.000000,0.983887,0.957031,0.259766,0.989746
461.000000,300.000000,0.795898,0.000000,0.991699,0.962402,0.254883,0.994629
462.000000,300.000000,0.793945,1.000000,1.000000,0.954590,0.251953,0.984863
463.000000,300.000000,0.790527,1.000000,0.993652,0.959473,0.248047,0.986328
464.000000,300.000000,0.801758,1.000000,0.996582,0.956055,0.262695,0.994629
465.000000,300.000000,0.789062,1.000000,0.998535,0.958008,0.246094,0.986816
466.000000,300.000000,0.794922,1.000000,0.999023,0.954590,0.252930,0.988281
467.000000,300.000000,0.798340,1.000000,1.000000,0.960449,0.257812,0.994629
468.000000,300.000000,0.797363,1.000000,0.966309,0.958008,0.256836,0.992676
469.000000,300.000000,0.793457,1.000000,0.976562,0.955078,0.252930,0.991211
470.000000,300.000000,0.790527,1.000000,0.998535,0.959961,0.249023,0.990234
471.000000,300.000000,0.797363,0.000000,0.959473,0.957520,0.256836,0.992188
472.000000,300.000000,0.796387,1.000000,0.993652,0.954590,0.256836,0.994629
473.000000,300.000000,0.800293,1.000000,0.998535,0.954102,0.260742,0.994141
474.000000,300.000000,0.795410,1.000000,0.986328,0.960449,0.253906,0.994141
475.000000,300.000000,0.802246,1.000000,0.999512,0.961914,0.263672,0.991699
476.000000,300.000000,0.790039,1.000000,0.993652,0.956543,0.247070,0.995605
477.000000,300.000000,0.796387,1.000000,0.993652,0.960449,0.254883,0.984375
478.000000,300.000000,0.802734,1.000000,0.998535,0.958984,0.263672,0.995605
479.000000,300.000000,0.795898,1.000000,0.976562,0.955566,0.255859,0.995117
480.000000,300.000000,0.792969,1.000000,1.000000,0.961426,0.251953,0.991699
481.000000,300.000000,0.797852,1.000000,0.981934,0.958496,0.256836,0.987793
482.000000,300.000000,0.797363,1.000000,0.986328,0.961426,0.256836,0.990723
483.000000,300.000000,0.788574,1.000000,0.998535,0.961426,0.246094,0.991699
484.000000,300.000000,0.790527,1.000000,0.981934,0.960449,0.248047,0.994141
485.000000,300.000000,0.795410,1.000000,0.959473,0.958984,0.253906,0.992676
486.000000,300.000000,0.791992,1.000000,0.994629,0.956055,0.249023,0.995117
487.000000,300.000000,0.796387,1.000000,0.981934,0.959961,0.255859,0.995117
488.000000,300.000000,0.791016,1.000000,1.000000,0.955566,0.250000,0.992188
489.000000,300.000000,0.797363,1.000000,0.990234,0.960938,0.256836,0.988770
490.000000,300.000000,0.795898,1.000000,0.998535,0.957520,0.255859,0.991699
491.000000,300.000000,0.793457,1.000000,0.996582,0.958496,0.251953,0.995117
492.000000,300.000000,0.789551,1.000000,0.997070,0.953125,0.245117,0.988281
493.000000,300.000000,0.795898,1.000000,0.999512,0.958008,0.253906,0.990723
494.000000,300.000000,0.798828,1.000000,0.993652,0.958008,0.258789,0.995117
495.000000,300.000000,0.797852,1.000000,0.963867,0.957520,0.256836,0.992188
496.000000,300.000000,0.794434,0.000000,0.996582,0.954102,0.252930,0.991699
497.000000,300.000000,0.796875,1.000000,0.999023,0.959961,0.255859,0.985840
498.000000,300.000000,0.796875,1.000000,1.000000,0.958984,0.256836,0.996094
499.000000,300.000000,0.796875,1.000000,1.000000,0.958984,0.255859,0.992676
500.000000,300.000000,0.797852,1.000000,1.000000,0.958984,0.257812,0.990723
501.000000,300.000000,0.798828,1.000000,0.970215,0.960449,0.258789,0.992676
502.000000,300.000000,0.792969,1.000000,0.998535,0.960938,0.251953,0.976074
503.000000,300.000000,0.792480,0.000000,0.999512,0.958984,0.250000,0.984863
504.000000,300.000000,0.791504,1.000000,0.991699,0.962891,0.250000,0.987793
505.000000,300.000000,0.800293,1.000000,0.996582,0.957520,0.260742,0.985840
506.000000,300.000000,0.791992,1.000000,0.976562,0.958008,0.249023,0.984375
507.000000,300.000000,0.795898,1.000000,0.999512,0.954590,0.254883,0.994629
508.000000,300.000000,0.798828,0.000000,0.991699,0.955078,0.258789,0.990234
509.000000,300.000000,0.801758,1.000000,1.000000,0.958008,0.262695,0.994141
510.000000,300.000000,0.795410,1.000000,0.991699,0.961426,0.254883,0.986816
511.000000,300.000000,0.797363,1.000000,0.998535,0.959961,0.256836,0.993164
512.000000,300.000000,0.798828,1.000000,0.996582,0.953125,0.258789,0.993164
513.000000,300.000000,0.797852,1.000000,1.000000,0.954102,0.256836,0.990723
514.000000,300.000000,0.792969,1.000000,0.991699,0.959473,0.250977,0.988281
515.000000,300.000000,0.795898,1.000000,0.998535,0.955078,0.254883,0.989258
516.000000,300.000000,0.797852,1.000000,0.981934,0.953125,0.256836,0.994141
517.000000,300.000000,0.790039,0.000000,0.988281,0.957031,0.246094,0.987305
518.000000,300.000000,0.791992,1.000000,0.999512,0.956543,0.250977,0.987793
519.000000,300.000000,0.803223,1.000000,0.993652,0.957031,0.265625,0.991211
520.000000,300.000000,0.795410,1.000000,0.991699,0.954102,0.253906,0.987793
521.000000,300.000000,0.793457,1.000000,0.993652,0.961426,0.250000,0.991211
522.000000,300.000000,0.791016,1.000000,0.993652,0.956543,0.248047,0.986328
523.000000,300.000000,0.791992,1.000000,0.956543,0.959473,0.250000,0.990723
524.000000,300.000000,0.790039,1.000000,0.998535,0.958984,0.246094,0.991211
525.000000,300.000000,0.800781,1.000000,0.988281,0.959961,0.260742,0.995117
526.000000,300.000000,0.794434,0.000000,0.999512,0.961914,0.251953,0.988281
527.000000,300.000000,0.793945,1.000000,0.963867,0.958496,0.251953,0.986816
528.000000,300.000000,0.795898,1.000000,0.983887,0.960449,0.253906,0.994629
529.000000,300.000000,0.796387,1.000000,0.993652,0.958496,0.255859,0.992188
530.000000,300.000000,0.796875,0.000000,1.000000,0.955078,0.255859,0.993164
531.000000,300.000000,0.787109,1.000000,1.000000,0.958496,0.242188,0.986328
532.000000,300.000000,0.797363,1.000000,1.000000,0.959961,0.256836,0.988770
533.000000,300.000000,0.792969,1.000000,0.994629,0.961914,0.251953,0.992188
534.000000,300.000000,0.794922,1.000000,0.986328,0.953125,0.252930,0.994629
535.000000,300.000000,0.793945,1.000000,0.993652,0.957520,0.252930,0.987793
536.000000,300.000000,0.798828,1.000000,1.000000,0.960938,0.257812,0.992676
537.000000,300.000000,0.797852,1.000000,0.963867,0.961914,0.257812,0.996094
538.000000,300.000000,0.793945,1.000000,0.988281,0.962402,0.252930,0.992188
539.000000,300.000000,0.795898,1.000000,0.996582,0.959961,0.254883,0.994141
540.000000,300.000000,0.788574,1.000000,0.996582,0.961426,0.245117,0.985840
541.000000,300.000000,0.797363,1.000000,0.997070,0.959961,0.256836,0.993652
542.000000,300.000000,0.789551,1.000000,0.993652,0.958008,0.245117,0.993164
543.000000,300.000000,0.798340,1.000000,0.996582,0.957520,0.258789,0.987793
544.000000,300.000000,0.794922,1.000000,0.993652,0.954590,0.252930,0.993164
545.000000,300.000000,0.799805,1.000000,0.997070,0.953125,0.260742,0.993164
546.000000,300.000000,0.796875,1.000000,0.991699,0.958984,0.255859,0.994141
547.000000,300.000000,0.794922,1.000000,0.999023,0.954590,0.252930,0.995117
548.000000,300.000000,0.791992,0.000000,0.999023,0.960938,0.249023,0.991211
549.000000,300.000000,0.790039,1.000000,0.993652,0.960938,0.246094,0.991211
550.000000,300.000000,0.792480,1.000000,0.996582,0.954102,0.250000,0.994629
551.000000,300.000000,0.791504,1.000000,1.000000,0.958008,0.249023,0.987305
552.000000,300.000000,0.794922,1.000000,0.997070,0.957031,0.252930,0.986816
553.000000,300.000000,0.795898,1.000000,0.999512,0.954590,0.254883,0.991211
554.000000,300.000000,0.795410,1.000000,0.869629,0.959473,0.253906,0.994629
555.000000,300.000000,0.797852,1.000000,0.994629,0.955078,0.256836,0.994141
556.000000,300.000000,0.795410,1.000000,0.998535,0.958008,0.253906,0.994629
557.000000,300.000000,0.797852,1.000000,0.986328,0.960938,0.256836,0.986816
558.000000,300.000000,0.792969,1.000000,0.994629,0.961914,0.251953,0.989258
559.000000,300.000000,0.791016,1.000000,0.998535,0.958984,0.248047,0.993652
560.000000,300.000000,0.795898,1.000000,0.996582,0.955078,0.253906,0.994629
561.000000,300.000000,0.794922,1.000000,0.988281,0.957031,0.253906,0.992188
562.000000,300.000000,0.792480,1.000000,0.986328,0.958496,0.249023,0.987793
563.000000,300.000000,0.794922,1.000000,0.997070,0.954590,0.253906,0.994141
564.000000,300.000000,0.794922,1.000000,0.996582,0.953613,0.252930,0.995605
565.000000,300.000000,0.796875,1.000000,0.999023,0.961914,0.255859,0.991699
566.000000,300.000000,0.797852,1.000000,0.991699,0.957520,0.256836,0.995117
567.000000,300.000000,0.794434,1.000000,0.991699,0.960938,0.251953,0.993164
568.000000,300.000000,0.795410,1.000000,0.998535,0.954590,0.253906,0.992676
569.000000,300.000000,0.793457,1.000000,0.999023,0.962402,0.251953,0.988281
570.000000,300.000000,0.802246,1.000000,0.986328,0.958496,0.263672,0.994629
571.000000,300.000000,0.800293,1.000000,1.000000,0.959473,0.260742,0.991211
572.000000,300.000000,0.800781,1.000000,0.998535,0.955566,0.260742,0.995117
573.000000,300.000000,0.800781,1.000000,0.991699,0.957520,0.260742,0.984375
574.000000,300.000000,0.796387,1.000000,0.999023,0.958496,0.255859,0.993652
575.000000,300.000000,0.802734,1.000000,0.996582,0.958496,0.264648,0.992676
576.000000,300.000000,0.791016,1.000000,0.993652,0.954102,0.250000,0.990234
577.000000,300.000000,0.798828,1.000000,0.983887,0.959961,0.258789,0.991699
578.000000,300.000000,0.792480,1.000000,0.966309,0.959473,0.249023,0.987305
579.000000,300.000000,0.793945,1.000000,0.997070,0.956055,0.252930,0.990234
580.000000,300.000000,0.797852,1.000000,0.990234,0.959473,0.257812,0.985352
581.000000,300.000000,0.797852,1.000000,0.959473,0.959961,0.256836,0.995117
582.000000,300.000000,0.794434,0.000000,0.972656,0.957031,0.253906,0.993652
583.000000,300.000000,0.785645,1.000000,0.998535,0.954590,0.243164,0.988281
584.000000,300.000000,0.789551,1.000000,0.996582,0.957031,0.247070,0.993164
585.000000,300.000000,0.794434,1.000000,1.000000,0.954590,0.252930,0.990234
586.000000,300.000000,0.800781,1.000000,0.991699,0.959473,0.260742,0.994141
587.000000,300.000000,0.794434,1.000000,1.000000,0.959473,0.250977,0.993652
588.000000,300.000000,0.792480,0.000000,0.997070,0.957031,0.251953,0.994629
589.000000,300.000000,0.795410,1.000000,0.986328,0.957520,0.253906,0.986328
590.000000,300.000000,0.804199,1.000000,0.999023,0.958984,0.265625,0.985840
591.000000,300.000000,0.799316,1.000000,0.996582,0.957520,0.258789,0.994141
592.000000,300.000000,0.792969,1.000000,0.983887,0.955566,0.250000,0.988281
593.000000,300.000000,0.799805,1.000000,0.996582,0.960938,0.259766,0.991211
594.000000,300.000000,0.792969,1.000000,0.924805,0.955566,0.251953,0.990723
595.000000,300.000000,0.795410,1.000000,0.983887,0.957520,0.254883,0.994629
596.000000,300.000000,0.796387,1.000000,0.998535,0.955566,0.254883,0.993164
597.000000,300.000000,0.795410,1.000000,0.993652,0.962891,0.253906,0.992676
598.000000,300.000000,0.792969,1.000000,1.000000,0.954590,0.250977,0.989746
599.000000,300.000000,0.795898,1.000000,0.983887,0.956543,0.254883,0.995605
600.000000,300.000000,0.792969,1.000000,0.997070,0.955078,0.251953,0.980957
601.000000,300.000000,0.798340,1.000000,0.999023,0.959961,0.257812,0.994141
602.000000,300.000000,0.795410,1.000000,0.993652,0.958984,0.253906,0.988281
603.000000,300.000000,0.794922,1.000000,0.998535,0.958008,0.252930,0.994629
604.000000,300.000000,0.797852,1.000000,0.990234,0.958008,0.256836,0.988770
605.000000,300.000000,0.798340,1.000000,0.976562,0.956055,0.257812,0.992188
606.000000,300.000000,0.798828,1.000000,0.972656,0.959961,0.258789,0.991699
607.000000,300.000000,0.798828,1.000000,1.000000,0.958496,0.257812,0.994141
608.000000,300.000000,0.796875,1.000000,0.997070,0.958984,0.255859,0.993652
609.000000,300.000000,0.800293,1.000000,0.999023,0.959961,0.259766,0.995117
610.000000,300.000000,0.794434,1.000000,0.994629,0.960449,0.252930,0.990723
611.000000,300.000000,0.794922,1.000000,0.996582,0.958008,0.252930,0.991211
612.000000,300.000000,0.795410,1.000000,0.994629,0.959961,0.252930,0.994141
613.000000,300.000000,0.795898,1.000000,0.990234,0.961914,0.254883,0.994141
614.000000,300.000000,0.802734,1.000000,0.934570,0.958496,0.264648,0.995605
615.000000,300.000000,0.794434,1.000000,1.000000,0.962402,0.251953,0.990234
616.000000,300.000000,0.788574,1.000000,0.999023,0.959473,0.245117,0.989746
617.000000,300.000000,0.792969,1.000000,0.976562,0.961426,0.250000,0.991211
618.000000,300.000000,0.796387,1.000000,0.990234,0.958496,0.255859,0.988281
619.000000,300.000000,0.793945,1.000000,0.990234,0.953613,0.250977,0.994629
620.000000,300.000000,0.797852,0.000000,0.983887,0.957031,0.256836,0.995605
621.000000,300.000000,0.792969,1.000000,0.993652,0.960938,0.250977,0.990234
622.000000,300.000000,0.795898,1.000000,0.998535,0.956055,0.254883,0.987793
623.000000,300.000000,0.792480,1.000000,0.972656,0.956543,0.250000,0.993652
624.000000,300.000000,0.796387,1.000000,0.976562,0.959473,0.254883,0.994141
625.000000,300.000000,0.796387,1.000000,0.991699,0.956543,0.254883,0.986328
626.000000,300.000000,0.794922,1.000000,0.986328,0.957520,0.252930,0.988770
627.000000,300.000000,0.795898,1.000000,0.993652,0.953613,0.254883,0.990234
628.000000,300.000000,0.793457,1.000000,1.000000,0.955078,0.251953,0.990723
629.000000,300.000000,0.795898,1.000000,0.996582,0.958496,0.254883,0.994629
630.000000,300.000000,0.790527,1.000000,1.000000,0.959473,0.246094,0.986816
631.000000,300.000000,0.786621,1.000000,0.999512,0.956543,0.242188,0.995117
632.000000,300.000000,0.795410,1.000000,0.966309,0.960449,0.252930,0.992188
633.000000,300.000000,0.800293,1.000000,0.996582,0.959473,0.260742,0.992188
634.000000,300.000000,0.788574,0.000000,0.988281,0.958008,0.245117,0.985840
635.000000,300.000000,0.795898,1.000000,0.999512,0.958496,0.254883,0.990234
636.000000,300.000000,0.793457,1.000000,0.996582,0.957031,0.251953,0.994141
637.000000,300.000000,0.792480,1.000000,0.999023,0.958496,0.250000,0.992188
638.000000,300.000000,0.797852,1.000000,0.997070,0.959473,0.257812,0.994141
639.000000,300.000000,0.801758,1.000000,0.999023,0.957031,0.262695,0.986816
640.000000,300.000000,0.798340,1.000000,0.991699,0.958008,0.257812,0.995117
641.000000,300.000000,0.796387,1.000000,1.000000,0.959473,0.254883,0.992188
642.000000,300.000000,0.796875,1.000000,0.999023,0.956543,0.255859,0.992188
643.000000,300.000000,0.789062,1.000000,0.976562,0.958984,0.245117,0.992676
644.000000,300.000000,0.782227,1.000000,0.999023,0.959961,0.237305,0.981934
645.000000,300.000000,0.798340,1.000000,0.988281,0.958008,0.257812,0.993164
646.000000,300.000000,0.795898,1.000000,1.000000,0.953613,0.253906,0.994629
647.000000,300.000000,0.795410,1.000000,0.983887,0.958496,0.253906,0.994629
648.000000,300.000000,0.796875,1.000000,0.997070,0.960938,0.256836,0.994629
649.000000,300.000000,0.793945,1.000000,0.993652,0.961914,0.251953,0.987305
650.000000,300.000000,0.797852,1.000000,0.983887,0.960449,0.256836,0.987305
651.000000,300.000000,0.793457,1.000000,0.997070,0.963867,0.252930,0.993164
652.000000,300.000000,0.788086,1.000000,0.986328,0.961426,0.243164,0.988770
653.000000,300.000000,0.793945,1.000000,0.998535,0.960938,0.250977,0.988281
654.000000,300.000000,0.801270,1.000000,0.994629,0.957520,0.261719,0.992188
655.000000,300.000000,0.789551,1.000000,0.988281,0.955566,0.245117,0.992188
656.000000,300.000000,0.792480,1.000000,0.981934,0.958496,0.250000,0.995117
657.000000,300.000000,0.798828,1.000000,0.998535,0.962891,0.258789,0.993164
658.000000,300.000000,0.794434,1.000000,0.986328,0.958008,0.252930,0.987793
659.000000,300.000000,0.794922,1.000000,0.993652,0.961914,0.253906,0.990723
660.000000,300.000000,0.793945,0.000000,0.970215,0.961426,0.251953,0.987793
661.000000,300.000000,0.792480,1.000000,0.988281,0.958008,0.250000,0.991699
662.000000,300.000000,0.793945,1.000000,0.990234,0.957031,0.250977,0.995117
663.000000,300.000000,0.799805,1.000000,0.983887,0.958496,0.260742,0.987793
664.000000,300.000000,0.793945,1.000000,0.999512,0.956543,0.251953,0.994629
665.000000,300.000000,0.799805,1.000000,1.000000,0.956055,0.259766,0.994629
666.000000,300.000000,0.792969,1.000000,0.997070,0.957031,0.250977,0.987793
667.000000,300.000000,0.795410,1.000000,0.994629,0.957031,0.253906,0.994141
668.000000,300.000000,0.801758,1.000000,1.000000,0.956055,0.262695,0.990234
669.000000,300.000000,0.791504,1.000000,0.978516,0.958496,0.249023,0.993164
670.000000,300.000000,0.797363,1.000000,0.998535,0.956543,0.256836,0.990234
671.000000,300.000000,0.802246,1.000000,0.976562,0.958008,0.263672,0.994629
672.000000,300.000000,0.793945,1.000000,0.998535,0.956055,0.251953,0.995605
673.000000,300.000000,0.797852,1.000000,0.994629,0.956055,0.257812,0.994629
674.000000,300.000000,0.793457,1.000000,0.999023,0.958008,0.250977,0.994629
675.000000,300.000000,0.793945,0.000000,0.996582,0.958496,0.251953,0.994629
676.000000,300.000000,0.793457,1.000000,0.991699,0.959961,0.251953,0.993652
677.000000,300.000000,0.790527,1.000000,0.976562,0.955566,0.247070,0.990234
678.000000,300.000000,0.792969,0.000000,1.000000,0.960938,0.250000,0.995117
679.000000,300.000000,0.801758,0.000000,0.996582,0.956055,0.262695,0.993164
680.000000,300.000000,0.794922,1.000000,0.999023,0.958496,0.252930,0.989746
681.000000,300.000000,0.799805,1.000000,0.939941,0.955078,0.259766,0.992188
682.000000,300.000000,0.787598,1.000000,0.999512,0.956543,0.243164,0.988281
683.000000,300.000000,0.798828,1.000000,0.990234,0.957520,0.258789,0.985840
684.000000,300.000000,0.794434,1.000000,0.999023,0.957031,0.252930,0.991211
685.000000,300.000000,0.797852,1.000000,0.978516,0.958008,0.258789,0.992188
686.000000,300.000000,0.799316,1.000000,0.983887,0.953125,0.260742,0.990234
687.000000,300.000000,0.795410,1.000000,0.948730,0.959473,0.254883,0.993652
688.000000,300.000000,0.792480,1.000000,0.994629,0.955078,0.250000,0.994141
689.000000,300.000000,0.793945,1.000000,0.983887,0.959473,0.251953,0.994629
690.000000,300.000000,0.802246,1.000000,1.000000,0.958008,0.263672,0.996094
691.000000,300.000000,0.791504,1.000000,0.930664,0.960449,0.250000,0.987793
692.000000,300.000000,0.798828,1.000000,0.998535,0.958984,0.257812,0.994141
693.000000,300.000000,0.792969,1.000000,1.000000,0.956543,0.250000,0.992676
694.000000,300.000000,0.793945,1.000000,0.978516,0.953125,0.251953,0.989258
695.000000,300.000000,0.804688,1.000000,0.983887,0.957520,0.266602,0.996094
696.000000,300.000000,0.798340,1.000000,1.000000,0.955566,0.257812,0.989746
697.000000,300.000000,0.795410,1.000000,0.963867,0.948730,0.253906,0.984375
698.000000,300.000000,0.796387,1.000000,0.994629,0.953613,0.254883,0.988281
699.000000,300.000000,0.794434,1.000000,0.988281,0.956055,0.251953,0.995117
700.000000,300.000000,0.796387,1.000000,0.986328,0.960449,0.254883,0.993652
701.000000,300.000000,0.792969,0.000000,1.000000,0.958984,0.250977,0.991699
702.000000,300.000000,0.793457,1.000000,0.991699,0.954590,0.251953,0.988770
703.000000,300.000000,0.791992,1.000000,0.991699,0.955566,0.249023,0.994629
704.000000,300.000000,0.796387,1.000000,0.999512,0.961914,0.254883,0.986328
705.000000,300.000000,0.797852,1.000000,0.990234,0.958984,0.257812,0.995117
706.000000,300.000000,0.795898,1.000000,0.963867,0.954102,0.255859,0.989746
707.000000,300.000000,0.797363,1.000000,1.000000,0.954590,0.256836,0.994629
708.000000,300.000000,0.797852,1.000000,0.999023,0.953125,0.256836,0.980957
709.000000,300.000000,0.790527,1.000000,0.997070,0.956055,0.248047,0.994629
710.000000,300.000000,0.796875,1.000000,1.000000,0.958496,0.255859,0.991699
711.000000,300.000000,0.803223,1.000000,0.990234,0.960449,0.264648,0.995117
712.000000,300.000000,0.791992,1.000000,0.996582,0.963379,0.250000,0.994629
713.000000,300.000000,0.795898,1.000000,0.963867,0.958496,0.253906,0.992188
714.000000,300.000000,0.793945,1.000000,0.976562,0.954590,0.252930,0.994629
715.000000,300.000000,0.796875,1.000000,0.990234,0.958984,0.255859,0.992188
716.000000,300.000000,0.795410,1.000000,0.993652,0.959961,0.253906,0.994141
717.000000,300.000000,0.798828,1.000000,0.990234,0.961426,0.258789,0.994629
718.000000,300.000000,0.791992,1.000000,1.000000,0.958008,0.249023,0.988770
719.000000,300.000000,0.798340,1.000000,0.999023,0.961914,0.257812,0.986328
720.000000,300.000000,0.795410,1.000000,1.000000,0.958984,0.254883,0.994629
721.000000,300.000000,0.796875,1.000000,0.972656,0.955078,0.255859,0.994141
722.000000,300.000000,0.800781,1.000000,0.983887,0.961426,0.260742,0.994141
723.000000,300.000000,0.798340,1.000000,0.996582,0.954102,0.257812,0.992188
724.000000,300.000000,0.797852,1.000000,0.959473,0.956543,0.256836,0.993164
725.000000,300.000000,0.802246,1.000000,0.997070,0.957520,0.263672,0.990234
726.000000,300.000000,0.801758,1.000000,1.000000,0.958496,0.262695,0.995117
727.000000,300.000000,0.795898,1.000000,0.970215,0.962891,0.254883,0.989258
728.000000,300.000000,0.791016,1.000000,1.000000,0.953125,0.249023,0.986328
729.000000,300.000000,0.794922,1.000000,0.988281,0.955078,0.254883,0.990234
730.000000,300.000000,0.793457,1.000000,0.951660,0.956543,0.250977,0.995605
731.000000,300.000000,0.799805,1.000000,0.993652,0.957520,0.259766,0.995605
732.000000,300.000000,0.793457,1.000000,0.991699,0.962891,0.251953,0.994629
733.000000,300.000000,0.792969,1.000000,1.000000,0.958984,0.250977,0.993164
734.000000,300.000000,0.801270,1.000000,1.000000,0.958008,0.261719,0.990234
735.000000,300.000000,0.793945,1.000000,0.966309,0.958984,0.250977,0.988281
736.000000,300.000000,0.795898,1.000000,1.000000,0.954590,0.253906,0.991699
737.000000,300.000000,0.795898,1.000000,0.997070,0.957520,0.254883,0.992676
738.000000,300.000000,0.794434,1.000000,0.996582,0.960938,0.252930,0.995605
739.000000,300.000000,0.798340,1.000000,0.999023,0.956055,0.256836,0.994629
740.000000,300.000000,0.792969,1.000000,0.986328,0.958984,0.250000,0.991699
741.000000,300.000000,0.797852,1.000000,0.988281,0.955566,0.256836,0.993164
742.000000,300.000000,0.794434,1.000000,0.981934,0.954590,0.253906,0.990723
743.000000,300.000000,0.795410,1.000000,1.000000,0.957031,0.253906,0.987793
744.000000,300.000000,0.788574,1.000000,0.998535,0.953613,0.245117,0.989746
745.000000,300.000000,0.793945,1.000000,0.997070,0.960449,0.251953,0.992676
746.000000,300.000000,0.790039,1.000000,0.990234,0.959961,0.247070,0.985840
747.000000,300.000000,0.796387,1.000000,0.999512,0.957520,0.255859,0.994629
748.000000,300.000000,0.794434,1.000000,0.981934,0.954590,0.252930,0.986328
749.000000,300.000000,0.791992,1.000000,0.993652,0.958496,0.250977,0.990723
750.000000,300.000000,0.796387,0.000000,0.993652,0.962402,0.256836,0.990723
751.000000,300.000000,0.787109,1.000000,0.981934,0.959473,0.242188,0.993164
752.000000,300.000000,0.790527,1.000000,1.000000,0.959961,0.248047,0.993652
753.000000,300.000000,0.801758,1.000000,1.000000,0.963379,0.262695,0.994629
754.000000,300.000000,0.794434,0.000000,0.997070,0.956543,0.251953,0.991211
755.000000,300.000000,0.796875,1.000000,0.997070,0.958008,0.255859,0.994141
756.000000,300.000000,0.786621,1.000000,0.999512,0.959961,0.241211,0.990234
757.000000,300.000000,0.789062,1.000000,0.999023,0.958008,0.246094,0.987305
758.000000,300.000000,0.793457,1.000000,1.000000,0.958496,0.250000,0.990723
759.000000,300.000000,0.787598,1.000000,1.000000,0.960938,0.244141,0.992676
760.000000,300.000000,0.796875,1.000000,0.997070,0.958496,0.255859,0.995117
761.000000,300.000000,0.802734,1.000000,0.999512,0.959961,0.264648,0.988281
762.000000,300.000000,0.798340,1.000000,0.997070,0.958008,0.257812,0.994141
763.000000,300.000000,0.797852,1.000000,0.991699,0.950195,0.256836,0.992676
764.000000,300.000000,0.794434,1.000000,0.994629,0.957520,0.251953,0.994629
765.000000,300.000000,0.789062,0.000000,0.983887,0.958496,0.245117,0.990723
766.000000,300.000000,0.801270,1.000000,0.988281,0.961426,0.262695,0.995605
767.000000,300.000000,0.792969,1.000000,0.990234,0.951172,0.251953,0.994629
768.000000,300.000000,0.796875,1.000000,0.998535,0.963379,0.255859,0.992676
769.000000,300.000000,0.794434,1.000000,0.990234,0.956543,0.251953,0.986816
770.000000,300.000000,0.786621,1.000000,0.994629,0.954102,0.243164,0.991211
771.000000,300.000000,0.796875,1.000000,0.994629,0.957520,0.255859,0.995117
772.000000,300.000000,0.795898,0.000000,0.983887,0.957031,0.254883,0.995117
773.000000,300.000000,0.798828,1.000000,0.999023,0.958496,0.257812,0.994141
774.000000,300.000000,0.799316,1.000000,0.988281,0.956543,0.258789,0.994141
775.000000,300.000000,0.797363,1.000000,0.972656,0.959473,0.256836,0.993652
776.000000,300.000000,0.797852,1.000000,0.993652,0.958984,0.257812,0.991699
777.000000,300.000000,0.794434,1.000000,0.988281,0.958008,0.252930,0.994141
778.000000,300.000000,0.798340,1.000000,0.993652,0.955078,0.257812,0.995117
779.000000,300.000000,0.791016,1.000000,0.986328,0.956543,0.248047,0.990723
780.000000,300.000000,0.799316,1.000000,1.000000,0.955566,0.259766,0.994141
781.000000,300.000000,0.793457,1.000000,0.976562,0.957031,0.251953,0.994629
782.000000,300.000000,0.794922,1.000000,0.991699,0.956055,0.253906,0.992676
783.000000,300.000000,0.792969,1.000000,0.986328,0.959961,0.250977,0.991211
784.000000,300.000000,0.795410,1.000000,0.983887,0.956055,0.253906,0.974121
785.000000,300.000000,0.791992,1.000000,1.000000,0.960449,0.249023,0.994629
786.000000,300.000000,0.793457,1.000000,0.998535,0.960449,0.251953,0.987305
787.000000,300.000000,0.794922,1.000000,0.996582,0.959473,0.253906,0.997070
788.000000,300.000000,0.794922,1.000000,0.996582,0.959961,0.252930,0.993164
789.000000,300.000000,0.792969,1.000000,0.999023,0.959961,0.250977,0.995117
790.000000,300.000000,0.795410,1.000000,0.999512,0.958496,0.252930,0.995117
791.000000,300.000000,0.795410,1.000000,0.981934,0.959961,0.252930,0.993652
792.000000,300.000000,0.790527,1.000000,1.000000,0.958984,0.247070,0.995117
793.000000,300.000000,0.798828,1.000000,0.976562,0.960449,0.258789,0.994141
794.000000,300.000000,0.792480,0.000000,0.983887,0.954102,0.250977,0.994629
795.000000,300.000000,0.798340,1.000000,0.978516,0.956055,0.257812,0.994141
796.000000,300.000000,0.798828,0.000000,1.000000,0.958496,0.259766,0.993164
797.000000,300.000000,0.799805,1.000000,0.999023,0.958496,0.259766,0.987793
798.000000,300.000000,0.795898,1.000000,0.998535,0.961914,0.254883,0.991211
799.000000,300.000000,0.791504,1.000000,1.000000,0.958984,0.249023,0.992676
800.000000,300.000000,0.791016,1.000000,0.983887,0.960938,0.248047,0.992188
801.000000,300.000000,0.793945,0.000000,0.981934,0.958496,0.252930,0.994141
802.000000,300.000000,0.802734,1.000000,0.997070,0.958984,0.264648,0.989746
803.000000,300.000000,0.794434,1.000000,0.999512,0.954102,0.253906,0.989258
804.000000,300.000000,0.793457,1.000000,0.970215,0.960938,0.251953,0.993652
805.000000,300.000000,0.795410,1.000000,0.999512,0.959961,0.253906,0.992188
806.000000,300.000000,0.791016,1.000000,0.998535,0.961426,0.249023,0.995605
807.000000,300.000000,0.793945,1.000000,0.988281,0.954590,0.251953,0.982910
808.000000,300.000000,0.797852,1.000000,0.999512,0.958984,0.257812,0.992676
809.000000,300.000000,0.800781,1.000000,0.997070,0.959473,0.261719,0.994629
810.000000,300.000000,0.797852,1.000000,0.986328,0.951660,0.256836,0.991699
811.000000,300.000000,0.800293,1.000000,0.999023,0.959961,0.259766,0.994629
812.000000,300.000000,0.792480,1.000000,0.981934,0.952637,0.250000,0.993652
813.000000,300.000000,0.797363,1.000000,1.000000,0.959961,0.255859,0.995117
814.000000,300.000000,0.791504,1.000000,0.991699,0.961426,0.250000,0.991211
815.000000,300.000000,0.793945,1.000000,0.997070,0.959473,0.251953,0.992676
816.000000,300.000000,0.794922,1.000000,0.996582,0.955078,0.252930,0.994629
817.000000,300.000000,0.800781,1.000000,0.993652,0.958984,0.261719,0.994629
818.000000,300.000000,0.791504,1.000000,0.999023,0.955078,0.249023,0.992188
819.000000,300.000000,0.795410,1.000000,0.991699,0.957520,0.254883,0.987793
820.000000,300.000000,0.795898,1.000000,0.981934,0.958984,0.253906,0.990723
821.000000,300.000000,0.793457,1.000000,0.986328,0.958984,0.250977,0.991211
822.000000,300.000000,0.794922,1.000000,0.986328,0.954590,0.253906,0.988770
823.000000,300.000000,0.796387,1.000000,0.997070,0.958008,0.255859,0.994629
824.000000,300.000000,0.788086,1.000000,0.963867,0.956055,0.244141,0.992676
825.000000,300.000000,0.797852,1.000000,1.000000,0.957031,0.256836,0.992188
826.000000,300.000000,0.797852,1.000000,0.993652,0.951172,0.257812,0.991211
827.000000,300.000000,0.793945,1.000000,0.981934,0.958496,0.250977,0.991699
828.000000,300.000000,0.795410,1.000000,1.000000,0.959961,0.254883,0.992676
829.000000,300.000000,0.794434,1.000000,0.991699,0.956543,0.252930,0.991211
830.000000,300.000000,0.791016,1.000000,0.998535,0.960938,0.248047,0.992676
831.000000,300.000000,0.799316,1.000000,0.959473,0.959961,0.258789,0.990234
832.000000,300.000000,0.791992,1.000000,0.997070,0.955566,0.250000,0.993652
833.000000,300.000000,0.796387,1.000000,0.999023,0.960449,0.254883,0.991211
834.000000,300.000000,0.792480,1.000000,0.990234,0.959961,0.249023,0.994629
835.000000,300.000000,0.794434,1.000000,0.986328,0.957031,0.251953,0.992188
836.000000,300.000000,0.791992,1.000000,0.997070,0.959473,0.249023,0.993652
837.000000,300.000000,0.791504,1.000000,0.956543,0.958984,0.249023,0.990723
838.000000,300.000000,0.797852,1.000000,0.993652,0.959473,0.256836,0.989746
839.000000,300.000000,0.795898,1.000000,0.996582,0.962891,0.253906,0.994141
840.000000,300.000000,0.793945,1.000000,0.990234,0.957031,0.250977,0.994629
841.000000,300.000000,0.795898,1.000000,0.972656,0.956543,0.254883,0.993652
842.000000,300.000000,0.793945,1.000000,0.993652,0.959473,0.252930,0.992676
843.000000,300.000000,0.791504,1.000000,0.990234,0.959961,0.248047,0.984375
844.000000,300.000000,0.798340,0.000000,0.999023,0.958496,0.256836,0.990234
845.000000,300.000000,0.794434,1.000000,1.000000,0.955566,0.252930,0.993164
846.000000,300.000000,0.800781,1.000000,0.996582,0.954102,0.261719,0.995605
847.000000,300.000000,0.800781,1.000000,0.999512,0.957520,0.261719,0.994141
848.000000,300.000000,0.800293,1.000000,1.000000,0.957520,0.260742,0.993652
849.000000,300.000000,0.798828,1.000000,1.000000,0.962402,0.257812,0.994629
850.000000,300.000000,0.788086,1.000000,0.959473,0.958008,0.245117,0.989746
851.000000,300.000000,0.790527,1.000000,0.978516,0.962891,0.248047,0.985840
852.000000,300.000000,0.801758,1.000000,0.998535,0.956543,0.261719,0.994141
853.000000,300.000000,0.799805,1.000000,0.993652,0.956543,0.259766,0.991211
854.000000,300.000000,0.798340,1.000000,0.972656,0.958008,0.258789,0.989746
855.000000,300.000000,0.799805,1.000000,1.000000,0.959473,0.259766,0.976074
856.000000,300.000000,0.797852,1.000000,0.994629,0.959961,0.256836,0.984375
857.000000,300.000000,0.800293,1.000000,1.000000,0.963867,0.260742,0.994629
858.000000,300.000000,0.796387,1.000000,0.966309,0.954590,0.255859,0.994629
859.000000,300.000000,0.792480,1.000000,0.951660,0.961914,0.250000,0.992676
860.000000,300.000000,0.794434,1.000000,0.998535,0.953613,0.252930,0.990723
861.000000,300.000000,0.799805,1.000000,0.999023,0.957031,0.259766,0.994629
862.000000,300.000000,0.797363,1.000000,0.978516,0.954102,0.255859,0.992676
863.000000,300.000000,0.795898,1.000000,0.999023,0.960449,0.255859,0.993164
864.000000,300.000000,0.801758,1.000000,0.978516,0.956055,0.262695,0.993652
865.000000,300.000000,0.795410,1.000000,0.998535,0.955566,0.252930,0.995605
866.000000,300.000000,0.795898,1.000000,0.948730,0.956543,0.254883,0.994629
867.000000,300.000000,0.797363,1.000000,0.997070,0.958008,0.256836,0.989746
868.000000,300.000000,0.794434,1.000000,0.990234,0.962402,0.251953,0.993164
869.000000,300.000000,0.800293,1.000000,0.986328,0.962891,0.260742,0.990723
870.000000,300.000000,0.796875,1.000000,0.990234,0.955078,0.255859,0.991699
871.000000,300.000000,0.796875,1.000000,0.993652,0.962402,0.256836,0.995117
872.000000,300.000000,0.799316,1.000000,1.000000,0.958496,0.258789,0.986328
873.000000,300.000000,0.798828,1.000000,0.994629,0.957031,0.258789,0.992676
874.000000,300.000000,0.791504,1.000000,0.986328,0.957031,0.249023,0.991699
875.000000,300.000000,0.793457,1.000000,0.999023,0.958984,0.251953,0.993652
876.000000,300.000000,0.794922,1.000000,0.988281,0.957520,0.254883,0.987305
877.000000,300.000000,0.797363,1.000000,0.948730,0.960938,0.256836,0.996094
878.000000,300.000000,0.791992,1.000000,0.997070,0.957031,0.250000,0.981934
879.000000,300.000000,0.798340,1.000000,0.999023,0.958496,0.257812,0.994141
880.000000,300.000000,0.795898,1.000000,0.978516,0.957031,0.254883,0.994629
881.000000,300.000000,0.801270,1.000000,1.000000,0.958984,0.262695,0.990723
882.000000,300.000000,0.796387,1.000000,1.000000,0.960938,0.255859,0.991699
883.000000,300.000000,0.798828,1.000000,1.000000,0.960938,0.257812,0.994629
884.000000,300.000000,0.797852,1.000000,0.997070,0.952637,0.256836,0.994141
885.000000,300.000000,0.792480,1.000000,0.997070,0.960449,0.250000,0.990234
886.000000,300.000000,0.794434,1.000000,1.000000,0.958496,0.252930,0.994141
887.000000,300.000000,0.793457,1.000000,0.972656,0.958008,0.251953,0.993652
888.000000,300.000000,0.798340,1.000000,0.994629,0.957520,0.257812,0.994141
889.000000,300.000000,0.795898,1.000000,0.994629,0.957520,0.253906,0.992676
890.000000,300.000000,0.793945,1.000000,0.986328,0.958984,0.252930,0.987793
891.000000,300.000000,0.796387,1.000000,0.994629,0.957520,0.254883,0.989746
892.000000,300.000000,0.791504,1.000000,0.999512,0.951660,0.248047,0.985352
893.000000,300.000000,0.796875,1.000000,1.000000,0.958496,0.255859,0.994141
894.000000,300.000000,0.791016,1.000000,0.999512,0.961426,0.247070,0.993164
895.000000,300.000000,0.796875,0.000000,0.972656,0.955566,0.255859,0.995117
896.000000,300.000000,0.798828,1.000000,0.978516,0.960449,0.258789,0.990234
897.000000,300.000000,0.794922,1.000000,1.000000,0.961426,0.252930,0.994629
898.000000,300.000000,0.798828,0.000000,0.948730,0.960938,0.260742,0.985840
899.000000,300.000000,0.795410,0.000000,0.996582,0.956055,0.253906,0.994141
900.000000,300.000000,0.789062,1.000000,1.000000,0.959473,0.247070,0.992676
901.000000,300.000000,0.788574,1.000000,0.999512,0.960938,0.247070,0.987793
902.000000,300.000000,0.794922,1.000000,1.000000,0.955078,0.252930,0.990723
903.000000,300.000000,0.803223,1.000000,1.000000,0.958008,0.264648,0.989746
904.000000,300.000000,0.797363,0.000000,0.993652,0.958496,0.256836,0.992188
905.000000,300.000000,0.801270,1.000000,0.988281,0.959961,0.262695,0.996094
906.000000,300.000000,0.795898,1.000000,0.983887,0.957520,0.253906,0.990234
907.000000,300.000000,0.798828,1.000000,0.999512,0.958984,0.257812,0.992188
908.000000,300.000000,0.796387,1.000000,0.996582,0.961914,0.255859,0.994629
909.000000,300.000000,0.798828,1.000000,0.997070,0.959473,0.258789,0.990723
910.000000,300.000000,0.794922,1.000000,0.994629,0.959961,0.252930,0.994141
911.000000,300.000000,0.791016,1.000000,0.999023,0.959961,0.247070,0.991699
912.000000,300.000000,0.800293,1.000000,0.983887,0.954590,0.260742,0.994141
913.000000,300.000000,0.798340,1.000000,0.948730,0.959473,0.257812,0.992676
914.000000,300.000000,0.795898,1.000000,0.999512,0.958008,0.254883,0.987793
915.000000,300.000000,0.796875,1.000000,0.998535,0.960449,0.256836,0.991699
916.000000,300.000000,0.795410,1.000000,0.996582,0.958496,0.253906,0.995117
917.000000,300.000000,0.790527,1.000000,0.972656,0.956055,0.248047,0.991211
918.000000,300.000000,0.797852,1.000000,0.990234,0.957520,0.256836,0.994141
919.000000,300.000000,0.793945,0.000000,0.999023,0.960449,0.251953,0.994629
920.000000,300.000000,0.796387,1.000000,0.972656,0.961914,0.254883,0.994629
921.000000,300.000000,0.795898,1.000000,0.999512,0.957520,0.254883,0.991211
922.000000,300.000000,0.796875,1.000000,0.994629,0.959473,0.256836,0.994629
923.000000,300.000000,0.797852,1.000000,0.999512,0.953613,0.257812,0.989746
924.000000,300.000000,0.793945,0.000000,0.999512,0.955566,0.252930,0.986328
925.000000,300.000000,0.793945,1.000000,0.999023,0.959961,0.251953,0.987305
926.000000,300.000000,0.794434,1.000000,0.988281,0.958984,0.252930,0.993164
927.000000,300.000000,0.791016,1.000000,1.000000,0.953125,0.248047,0.991211
928.000000,300.000000,0.797363,1.000000,1.000000,0.955078,0.256836,0.985352
929.000000,300.000000,0.789551,1.000000,0.993652,0.960449,0.248047,0.992188
930.000000,300.000000,0.791992,1.000000,0.996582,0.958984,0.250000,0.994141
931.000000,300.000000,0.798828,1.000000,0.981934,0.953613,0.258789,0.996582
932.000000,300.000000,0.792969,1.000000,0.999023,0.959961,0.250977,0.980469
933.000000,300.000000,0.793945,0.000000,0.990234,0.957031,0.251953,0.995605
934.000000,300.000000,0.799805,1.000000,0.983887,0.957520,0.259766,0.993164
935.000000,300.000000,0.792480,1.000000,0.981934,0.957520,0.250977,0.988281
936.000000,300.000000,0.792969,1.000000,0.999512,0.960449,0.250000,0.995605
937.000000,300.000000,0.794922,0.000000,1.000000,0.958496,0.252930,0.987793
938.000000,300.000000,0.788086,1.000000,0.976562,0.957520,0.244141,0.990234
939.000000,300.000000,0.795898,1.000000,0.996582,0.961426,0.254883,0.988281
940.000000,300.000000,0.791016,1.000000,0.986328,0.953125,0.248047,0.994629
941.000000,300.000000,0.794922,1.000000,0.991699,0.958008,0.253906,0.994629
942.000000,300.000000,0.794922,1.000000,0.988281,0.958496,0.253906,0.995117
943.000000,300.000000,0.793945,1.000000,0.993652,0.960449,0.251953,0.994141
944.000000,300.000000,0.802734,0.000000,0.993652,0.956055,0.263672,0.994141
945.000000,300.000000,0.795410,0.000000,0.988281,0.959961,0.254883,0.990723
946.000000,300.000000,0.799805,1.000000,0.996582,0.958496,0.259766,0.994141
947.000000,300.000000,0.787109,0.000000,1.000000,0.960938,0.244141,0.986816
948.000000,300.000000,0.794922,1.000000,0.990234,0.957031,0.252930,0.988281
949.000000,300.000000,0.794922,1.000000,0.996582,0.958496,0.252930,0.992188
950.000000,300.000000,0.802246,1.000000,0.972656,0.956055,0.263672,0.994629
951.000000,300.000000,0.792969,1.000000,0.990234,0.958984,0.250977,0.992676
952.000000,300.000000,0.791504,1.000000,1.000000,0.958984,0.248047,0.988770
953.000000,300.000000,0.792969,1.000000,0.997070,0.956055,0.250977,0.994141
954.000000,300.000000,0.798828,1.000000,0.998535,0.959473,0.258789,0.984375
955.000000,300.000000,0.795410,1.000000,0.988281,0.958984,0.253906,0.994629
956.000000,300.000000,0.795898,1.000000,0.993652,0.959473,0.253906,0.994629
957.000000,300.000000,0.791992,1.000000,0.993652,0.960938,0.250000,0.994141
958.000000,300.000000,0.798340,1.000000,0.991699,0.953125,0.257812,0.994141
959.000000,300.000000,0.796387,1.000000,1.000000,0.957520,0.255859,0.994141
960.000000,300.000000,0.794434,1.000000,0.983887,0.949707,0.253906,0.984375
961.000000,300.000000,0.791016,1.000000,0.972656,0.957520,0.248047,0.993652
962.000000,300.000000,0.795898,1.000000,0.991699,0.956543,0.254883,0.994629
963.000000,300.000000,0.795410,1.000000,0.988281,0.958008,0.253906,0.992188
964.000000,300.000000,0.791992,1.000000,0.997070,0.957520,0.250000,0.991211
965.000000,300.000000,0.785645,1.000000,0.999023,0.954590,0.241211,0.990234
966.000000,300.000000,0.786133,1.000000,0.998535,0.955566,0.243164,0.985352
967.000000,300.000000,0.792969,1.000000,0.993652,0.956543,0.250000,0.989258
968.000000,300.000000,0.790039,1.000000,0.983887,0.955566,0.248047,0.991211
969.000000,300.000000,0.800781,1.000000,0.999023,0.958984,0.261719,0.994141
970.000000,300.000000,0.793945,1.000000,0.991699,0.959961,0.251953,0.995117
971.000000,300.000000,0.797852,1.000000,0.994629,0.958008,0.258789,0.995117
972.000000,300.000000,0.791504,1.000000,0.998535,0.956543,0.250000,0.993652
973.000000,300.000000,0.789551,1.000000,0.999023,0.955566,0.246094,0.991211
974.000000,300.000000,0.796875,1.000000,0.981934,0.955566,0.255859,0.992676
975.000000,300.000000,0.791992,1.000000,0.996582,0.961426,0.249023,0.994629
976.000000,300.000000,0.793945,1.000000,0.991699,0.951660,0.251953,0.994629
977.000000,300.000000,0.796387,1.000000,0.998535,0.958496,0.254883,0.987305
978.000000,300.000000,0.796875,1.000000,0.991699,0.956543,0.256836,0.994141
979.000000,300.000000,0.795898,1.000000,1.000000,0.958496,0.253906,0.985352
980.000000,300.000000,0.795410,1.000000,0.994629,0.962402,0.254883,0.991699
981.000000,300.000000,0.794922,1.000000,0.999023,0.958008,0.252930,0.990723
982.000000,300.000000,0.792969,1.000000,0.963867,0.958984,0.250977,0.994629
983.000000,300.000000,0.796875,1.000000,0.924805,0.956543,0.255859,0.990234
984.000000,300.000000,0.792969,1.000000,1.000000,0.955078,0.251953,0.992676
985.000000,300.000000,0.795410,1.000000,1.000000,0.961426,0.252930,0.992188
986.000000,300.000000,0.797852,1.000000,0.983887,0.960938,0.257812,0.983887
987.000000,300.000000,0.795410,1.000000,0.988281,0.955078,0.253906,0.987793
988.000000,300.000000,0.801270,1.000000,1.000000,0.960449,0.261719,0.991699
989.000000,300.000000,0.792969,1.000000,0.999512,0.957031,0.250977,0.993652
990.000000,300.000000,0.802246,1.000000,0.993652,0.960449,0.263672,0.995605
991.000000,300.000000,0.787598,1.000000,0.999023,0.958984,0.244141,0.990234
992.000000,300.000000,0.796387,1.000000,0.996582,0.957520,0.255859,0.995117
993.000000,300.000000,0.795898,1.000000,0.998535,0.958984,0.253906,0.995117
994.000000,300.000000,0.800293,1.000000,0.997070,0.954590,0.259766,0.995117
995.000000,300.000000,0.795410,1.000000,0.990234,0.961426,0.253906,0.986816
996.000000,300.000000,0.800781,1.000000,0.996582,0.959473,0.260742,0.996094
997.000000,300.000000,0.797363,1.000000,0.998535,0.961426,0.255859,0.995605
998.000000,300.000000,0.797363,1.000000,0.999512,0.962402,0.257812,0.994629
999.000000,300.000000,0.792969,1.000000,0.970215,0.957520,0.250977,0.994141
1000.000000,300.000000,0.793457,1.000000,0.988281,0.960449,0.251953,0.995605
1.000000,600.000000,0.870117,1.000000,0.999023,0.967773,0.441406,0.993164
2.000000,600.000000,0.873047,1.000000,0.999023,0.962891,0.450195,0.993164
3.000000,600.000000,0.870605,1.000000,0.998535,0.965332,0.443359,0.993652
4.000000,600.000000,0.867676,1.000000,0.993652,0.965820,0.437500,0.986816
5.000000,600.000000,0.867676,1.000000,0.998535,0.963867,0.436523,0.988770
6.000000,600.000000,0.869141,1.000000,0.998047,0.967773,0.439453,0.992188
7.000000,600.000000,0.868652,1.000000,0.993652,0.965820,0.440430,0.994141
8.000000,600.000000,0.870605,1.000000,0.994629,0.962891,0.441406,0.983887
9.000000,600.000000,0.869141,1.000000,0.999512,0.967285,0.439453,0.990234
10.000000,600.000000,0.867676,1.000000,1.000000,0.963379,0.436523,0.988770
11.000000,600.000000,0.865723,0.000000,0.999023,0.962891,0.429688,0.993164
12.000000,600.000000,0.868652,1.000000,0.998535,0.967773,0.438477,0.993164
13.000000,600.000000,0.872559,1.000000,0.993652,0.961426,0.450195,0.991211
14.000000,600.000000,0.869629,1.000000,0.999512,0.969238,0.440430,0.981934
15.000000,600.000000,0.870117,1.000000,1.000000,0.964355,0.444336,0.981934
16.000000,600.000000,0.867676,1.000000,0.992188,0.966309,0.433594,0.987793
17.000000,600.000000,0.870605,1.000000,0.995117,0.966797,0.441406,0.991699
18.000000,600.000000,0.864258,1.000000,0.996582,0.965820,0.430664,0.989746
19.000000,600.000000,0.863770,1.000000,0.988770,0.964844,0.426758,0.992676
20.000000,600.000000,0.864746,1.000000,0.980957,0.968750,0.429688,0.993164
21.000000,600.000000,0.872559,1.000000,0.984375,0.960938,0.447266,0.992188
22.000000,600.000000,0.868652,1.000000,1.000000,0.964844,0.440430,0.990723
23.000000,600.000000,0.868652,1.000000,0.999023,0.965820,0.438477,0.992676
24.000000,600.000000,0.872070,1.000000,0.999512,0.962402,0.448242,0.985352
25.000000,600.000000,0.872559,1.000000,0.969727,0.966309,0.446289,0.987305
26.000000,600.000000,0.871094,1.000000,0.999512,0.963867,0.445312,0.983398
27.000000,600.000000,0.870605,1.000000,1.000000,0.963867,0.442383,0.982910
28.000000,600.000000,0.868164,1.000000,1.000000,0.966797,0.435547,0.985352
29.000000,600.000000,0.874512,1.000000,0.996094,0.964355,0.452148,0.992676
30.000000,600.000000,0.869141,1.000000,0.997070,0.965820,0.439453,0.993164
31.000000,600.000000,0.869629,1.000000,0.997070,0.964844,0.440430,0.991699
32.000000,600.000000,0.872070,1.000000,1.000000,0.965332,0.446289,0.989746
33.000000,600.000000,0.868652,0.000000,0.966309,0.962402,0.437500,0.991699
34.000000,600.000000,0.869629,1.000000,0.999023,0.963379,0.441406,0.989746
35.000000,600.000000,0.869629,1.000000,0.986328,0.964355,0.439453,0.988770
36.000000,600.000000,0.869141,1.000000,0.996582,0.964844,0.438477,0.993164
37.000000,600.000000,0.875000,1.000000,0.999512,0.963379,0.450195,0.988281
38.000000,600.000000,0.862305,1.000000,0.999512,0.964844,0.422852,0.990723
39.000000,600.000000,0.870117,1.000000,0.999023,0.964844,0.443359,0.992676
40.000000,600.000000,0.873047,1.000000,1.000000,0.967773,0.449219,0.987793
41.000000,600.000000,0.871094,1.000000,0.991699,0.964844,0.444336,0.992676
42.000000,600.000000,0.869141,1.000000,0.999023,0.968750,0.437500,0.992676
43.000000,600.000000,0.872559,0.000000,0.980957,0.966797,0.448242,0.987305
44.000000,600.000000,0.869629,1.000000,1.000000,0.965332,0.440430,0.983887
45.000000,600.000000,0.871094,1.000000,0.996094,0.966309,0.444336,0.988770
46.000000,600.000000,0.866211,1.000000,0.998047,0.965820,0.431641,0.988281
47.000000,600.000000,0.866211,1.000000,1.000000,0.963867,0.433594,0.991699
48.000000,600.000000,0.874023,1.000000,1.000000,0.968262,0.453125,0.992188
49.000000,600.000000,0.869629,1.000000,1.000000,0.964355,0.440430,0.987793
50.000000,600.000000,0.868164,1.000000,1.000000,0.962402,0.435547,0.991699
51.000000,600.000000,0.870605,1.000000,0.997559,0.962891,0.442383,0.992188
52.000000,600.000000,0.871094,1.000000,1.000000,0.962402,0.442383,0.992676
53.000000,600.000000,0.871094,0.000000,0.995117,0.966797,0.444336,0.985352
54.000000,600.000000,0.864258,1.000000,0.999023,0.966797,0.427734,0.987793
55.000000,600.000000,0.873047,1.000000,1.000000,0.968750,0.449219,0.987793
56.000000,600.000000,0.873535,1.000000,0.999512,0.965332,0.449219,0.992188
57.000000,600.000000,0.865723,1.000000,0.999023,0.965332,0.431641,0.988281
58.000000,600.000000,0.873047,1.000000,0.992188,0.966797,0.451172,0.992188
59.000000,600.000000,0.870605,1.000000,0.995117,0.968262,0.443359,0.993164
60.000000,600.000000,0.865723,1.000000,0.999512,0.967285,0.431641,0.991699
61.000000,600.000000,0.866211,1.000000,0.999512,0.964844,0.433594,0.989746
62.000000,600.000000,0.872070,1.000000,0.993652,0.961426,0.446289,0.983398
63.000000,600.000000,0.870605,1.000000,1.000000,0.965820,0.444336,0.985840
64.000000,600.000000,0.873535,1.000000,1.000000,0.967285,0.450195,0.992676
65.000000,600.000000,0.871582,1.000000,1.000000,0.963867,0.442383,0.993652
66.000000,600.000000,0.870605,1.000000,0.972656,0.968262,0.442383,0.985840
67.000000,600.000000,0.870605,1.000000,0.996582,0.965820,0.442383,0.989258
68.000000,600.000000,0.868164,1.000000,0.999023,0.967773,0.441406,0.990234
69.000000,600.000000,0.870117,1.000000,0.996582,0.964355,0.441406,0.992676
70.000000,600.000000,0.874023,1.000000,0.995117,0.964355,0.452148,0.993164
71.000000,600.000000,0.878906,1.000000,0.998535,0.964355,0.463867,0.990723
72.000000,600.000000,0.871582,0.000000,1.000000,0.967773,0.444336,0.989746
73.000000,600.000000,0.871582,1.000000,0.988770,0.962891,0.449219,0.988770
74.000000,600.000000,0.866211,1.000000,0.991699,0.961914,0.432617,0.992676
75.000000,600.000000,0.878418,1.000000,0.997559,0.964844,0.459961,0.993164
76.000000,600.000000,0.863281,1.000000,0.999512,0.963379,0.428711,0.991211
77.000000,600.000000,0.866211,1.000000,1.000000,0.965332,0.432617,0.988770
78.000000,600.000000,0.870117,0.000000,0.983887,0.964844,0.443359,0.991699
79.000000,600.000000,0.875488,1.000000,1.000000,0.967773,0.455078,0.991699
80.000000,600.000000,0.871582,1.000000,0.998047,0.968262,0.444336,0.992676
81.000000,600.000000,0.874023,1.000000,0.998535,0.964355,0.450195,0.986328
82.000000,600.000000,0.870605,1.000000,0.999512,0.964844,0.444336,0.993652
83.000000,600.000000,0.874023,1.000000,0.996094,0.966797,0.451172,0.986328
84.000000,600.000000,0.869141,1.000000,0.993652,0.966309,0.439453,0.991211
85.000000,600.000000,0.869629,1.000000,1.000000,0.964355,0.440430,0.992676
86.000000,600.000000,0.872559,1.000000,0.995117,0.964355,0.448242,0.988770
87.000000,600.000000,0.875488,1.000000,0.999023,0.966309,0.455078,0.993652
88.000000,600.000000,0.871582,1.000000,0.969727,0.966309,0.445312,0.983887
89.000000,600.000000,0.869629,1.000000,0.997559,0.965332,0.441406,0.993164
90.000000,600.000000,0.870605,1.000000,0.976562,0.966797,0.445312,0.988281
91.000000,600.000000,0.872070,1.000000,0.999512,0.965820,0.446289,0.993164
92.000000,600.000000,0.873535,1.000000,0.999023,0.968262,0.452148,0.988281
93.000000,600.000000,0.870605,1.000000,1.000000,0.966309,0.442383,0.993164
94.000000,600.000000,0.864258,0.000000,1.000000,0.966797,0.432617,0.992188
95.000000,600.000000,0.870117,1.000000,1.000000,0.968262,0.440430,0.984375
96.000000,600.000000,0.876465,1.000000,0.996094,0.962891,0.458984,0.987305
97.000000,600.000000,0.877441,1.000000,0.995117,0.967773,0.462891,0.986328
98.000000,600.000000,0.867188,1.000000,1.000000,0.967773,0.433594,0.987305
99.000000,600.000000,0.866699,1.000000,0.998047,0.968262,0.433594,0.993164
100.000000,600.000000,0.869141,0.000000,0.991699,0.962891,0.436523,0.992676
101.000000,600.000000,0.870117,1.000000,0.993652,0.966309,0.444336,0.991699
102.000000,600.000000,0.870117,1.000000,0.999023,0.960449,0.441406,0.985840
103.000000,600.000000,0.871094,0.000000,0.996094,0.966797,0.444336,0.984375
104.000000,600.000000,0.871582,1.000000,0.997559,0.967285,0.447266,0.983398
105.000000,600.000000,0.874512,1.000000,0.993652,0.966309,0.453125,0.990723
106.000000,600.000000,0.873047,1.000000,0.999512,0.966797,0.449219,0.990234
107.000000,600.000000,0.872559,1.000000,0.998535,0.962402,0.449219,0.992188
108.000000,600.000000,0.867676,1.000000,0.999023,0.967285,0.434570,0.987793
109.000000,600.000000,0.878906,1.000000,0.996582,0.962402,0.461914,0.992188
110.000000,600.000000,0.865723,1.000000,0.996094,0.966797,0.432617,0.988281
111.000000,600.000000,0.875000,1.000000,0.993652,0.966309,0.451172,0.991211
112.000000,600.000000,0.875488,1.000000,0.999023,0.962891,0.456055,0.990723
113.000000,600.000000,0.868652,1.000000,0.999512,0.967773,0.435547,0.993652
114.000000,600.000000,0.866211,1.000000,0.993652,0.966797,0.432617,0.988281
115.000000,600.000000,0.867188,1.000000,0.998535,0.964355,0.433594,0.992676
116.000000,600.000000,0.875977,1.000000,1.000000,0.963867,0.457031,0.992676
117.000000,600.000000,0.869629,1.000000,0.999023,0.967285,0.440430,0.988770
118.000000,600.000000,0.875000,1.000000,1.000000,0.967285,0.456055,0.991211
119.000000,600.000000,0.874023,1.000000,1.000000,0.968262,0.450195,0.992676
120.000000,600.000000,0.871582,1.000000,0.990234,0.964355,0.445312,0.992676
121.000000,600.000000,0.869141,1.000000,0.996582,0.965332,0.440430,0.993164
122.000000,600.000000,0.867676,1.000000,1.000000,0.966309,0.433594,0.993164
123.000000,600.000000,0.874023,1.000000,0.998047,0.965820,0.451172,0.989746
124.000000,600.000000,0.875000,1.000000,0.996582,0.962891,0.453125,0.990723
125.000000,600.000000,0.871582,1.000000,0.999512,0.966309,0.444336,0.990723
126.000000,600.000000,0.869141,1.000000,0.999023,0.967285,0.439453,0.985840
127.000000,600.000000,0.871582,1.000000,0.999512,0.964355,0.444336,0.987305
128.000000,600.000000,0.870605,1.000000,1.000000,0.962402,0.440430,0.989746
129.000000,600.000000,0.874023,1.000000,1.000000,0.970215,0.449219,0.988281
130.000000,600.000000,0.871582,0.000000,0.978516,0.967285,0.444336,0.982422
131.000000,600.000000,0.868652,1.000000,0.991699,0.964844,0.440430,0.988770
132.000000,600.000000,0.875000,1.000000,0.990234,0.966309,0.452148,0.993164
133.000000,600.000000,0.870605,1.000000,1.000000,0.966797,0.442383,0.987305
134.000000,600.000000,0.870117,1.000000,0.997070,0.964355,0.442383,0.990723
135.000000,600.000000,0.875000,1.000000,0.999023,0.964844,0.455078,0.987793
136.000000,600.000000,0.870605,1.000000,1.000000,0.965332,0.441406,0.985840
137.000000,600.000000,0.872070,1.000000,0.994629,0.962402,0.447266,0.989746
138.000000,600.000000,0.864258,1.000000,0.992188,0.965332,0.425781,0.992676
139.000000,600.000000,0.869629,1.000000,0.998047,0.964355,0.442383,0.988770
140.000000,600.000000,0.869141,1.000000,0.998535,0.970215,0.438477,0.987793
141.000000,600.000000,0.868164,1.000000,0.988281,0.965820,0.443359,0.987793
142.000000,600.000000,0.881348,1.000000,0.992188,0.965820,0.468750,0.990234
143.000000,600.000000,0.874023,0.000000,0.999023,0.964355,0.453125,0.992676
144.000000,600.000000,0.874512,1.000000,1.000000,0.959961,0.453125,0.989746
145.000000,600.000000,0.876465,1.000000,1.000000,0.965332,0.460938,0.993164
146.000000,600.000000,0.873535,1.000000,0.999512,0.966309,0.448242,0.993164
147.000000,600.000000,0.869629,1.000000,0.998535,0.969238,0.442383,0.989746
148.000000,600.000000,0.867676,1.000000,1.000000,0.964355,0.434570,0.992676
149.000000,600.000000,0.870117,1.000000,0.994629,0.963867,0.441406,0.992188
150.000000,600.000000,0.876465,0.000000,0.999023,0.964844,0.457031,0.989258
151.000000,600.000000,0.871582,1.000000,0.988770,0.966309,0.444336,0.985840
152.000000,600.000000,0.869629,1.000000,1.000000,0.967285,0.442383,0.990234
153.000000,600.000000,0.862793,1.000000,0.998535,0.964844,0.425781,0.974609
154.000000,600.000000,0.871582,1.000000,0.999512,0.965820,0.449219,0.993164
155.000000,600.000000,0.871094,1.000000,0.996094,0.963867,0.444336,0.987793
156.000000,600.000000,0.872559,1.000000,0.983887,0.966309,0.449219,0.988770
157.000000,600.000000,0.871582,1.000000,0.999023,0.964844,0.446289,0.988770
158.000000,600.000000,0.868652,1.000000,0.993652,0.967285,0.436523,0.990723
159.000000,600.000000,0.875488,1.000000,0.999023,0.966797,0.455078,0.990234
160.000000,600.000000,0.871094,1.000000,0.999023,0.966797,0.445312,0.987793
161.000000,600.000000,0.869141,1.000000,0.998535,0.965820,0.441406,0.989746
162.000000,600.000000,0.875488,1.000000,0.996582,0.965332,0.454102,0.986328
163.000000,600.000000,0.866211,1.000000,0.990234,0.962402,0.431641,0.991699
164.000000,600.000000,0.864746,1.000000,1.000000,0.966309,0.429688,0.989746
165.000000,600.000000,0.868164,1.000000,0.990234,0.962891,0.437500,0.988281
166.000000,600.000000,0.875000,1.000000,0.996582,0.967773,0.455078,0.990723
167.000000,600.000000,0.874512,1.000000,1.000000,0.964355,0.453125,0.993652
168.000000,600.000000,0.868652,1.000000,0.996094,0.962891,0.438477,0.991211
169.000000,600.000000,0.867188,1.000000,0.998047,0.964844,0.434570,0.986816
170.000000,600.000000,0.870117,1.000000,0.995117,0.965820,0.442383,0.984863
171.000000,600.000000,0.862305,1.000000,0.999512,0.964844,0.423828,0.985352
172.000000,600.000000,0.874512,0.000000,1.000000,0.959473,0.451172,0.981445
173.000000,600.000000,0.870117,1.000000,0.999512,0.962891,0.440430,0.992188
174.000000,600.000000,0.875488,1.000000,0.996582,0.963379,0.455078,0.994141
175.000000,600.000000,0.874512,1.000000,1.000000,0.965820,0.454102,0.988770
176.000000,600.000000,0.869141,1.000000,0.998535,0.965820,0.438477,0.990723
177.000000,600.000000,0.869629,1.000000,0.993652,0.962891,0.442383,0.992676
178.000000,600.000000,0.870117,1.000000,0.998535,0.961426,0.442383,0.984863
179.000000,600.000000,0.872559,1.000000,0.993652,0.964844,0.448242,0.986816
180.000000,600.000000,0.863770,1.000000,0.992188,0.964844,0.423828,0.984375
181.000000,600.000000,0.871582,1.000000,0.983887,0.964355,0.445312,0.990234
182.000000,600.000000,0.870605,1.000000,1.000000,0.966309,0.443359,0.992188
183.000000,600.000000,0.866699,1.000000,0.970215,0.965332,0.435547,0.989258
184.000000,600.000000,0.871582,1.000000,1.000000,0.958008,0.446289,0.993652
185.000000,600.000000,0.878418,1.000000,0.997070,0.967773,0.461914,0.990723
186.000000,600.000000,0.871582,1.000000,0.999512,0.966309,0.445312,0.994141
187.000000,600.000000,0.867188,0.000000,0.981934,0.964355,0.435547,0.993652
188.000000,600.000000,0.866211,1.000000,1.000000,0.966309,0.434570,0.994141
189.000000,600.000000,0.871094,1.000000,0.999512,0.964355,0.445312,0.992188
190.000000,600.000000,0.870605,1.000000,0.996582,0.967773,0.442383,0.987793
191.000000,600.000000,0.871094,1.000000,0.994629,0.966309,0.444336,0.989258
192.000000,600.000000,0.874023,1.000000,1.000000,0.965820,0.451172,0.991211
193.000000,600.000000,0.876465,1.000000,1.000000,0.967285,0.456055,0.992676
194.000000,600.000000,0.872070,1.000000,0.995117,0.964844,0.449219,0.980957
195.000000,600.000000,0.874512,1.000000,0.995117,0.963379,0.454102,0.985840
196.000000,600.000000,0.865723,0.000000,0.988281,0.968262,0.431641,0.991211
197.000000,600.000000,0.874512,1.000000,0.998535,0.964844,0.456055,0.990234
198.000000,600.000000,0.865723,1.000000,0.990234,0.962891,0.431641,0.993164
199.000000,600.000000,0.873047,0.000000,0.995117,0.961426,0.451172,0.993164
200.000000,600.000000,0.871582,1.000000,0.999023,0.961914,0.444336,0.987793
201.000000,600.000000,0.874512,1.000000,0.990234,0.966797,0.451172,0.988770
202.000000,600.000000,0.869141,1.000000,0.999023,0.967773,0.439453,0.984863
203.000000,600.000000,0.873535,1.000000,1.000000,0.965820,0.452148,0.992676
204.000000,600.000000,0.866211,1.000000,0.995117,0.968750,0.433594,0.993164
205.000000,600.000000,0.868652,0.000000,0.993652,0.967773,0.436523,0.993164
206.000000,600.000000,0.866211,1.000000,1.000000,0.968262,0.432617,0.991211
207.000000,600.000000,0.870605,1.000000,0.986328,0.962891,0.442383,0.981934
208.000000,600.000000,0.873047,1.000000,0.997070,0.962891,0.448242,0.991699
209.000000,600.000000,0.867188,1.000000,0.999512,0.965820,0.435547,0.989746
210.000000,600.000000,0.873535,1.000000,0.992188,0.964844,0.450195,0.993652
211.000000,600.000000,0.872559,1.000000,0.999512,0.963867,0.447266,0.990723
212.000000,600.000000,0.865723,1.000000,0.993652,0.964844,0.429688,0.993164
213.000000,600.000000,0.868652,1.000000,1.000000,0.965332,0.437500,0.984863
214.000000,600.000000,0.869141,1.000000,1.000000,0.964844,0.444336,0.992676
215.000000,600.000000,0.871094,1.000000,0.991699,0.963867,0.443359,0.985840
216.000000,600.000000,0.875488,1.000000,0.991699,0.965332,0.453125,0.986816
217.000000,600.000000,0.869629,1.000000,0.972656,0.963867,0.440430,0.988770
218.000000,600.000000,0.875977,1.000000,0.981934,0.966309,0.455078,0.992676
219.000000,600.000000,0.872559,0.000000,0.988281,0.968262,0.449219,0.988770
220.000000,600.000000,0.862305,1.000000,0.997559,0.966309,0.425781,0.989258
221.000000,600.000000,0.867676,1.000000,0.980957,0.965332,0.435547,0.992676
222.000000,600.000000,0.876465,1.000000,0.978516,0.966309,0.456055,0.990723
223.000000,600.000000,0.875488,1.000000,1.000000,0.966797,0.455078,0.990723
224.000000,600.000000,0.872559,1.000000,0.996582,0.962891,0.447266,0.990723
225.000000,600.000000,0.872559,1.000000,0.999512,0.963379,0.447266,0.990234
226.000000,600.000000,0.873047,1.000000,0.998047,0.965820,0.449219,0.993652
227.000000,600.000000,0.868652,1.000000,0.997559,0.963867,0.439453,0.992188
228.000000,600.000000,0.870605,1.000000,1.000000,0.964844,0.442383,0.992188
229.000000,600.000000,0.865234,1.000000,1.000000,0.964844,0.430664,0.982910
230.000000,600.000000,0.867188,1.000000,0.999512,0.964355,0.432617,0.986328
231.000000,600.000000,0.867188,0.000000,0.972656,0.964355,0.435547,0.991699
232.000000,600.000000,0.875000,1.000000,0.992188,0.965332,0.454102,0.992676
233.000000,600.000000,0.873047,1.000000,0.969727,0.969727,0.451172,0.992676
234.000000,600.000000,0.868164,1.000000,0.994629,0.966309,0.433594,0.991211
235.000000,600.000000,0.870605,1.000000,1.000000,0.961914,0.447266,0.990234
236.000000,600.000000,0.873535,1.000000,0.996094,0.965820,0.451172,0.986816
237.000000,600.000000,0.875000,1.000000,0.998535,0.968750,0.452148,0.989258
238.000000,600.000000,0.874512,1.000000,0.988281,0.964844,0.452148,0.987305
239.000000,600.000000,0.873535,1.000000,0.984375,0.963379,0.448242,0.986328
240.000000,600.000000,0.871582,1.000000,0.997559,0.964844,0.445312,0.985352
241.000000,600.000000,0.871582,1.000000,0.993652,0.964355,0.446289,0.983887
242.000000,600.000000,0.869629,1.000000,0.998535,0.962891,0.443359,0.991699
243.000000,600.000000,0.871094,1.000000,1.000000,0.965820,0.440430,0.992676
244.000000,600.000000,0.866699,1.000000,1.000000,0.966797,0.432617,0.993652
245.000000,600.000000,0.871094,1.000000,0.991699,0.966309,0.447266,0.988281
246.000000,600.000000,0.869141,1.000000,0.992188,0.962891,0.441406,0.992188
247.000000,600.000000,0.876953,1.000000,0.997559,0.965820,0.460938,0.987793
248.000000,600.000000,0.869629,1.000000,0.999512,0.963867,0.441406,0.993164
249.000000,600.000000,0.871094,1.000000,0.998535,0.965820,0.444336,0.986816
250.000000,600.000000,0.874023,1.000000,0.990234,0.964844,0.451172,0.986816
251.000000,600.000000,0.866699,1.000000,0.992188,0.964844,0.433594,0.991699
252.000000,600.000000,0.863281,1.000000,0.993652,0.962891,0.427734,0.992188
253.000000,600.000000,0.865723,1.000000,0.979004,0.967285,0.434570,0.984375
254.000000,600.000000,0.875488,1.000000,1.000000,0.965332,0.455078,0.993652
255.000000,600.000000,0.870605,1.000000,1.000000,0.964844,0.445312,0.987793
256.000000,600.000000,0.875000,1.000000,0.998535,0.963867,0.455078,0.992676
257.000000,600.000000,0.869629,1.000000,0.997070,0.966309,0.442383,0.992188
258.000000,600.000000,0.870605,1.000000,0.988770,0.963379,0.443359,0.985840
259.000000,600.000000,0.869629,1.000000,0.997070,0.967773,0.443359,0.986816
260.000000,600.000000,0.868164,1.000000,0.969727,0.965820,0.436523,0.982422
261.000000,600.000000,0.870117,1.000000,0.999023,0.962402,0.445312,0.990723
262.000000,600.000000,0.870605,1.000000,0.997070,0.964844,0.441406,0.988770
263.000000,600.000000,0.870117,1.000000,0.999023,0.967773,0.441406,0.992188
264.000000,600.000000,0.875488,1.000000,0.997070,0.967773,0.455078,0.983887
265.000000,600.000000,0.868652,1.000000,0.999023,0.963379,0.436523,0.992188
266.000000,600.000000,0.872070,1.000000,0.996582,0.967285,0.446289,0.990234
267.000000,600.000000,0.872070,0.000000,0.999512,0.965332,0.447266,0.992188
268.000000,600.000000,0.872559,1.000000,0.995117,0.966797,0.449219,0.993164
269.000000,600.000000,0.869141,1.000000,0.996094,0.961426,0.441406,0.989746
270.000000,600.000000,0.870117,1.000000,0.988770,0.964844,0.443359,0.991211
271.000000,600.000000,0.876465,1.000000,0.999512,0.966797,0.458008,0.985840
272.000000,600.000000,0.866211,1.000000,0.999023,0.968262,0.431641,0.993164
273.000000,600.000000,0.865234,1.000000,0.980957,0.967773,0.429688,0.985840
274.000000,600.000000,0.875488,1.000000,0.999512,0.965820,0.457031,0.993164
275.000000,600.000000,0.869141,1.000000,0.999512,0.964844,0.440430,0.988281
276.000000,600.000000,0.872070,1.000000,1.000000,0.963379,0.448242,0.988281
277.000000,600.000000,0.872070,1.000000,0.983887,0.966309,0.448242,0.990723
278.000000,600.000000,0.868652,1.000000,0.997559,0.963867,0.434570,0.992676
279.000000,600.000000,0.874512,1.000000,0.999023,0.960938,0.451172,0.990234
280.000000,600.000000,0.868652,1.000000,0.979004,0.962402,0.437500,0.993652
281.000000,600.000000,0.868652,1.000000,0.999512,0.966309,0.434570,0.984863
282.000000,600.000000,0.867188,1.000000,1.000000,0.963379,0.437500,0.987793
283.000000,600.000000,0.870605,1.000000,0.990234,0.960938,0.440430,0.992676
284.000000,600.000000,0.876465,1.000000,0.988770,0.967285,0.458008,0.990723
285.000000,600.000000,0.874023,1.000000,0.996094,0.967773,0.450195,0.992676
286.000000,600.000000,0.875488,0.000000,1.000000,0.962402,0.456055,0.992676
287.000000,600.000000,0.870117,1.000000,0.997070,0.963867,0.441406,0.982422
288.000000,600.000000,0.873047,1.000000,0.998047,0.962402,0.450195,0.992676
289.000000,600.000000,0.874023,1.000000,1.000000,0.966797,0.450195,0.990723
290.000000,600.000000,0.870605,0.000000,0.999023,0.963867,0.446289,0.990723
291.000000,600.000000,0.870605,1.000000,0.992188,0.965820,0.442383,0.988281
292.000000,600.000000,0.873047,1.000000,0.999023,0.966797,0.451172,0.993164
293.000000,600.000000,0.870117,1.000000,0.997559,0.967773,0.443359,0.989258
294.000000,600.000000,0.863281,1.000000,0.993652,0.966797,0.426758,0.993164
295.000000,600.000000,0.876953,1.000000,0.999512,0.963379,0.459961,0.993164
296.000000,600.000000,0.870605,1.000000,1.000000,0.966797,0.442383,0.991211
297.000000,600.000000,0.865723,1.000000,0.988281,0.965332,0.430664,0.993164
298.000000,600.000000,0.870117,1.000000,1.000000,0.966797,0.440430,0.991699
299.000000,600.000000,0.867676,1.000000,0.999512,0.963867,0.439453,0.987305
300.000000,600.000000,0.864258,0.000000,1.000000,0.967285,0.427734,0.993164
301.000000,600.000000,0.876465,1.000000,0.998535,0.966797,0.457031,0.991699
302.000000,600.000000,0.870117,1.000000,0.992188,0.966309,0.442383,0.990234
303.000000,600.000000,0.865234,1.000000,0.999512,0.965332,0.427734,0.987793
304.000000,600.000000,0.867188,1.000000,0.999512,0.966797,0.438477,0.990234
305.000000,600.000000,0.871094,1.000000,0.991699,0.959961,0.442383,0.992676
306.000000,600.000000,0.864258,1.000000,0.999023,0.965820,0.427734,0.992676
307.000000,600.000000,0.871582,1.000000,0.996094,0.966797,0.444336,0.992188
308.000000,600.000000,0.867676,1.000000,0.998047,0.963867,0.438477,0.989746
309.000000,600.000000,0.870605,1.000000,0.994629,0.967773,0.443359,0.991211
310.000000,600.000000,0.867676,1.000000,0.996094,0.962891,0.434570,0.992676
311.000000,600.000000,0.872559,1.000000,0.999512,0.963867,0.448242,0.986328
312.000000,600.000000,0.874023,1.000000,0.995117,0.964355,0.451172,0.987305
313.000000,600.000000,0.865723,1.000000,1.000000,0.966309,0.429688,0.990723
314.000000,600.000000,0.869141,1.000000,0.994629,0.967773,0.439453,0.993164
315.000000,600.000000,0.868164,1.000000,0.997070,0.968750,0.434570,0.991211
316.000000,600.000000,0.868164,1.000000,0.999512,0.967773,0.435547,0.991211
317.000000,600.000000,0.864746,1.000000,0.995117,0.966797,0.429688,0.982910
318.000000,600.000000,0.872070,1.000000,0.997559,0.966309,0.446289,0.990234
319.000000,600.000000,0.868164,1.000000,0.996094,0.966309,0.437500,0.988281
320.000000,600.000000,0.869141,1.000000,0.999512,0.964355,0.443359,0.984375
321.000000,600.000000,0.871582,1.000000,0.996094,0.967285,0.443359,0.992676
322.000000,600.000000,0.864258,1.000000,0.999512,0.966797,0.429688,0.992188
323.000000,600.000000,0.866211,1.000000,1.000000,0.961426,0.432617,0.988281
324.000000,600.000000,0.872070,0.000000,0.991699,0.966797,0.445312,0.986328
325.000000,600.000000,0.871094,1.000000,0.996094,0.967773,0.443359,0.993652
326.000000,600.000000,0.866211,1.000000,0.998535,0.966797,0.430664,0.986328
327.000000,600.000000,0.875488,1.000000,0.997559,0.963379,0.456055,0.989258
328.000000,600.000000,0.868652,1.000000,0.996582,0.965820,0.438477,0.993164
329.000000,600.000000,0.868652,1.000000,1.000000,0.964355,0.438477,0.990234
330.000000,600.000000,0.867676,1.000000,0.999023,0.965820,0.434570,0.988281
331.000000,600.000000,0.871094,1.000000,0.997559,0.962891,0.443359,0.991699
332.000000,600.000000,0.869629,1.000000,0.995117,0.967773,0.438477,0.990723
333.000000,600.000000,0.870117,1.000000,1.000000,0.966309,0.442383,0.987305
334.000000,600.000000,0.868652,0.000000,0.998047,0.964355,0.437500,0.992676
335.000000,600.000000,0.872559,1.000000,0.981934,0.966797,0.447266,0.991699
336.000000,600.000000,0.870605,0.000000,0.993652,0.966309,0.445312,0.992188
337.000000,600.000000,0.872070,1.000000,0.994629,0.968262,0.448242,0.987793
338.000000,600.000000,0.864746,1.000000,0.999512,0.965332,0.427734,0.985352
339.000000,600.000000,0.869629,1.000000,0.998535,0.963867,0.441406,0.990723
340.000000,600.000000,0.865234,1.000000,0.998047,0.966309,0.430664,0.991211
341.000000,600.000000,0.875000,1.000000,1.000000,0.963867,0.455078,0.986816
342.000000,600.000000,0.869141,1.000000,0.991699,0.965820,0.438477,0.993164
343.000000,600.000000,0.868164,1.000000,0.998047,0.965332,0.437500,0.992676
344.000000,600.000000,0.874023,1.000000,0.980957,0.965820,0.453125,0.989258
345.000000,600.000000,0.870117,1.000000,0.999023,0.966309,0.439453,0.987305
346.000000,600.000000,0.871582,1.000000,1.000000,0.967773,0.448242,0.989258
347.000000,600.000000,0.867676,1.000000,0.996582,0.967773,0.437500,0.987793
348.000000,600.000000,0.874023,1.000000,0.999023,0.966309,0.453125,0.992676
349.000000,600.000000,0.872559,1.000000,1.000000,0.963867,0.449219,0.993652
350.000000,600.000000,0.877930,1.000000,1.000000,0.966309,0.461914,0.986816
351.000000,600.000000,0.870117,1.000000,0.991699,0.966797,0.445312,0.987305
352.000000,600.000000,0.868652,1.000000,1.000000,0.959473,0.435547,0.991211
353.000000,600.000000,0.871582,1.000000,0.999512,0.960449,0.447266,0.994141
354.000000,600.000000,0.869141,1.000000,0.988770,0.963379,0.438477,0.992676
355.000000,600.000000,0.872070,1.000000,0.993652,0.963867,0.445312,0.987793
356.000000,600.000000,0.869629,1.000000,0.999512,0.963379,0.441406,0.991699
357.000000,600.000000,0.875000,1.000000,0.999512,0.966309,0.455078,0.994141
358.000000,600.000000,0.870605,1.000000,0.988770,0.961914,0.442383,0.985352
359.000000,600.000000,0.870605,1.000000,0.996094,0.967285,0.442383,0.992188
360.000000,600.000000,0.870117,1.000000,0.995117,0.965332,0.441406,0.984375
361.000000,600.000000,0.880371,1.000000,1.000000,0.967773,0.468750,0.992676
362.000000,600.000000,0.870117,1.000000,0.997070,0.965820,0.444336,0.989258
363.000000,600.000000,0.870117,1.000000,0.996582,0.966797,0.442383,0.993164
364.000000,600.000000,0.869141,1.000000,0.999512,0.964844,0.437500,0.993652
365.000000,600.000000,0.872559,1.000000,0.988281,0.964844,0.444336,0.989746
366.000000,600.000000,0.872559,1.000000,0.999023,0.963867,0.449219,0.992676
367.000000,600.000000,0.870117,1.000000,0.984375,0.967285,0.444336,0.992676
368.000000,600.000000,0.869141,1.000000,0.998535,0.963379,0.439453,0.993652
369.000000,600.000000,0.869141,1.000000,0.999023,0.965820,0.439453,0.992188
370.000000,600.000000,0.875000,1.000000,0.993652,0.963867,0.454102,0.990723
371.000000,600.000000,0.865234,1.000000,0.999512,0.967773,0.431641,0.978516
372.000000,600.000000,0.873047,1.000000,0.999023,0.964355,0.448242,0.989746
373.000000,600.000000,0.866699,1.000000,0.998047,0.968262,0.433594,0.989746
374.000000,600.000000,0.868652,1.000000,0.993652,0.966797,0.437500,0.989258
375.000000,600.000000,0.873047,0.000000,1.000000,0.965820,0.448242,0.986816
376.000000,600.000000,0.868652,1.000000,0.999023,0.964844,0.437500,0.992676
377.000000,600.000000,0.873047,1.000000,1.000000,0.962891,0.449219,0.990723
378.000000,600.000000,0.871094,1.000000,0.998047,0.966309,0.446289,0.992188
379.000000,600.000000,0.872070,1.000000,0.997559,0.965820,0.447266,0.988770
380.000000,600.000000,0.869629,1.000000,0.998535,0.965820,0.441406,0.989746
381.000000,600.000000,0.874023,1.000000,0.997559,0.965820,0.452148,0.988770
382.000000,600.000000,0.870605,1.000000,1.000000,0.964355,0.443359,0.990234
383.000000,600.000000,0.879395,0.000000,0.999023,0.962891,0.465820,0.992188
384.000000,600.000000,0.868164,0.000000,0.998047,0.966797,0.437500,0.992676
385.000000,600.000000,0.864258,1.000000,0.993652,0.966309,0.429688,0.986328
386.000000,600.000000,0.874023,1.000000,1.000000,0.965820,0.451172,0.992676
387.000000,600.000000,0.874023,1.000000,0.999023,0.963379,0.450195,0.991699
388.000000,600.000000,0.872070,1.000000,0.990234,0.965820,0.449219,0.980957
389.000000,600.000000,0.870605,1.000000,0.993652,0.966309,0.446289,0.982910
390.000000,600.000000,0.868164,1.000000,1.000000,0.961914,0.436523,0.982422
391.000000,600.000000,0.868652,1.000000,1.000000,0.964355,0.439453,0.983887
392.000000,600.000000,0.868164,1.000000,0.996582,0.966309,0.436523,0.990723
393.000000,600.000000,0.873535,1.000000,0.988281,0.964355,0.452148,0.991699
394.000000,600.000000,0.875488,1.000000,0.997070,0.966797,0.456055,0.992676
395.000000,600.000000,0.872559,1.000000,0.992188,0.969238,0.446289,0.988770
396.000000,600.000000,0.864746,1.000000,1.000000,0.968262,0.426758,0.992676
397.000000,600.000000,0.870605,0.000000,1.000000,0.961426,0.444336,0.990723
398.000000,600.000000,0.869141,1.000000,0.990234,0.962402,0.439453,0.993652
399.000000,600.000000,0.872070,1.000000,1.000000,0.963379,0.447266,0.993164
400.000000,600.000000,0.873047,1.000000,1.000000,0.964844,0.449219,0.984863
401.000000,600.000000,0.872559,1.000000,0.996582,0.966309,0.448242,0.992676
402.000000,600.000000,0.873047,1.000000,0.998535,0.965820,0.448242,0.993652
403.000000,600.000000,0.870605,0.000000,0.999512,0.967285,0.447266,0.990234
404.000000,600.000000,0.870605,1.000000,0.994629,0.963379,0.443359,0.992188
405.000000,600.000000,0.875000,1.000000,0.990234,0.966309,0.453125,0.991211
406.000000,600.000000,0.873535,1.000000,0.998047,0.964355,0.449219,0.990723
407.000000,600.000000,0.870117,1.000000,0.997559,0.966797,0.443359,0.993164
408.000000,600.000000,0.867676,1.000000,0.999512,0.966309,0.435547,0.987305
409.000000,600.000000,0.872070,1.000000,0.992188,0.962402,0.448242,0.990723
410.000000,600.000000,0.869141,1.000000,0.999023,0.965820,0.438477,0.993164
411.000000,600.000000,0.871094,1.000000,0.994629,0.966797,0.446289,0.989746
412.000000,600.000000,0.870605,1.000000,0.998535,0.964355,0.442383,0.987305
413.000000,600.000000,0.871094,1.000000,0.999512,0.966797,0.444336,0.987793
414.000000,600.000000,0.871094,1.000000,1.000000,0.966797,0.442383,0.994629
415.000000,600.000000,0.872070,1.000000,0.997559,0.966309,0.446289,0.985840
416.000000,600.000000,0.873535,1.000000,0.997070,0.964355,0.446289,0.991699
417.000000,600.000000,0.868164,1.000000,1.000000,0.967773,0.438477,0.993164
418.000000,600.000000,0.865234,1.000000,0.992188,0.963379,0.431641,0.989746
419.000000,600.000000,0.871582,1.000000,0.996582,0.968262,0.444336,0.992188
420.000000,600.000000,0.868652,1.000000,0.993652,0.964355,0.438477,0.991211
421.000000,600.000000,0.877930,1.000000,1.000000,0.966309,0.461914,0.984863
422.000000,600.000000,0.870117,1.000000,0.991699,0.966309,0.442383,0.990723
423.000000,600.000000,0.870117,1.000000,1.000000,0.964355,0.439453,0.987793
424.000000,600.000000,0.863770,1.000000,1.000000,0.965332,0.426758,0.993164
425.000000,600.000000,0.875000,1.000000,0.997070,0.964844,0.454102,0.992676
426.000000,600.000000,0.880371,1.000000,0.998047,0.966797,0.468750,0.987305
427.000000,600.000000,0.868652,1.000000,0.938965,0.963867,0.436523,0.987305
428.000000,600.000000,0.871094,1.000000,0.993652,0.960938,0.443359,0.990723
429.000000,600.000000,0.873047,1.000000,1.000000,0.965332,0.450195,0.993652
430.000000,600.000000,0.870605,1.000000,0.999512,0.963379,0.441406,0.987793
431.000000,600.000000,0.869141,1.000000,0.993652,0.965820,0.440430,0.989746
432.000000,600.000000,0.872559,1.000000,0.998047,0.965332,0.448242,0.986816
433.000000,600.000000,0.871582,1.000000,0.996582,0.962891,0.445312,0.989258
434.000000,600.000000,0.871094,1.000000,0.999512,0.966309,0.446289,0.982422
435.000000,600.000000,0.870605,1.000000,0.993652,0.967773,0.444336,0.981445
436.000000,600.000000,0.875000,1.000000,0.995117,0.966309,0.451172,0.992676
437.000000,600.000000,0.869629,1.000000,1.000000,0.967773,0.441406,0.988770
438.000000,600.000000,0.873535,1.000000,0.993652,0.961426,0.449219,0.991211
439.000000,600.000000,0.875488,1.000000,1.000000,0.966797,0.458008,0.993652
440.000000,600.000000,0.866699,1.000000,0.999512,0.965332,0.436523,0.988281
441.000000,600.000000,0.870117,1.000000,0.997070,0.964355,0.445312,0.992188
442.000000,600.000000,0.865234,1.000000,0.999512,0.966309,0.432617,0.990723
443.000000,600.000000,0.867676,1.000000,1.000000,0.966797,0.435547,0.980957
444.000000,600.000000,0.871094,1.000000,0.978516,0.966309,0.445312,0.992676
445.000000,600.000000,0.869141,1.000000,0.990234,0.963379,0.441406,0.987793
446.000000,600.000000,0.869629,1.000000,1.000000,0.965820,0.438477,0.989258
447.000000,600.000000,0.866699,1.000000,0.993652,0.968262,0.435547,0.980957
448.000000,600.000000,0.870605,1.000000,0.999023,0.965332,0.442383,0.988770
449.000000,600.000000,0.873047,1.000000,0.998535,0.967285,0.451172,0.992676
450.000000,600.000000,0.873047,1.000000,0.992188,0.965332,0.453125,0.993652
451.000000,600.000000,0.868652,1.000000,0.996094,0.966309,0.438477,0.989746
452.000000,600.000000,0.868164,1.000000,1.000000,0.966797,0.436523,0.993164
453.000000,600.000000,0.874512,1.000000,1.000000,0.966309,0.454102,0.992676
454.000000,600.000000,0.871094,1.000000,1.000000,0.965332,0.446289,0.994141
455.000000,600.000000,0.873047,1.000000,0.996094,0.967773,0.449219,0.984863
456.000000,600.000000,0.872559,1.000000,0.993652,0.966309,0.451172,0.990234
457.000000,600.000000,0.872070,1.000000,1.000000,0.964844,0.446289,0.984375
458.000000,600.000000,0.867676,1.000000,1.000000,0.964355,0.435547,0.992676
459.000000,600.000000,0.869629,1.000000,0.997070,0.964844,0.440430,0.987793
460.000000,600.000000,0.864258,0.000000,0.997070,0.966309,0.426758,0.986816
461.000000,600.000000,0.868164,1.000000,0.994629,0.968750,0.435547,0.990234
462.000000,600.000000,0.870605,1.000000,0.990234,0.966797,0.443359,0.984375
463.000000,600.000000,0.862793,1.000000,0.998535,0.964355,0.421875,0.982422
464.000000,600.000000,0.879883,1.000000,1.000000,0.966797,0.466797,0.990723
465.000000,600.000000,0.872559,1.000000,0.980957,0.968750,0.447266,0.987793
466.000000,600.000000,0.874023,1.000000,0.988281,0.964355,0.451172,0.993164
467.000000,600.000000,0.872559,1.000000,1.000000,0.969727,0.447266,0.986328
468.000000,600.000000,0.871582,1.000000,0.996094,0.967773,0.445312,0.993164
469.000000,600.000000,0.870605,1.000000,0.986328,0.967285,0.442383,0.992676
470.000000,600.000000,0.868652,1.000000,0.997070,0.963867,0.441406,0.989746
471.000000,600.000000,0.868164,1.000000,0.978516,0.962402,0.439453,0.992676
472.000000,600.000000,0.870117,1.000000,0.990234,0.965332,0.448242,0.989258
473.000000,600.000000,0.869629,1.000000,0.990234,0.963379,0.440430,0.986328
474.000000,600.000000,0.871094,1.000000,1.000000,0.969727,0.445312,0.990723
475.000000,600.000000,0.874512,1.000000,0.994629,0.969727,0.454102,0.983398
476.000000,600.000000,0.865234,1.000000,0.988770,0.965332,0.431641,0.993164
477.000000,600.000000,0.872559,1.000000,0.999512,0.965332,0.449219,0.987305
478.000000,600.000000,0.874023,0.000000,0.973633,0.966309,0.449219,0.991211
479.000000,600.000000,0.870117,1.000000,0.995117,0.964844,0.441406,0.993652
480.000000,600.000000,0.870117,1.000000,0.994629,0.965332,0.441406,0.993164
481.000000,600.000000,0.875000,1.000000,0.998047,0.964355,0.454102,0.993164
482.000000,600.000000,0.870117,1.000000,0.996582,0.967773,0.442383,0.986816
483.000000,600.000000,0.866211,1.000000,0.998535,0.965820,0.434570,0.983398
484.000000,600.000000,0.872559,1.000000,0.998535,0.964355,0.446289,0.989258
485.000000,600.000000,0.869629,1.000000,1.000000,0.966309,0.438477,0.988281
486.000000,600.000000,0.872070,1.000000,1.000000,0.964355,0.444336,0.992676
487.000000,600.000000,0.870117,1.000000,1.000000,0.965820,0.441406,0.992188
488.000000,600.000000,0.870117,1.000000,0.999512,0.964355,0.445312,0.990234
489.000000,600.000000,0.870117,1.000000,0.996582,0.963867,0.441406,0.990234
490.000000,600.000000,0.873047,1.000000,0.999023,0.966309,0.450195,0.990723
491.000000,600.000000,0.868164,1.000000,0.998535,0.965820,0.441406,0.989258
492.000000,600.000000,0.866211,1.000000,0.994629,0.961426,0.430664,0.992676
493.000000,600.000000,0.869141,1.000000,0.986328,0.964355,0.439453,0.988770
494.000000,600.000000,0.870117,1.000000,0.999023,0.964844,0.442383,0.991699
495.000000,600.000000,0.867676,1.000000,0.986328,0.965332,0.436523,0.985352
496.000000,600.000000,0.869629,0.000000,1.000000,0.961426,0.439453,0.991211
497.000000,600.000000,0.872559,0.000000,0.991699,0.967285,0.448242,0.991211
498.000000,600.000000,0.868652,1.000000,0.996094,0.967285,0.439453,0.989746
499.000000,600.000000,0.875977,1.000000,0.998047,0.966797,0.455078,0.992676
500.000000,600.000000,0.876953,1.000000,1.000000,0.966309,0.460938,0.993652
501.000000,600.000000,0.876953,1.000000,0.996582,0.968262,0.459961,0.990723
502.000000,600.000000,0.864746,1.000000,0.999512,0.967285,0.429688,0.992676
503.000000,600.000000,0.875977,1.000000,1.000000,0.966309,0.455078,0.992188
504.000000,600.000000,0.867188,1.000000,0.991699,0.966309,0.439453,0.984375
505.000000,600.000000,0.872559,0.000000,1.000000,0.966797,0.447266,0.989746
506.000000,600.000000,0.865723,1.000000,0.988770,0.965332,0.432617,0.978027
507.000000,600.000000,0.871094,1.000000,0.999512,0.965820,0.446289,0.986816
508.000000,600.000000,0.879883,1.000000,0.980957,0.959961,0.466797,0.986816
509.000000,600.000000,0.874023,1.000000,0.999512,0.965820,0.451172,0.992676
510.000000,600.000000,0.872070,1.000000,0.943359,0.966309,0.446289,0.992676
511.000000,600.000000,0.871094,1.000000,0.999512,0.964844,0.441406,0.992188
512.000000,600.000000,0.872070,1.000000,1.000000,0.966309,0.446289,0.993164
513.000000,600.000000,0.869141,1.000000,0.996094,0.961426,0.437500,0.993164
514.000000,600.000000,0.864746,1.000000,0.991699,0.965332,0.428711,0.993164
515.000000,600.000000,0.873535,1.000000,0.992188,0.966309,0.451172,0.982910
516.000000,600.000000,0.873047,0.000000,0.999512,0.962891,0.449219,0.992676
517.000000,600.000000,0.870605,1.000000,0.997559,0.965820,0.443359,0.991211
518.000000,600.000000,0.871094,1.000000,0.994629,0.968262,0.445312,0.987793
519.000000,600.000000,0.876465,1.000000,0.993652,0.966797,0.458008,0.991699
520.000000,600.000000,0.871582,1.000000,0.991699,0.965820,0.446289,0.989258
521.000000,600.000000,0.871582,1.000000,0.988281,0.967285,0.448242,0.993652
522.000000,600.000000,0.870605,1.000000,0.993652,0.964844,0.442383,0.987305
523.000000,600.000000,0.868164,1.000000,0.992188,0.967773,0.435547,0.986816
524.000000,600.000000,0.869629,1.000000,0.996582,0.965332,0.438477,0.990723
525.000000,600.000000,0.875488,1.000000,0.991699,0.967285,0.453125,0.988770
526.000000,600.000000,0.869141,0.000000,0.993652,0.967773,0.437500,0.991699
527.000000,600.000000,0.870605,1.000000,0.986328,0.964355,0.443359,0.990234
528.000000,600.000000,0.870117,1.000000,0.990234,0.967773,0.440430,0.993164
529.000000,600.000000,0.867188,1.000000,1.000000,0.964844,0.436523,0.982910
530.000000,600.000000,0.866699,1.000000,1.000000,0.964844,0.434570,0.988281
531.000000,600.000000,0.867188,1.000000,1.000000,0.965332,0.432617,0.987305
532.000000,600.000000,0.867676,1.000000,0.993652,0.964355,0.436523,0.975098
533.000000,600.000000,0.868164,1.000000,0.999023,0.965332,0.438477,0.991211
534.000000,600.000000,0.869629,1.000000,0.995117,0.965332,0.439453,0.986816
535.000000,600.000000,0.868652,1.000000,0.999512,0.965332,0.437500,0.992676
536.000000,600.000000,0.871582,1.000000,1.000000,0.966309,0.444336,0.989746
537.000000,600.000000,0.871094,1.000000,1.000000,0.966797,0.444336,0.991211
538.000000,600.000000,0.869141,1.000000,1.000000,0.968262,0.439453,0.989746
539.000000,600.000000,0.869629,1.000000,0.993652,0.967285,0.440430,0.993164
540.000000,600.000000,0.868652,1.000000,0.992188,0.965332,0.437500,0.989258
541.000000,600.000000,0.871094,1.000000,1.000000,0.967773,0.444336,0.992188
542.000000,600.000000,0.862793,1.000000,0.995117,0.965820,0.424805,0.977539
543.000000,600.000000,0.874512,1.000000,0.999512,0.965820,0.453125,0.990723
544.000000,600.000000,0.872559,1.000000,0.998047,0.962402,0.447266,0.988281
545.000000,600.000000,0.876465,1.000000,1.000000,0.963379,0.457031,0.987793
546.000000,600.000000,0.872070,1.000000,0.966309,0.966309,0.447266,0.988281
547.000000,600.000000,0.870117,1.000000,0.997559,0.960449,0.441406,0.993164
548.000000,600.000000,0.875000,0.000000,1.000000,0.966309,0.455078,0.984863
549.000000,600.000000,0.867676,1.000000,0.986328,0.968750,0.437500,0.990234
550.000000,600.000000,0.868652,1.000000,0.998535,0.964844,0.435547,0.987793
551.000000,600.000000,0.863770,1.000000,1.000000,0.964844,0.427734,0.992188
552.000000,600.000000,0.876953,1.000000,0.999512,0.963379,0.458008,0.992676
553.000000,600.000000,0.875488,1.000000,0.997070,0.966797,0.455078,0.993652
554.000000,600.000000,0.874023,1.000000,0.962891,0.963867,0.450195,0.990234
555.000000,600.000000,0.877930,1.000000,0.995117,0.966797,0.459961,0.992676
556.000000,600.000000,0.868164,1.000000,0.991699,0.968750,0.435547,0.993652
557.000000,600.000000,0.871582,1.000000,0.995117,0.966309,0.448242,0.993652
558.000000,600.000000,0.867188,1.000000,1.000000,0.964844,0.433594,0.993652
559.000000,600.000000,0.867188,1.000000,0.996094,0.963379,0.432617,0.993164
560.000000,600.000000,0.873535,1.000000,0.996582,0.965820,0.452148,0.987793
561.000000,600.000000,0.871582,1.000000,0.996094,0.964844,0.447266,0.992676
562.000000,600.000000,0.866699,1.000000,0.998535,0.962402,0.430664,0.993164
563.000000,600.000000,0.872070,1.000000,1.000000,0.964355,0.448242,0.986328
564.000000,600.000000,0.871094,1.000000,0.988281,0.958984,0.444336,0.993164
565.000000,600.000000,0.867188,1.000000,0.997070,0.964844,0.433594,0.987793
566.000000,600.000000,0.872070,1.000000,0.997559,0.964844,0.445312,0.992676
567.000000,600.000000,0.872070,1.000000,0.994629,0.968262,0.448242,0.988770
568.000000,600.000000,0.873535,1.000000,0.981934,0.964355,0.451172,0.991211
569.000000,600.000000,0.871582,1.000000,0.999512,0.965820,0.444336,0.976074
570.000000,600.000000,0.875488,1.000000,0.996094,0.965332,0.453125,0.987793
571.000000,600.000000,0.873535,1.000000,0.999512,0.968262,0.450195,0.990723
572.000000,600.000000,0.875977,1.000000,0.997070,0.961426,0.457031,0.993164
573.000000,600.000000,0.875977,1.000000,1.000000,0.968750,0.456055,0.993652
574.000000,600.000000,0.864746,1.000000,1.000000,0.967285,0.429688,0.992188
575.000000,600.000000,0.869629,1.000000,0.995117,0.965332,0.442383,0.988281
576.000000,600.000000,0.866699,1.000000,0.979004,0.965332,0.436523,0.993164
577.000000,600.000000,0.872559,1.000000,0.996094,0.964844,0.447266,0.993652
578.000000,600.000000,0.867676,1.000000,1.000000,0.965332,0.433594,0.992676
579.000000,600.000000,0.874023,1.000000,0.978516,0.967285,0.453125,0.993652
580.000000,600.000000,0.874023,1.000000,1.000000,0.967285,0.455078,0.992676
581.000000,600.000000,0.869141,1.000000,0.959473,0.966797,0.441406,0.985840
582.000000,600.000000,0.866699,0.000000,0.985840,0.964355,0.439453,0.988281
583.000000,600.000000,0.870605,1.000000,1.000000,0.962402,0.443359,0.994141
584.000000,600.000000,0.874023,1.000000,1.000000,0.964844,0.455078,0.995117
585.000000,600.000000,0.869141,0.000000,0.999023,0.963867,0.440430,0.990234
586.000000,600.000000,0.869629,1.000000,0.999512,0.967773,0.441406,0.989258
587.000000,600.000000,0.868164,1.000000,0.998535,0.967285,0.436523,0.987793
588.000000,600.000000,0.864746,1.000000,0.999512,0.965820,0.429688,0.989258
589.000000,600.000000,0.867188,1.000000,0.992188,0.966309,0.434570,0.984863
590.000000,600.000000,0.873535,1.000000,1.000000,0.965332,0.448242,0.993652
591.000000,600.000000,0.872070,1.000000,0.993652,0.966797,0.448242,0.984863
592.000000,600.000000,0.867676,1.000000,0.984375,0.965820,0.434570,0.985840
593.000000,600.000000,0.870605,1.000000,1.000000,0.964844,0.443359,0.976562
594.000000,600.000000,0.868652,1.000000,0.994629,0.965820,0.439453,0.993164
595.000000,600.000000,0.873047,1.000000,0.994629,0.961426,0.449219,0.972656
596.000000,600.000000,0.868652,1.000000,1.000000,0.966797,0.439453,0.992676
597.000000,600.000000,0.869141,1.000000,0.986328,0.967285,0.439453,0.987793
598.000000,600.000000,0.867188,1.000000,0.999512,0.964844,0.433594,0.986816
599.000000,600.000000,0.871582,1.000000,0.988281,0.963379,0.446289,0.984863
600.000000,600.000000,0.869629,1.000000,0.999023,0.965820,0.442383,0.984863
601.000000,600.000000,0.874512,1.000000,0.997070,0.964355,0.451172,0.990723
602.000000,600.000000,0.877441,1.000000,1.000000,0.966309,0.459961,0.990723
603.000000,600.000000,0.875488,1.000000,0.979004,0.964844,0.453125,0.980957
604.000000,600.000000,0.866211,1.000000,0.988770,0.966797,0.429688,0.990723
605.000000,600.000000,0.874512,1.000000,0.991699,0.965332,0.453125,0.992676
606.000000,600.000000,0.875488,1.000000,0.988770,0.965332,0.456055,0.991699
607.000000,600.000000,0.869141,1.000000,0.998535,0.967285,0.437500,0.983398
608.000000,600.000000,0.869629,1.000000,1.000000,0.963379,0.442383,0.990234
609.000000,600.000000,0.875000,1.000000,0.996582,0.968750,0.453125,0.985352
610.000000,600.000000,0.877930,1.000000,0.999512,0.964355,0.461914,0.987305
611.000000,600.000000,0.867676,1.000000,0.999512,0.964844,0.436523,0.992188
612.000000,600.000000,0.864746,1.000000,0.994629,0.968262,0.429688,0.990234
613.000000,600.000000,0.870605,1.000000,0.993652,0.965820,0.443359,0.992188
614.000000,600.000000,0.878418,1.000000,0.988281,0.965332,0.462891,0.988770
615.000000,600.000000,0.871582,1.000000,0.988770,0.968750,0.443359,0.987305
616.000000,600.000000,0.869629,1.000000,0.990234,0.967285,0.440430,0.993164
617.000000,600.000000,0.867676,1.000000,0.999023,0.967285,0.434570,0.988281
618.000000,600.000000,0.869629,1.000000,0.991699,0.964355,0.443359,0.991211
619.000000,600.000000,0.872070,1.000000,0.991699,0.964844,0.444336,0.985352
620.000000,600.000000,0.865723,0.000000,0.994629,0.967773,0.432617,0.987305
621.000000,600.000000,0.867676,1.000000,0.995117,0.965332,0.435547,0.986328
622.000000,600.000000,0.879395,1.000000,0.997070,0.963867,0.463867,0.992676
623.000000,600.000000,0.868164,1.000000,0.994629,0.966797,0.436523,0.992676
624.000000,600.000000,0.869629,1.000000,0.994629,0.966309,0.441406,0.987305
625.000000,600.000000,0.871094,1.000000,0.983887,0.967773,0.446289,0.992188
626.000000,600.000000,0.871582,1.000000,0.999023,0.964844,0.445312,0.989258
627.000000,600.000000,0.873535,1.000000,1.000000,0.964844,0.448242,0.992188
628.000000,600.000000,0.871094,1.000000,1.000000,0.967285,0.446289,0.994141
629.000000,600.000000,0.870117,1.000000,0.995117,0.966309,0.441406,0.986816
630.000000,600.000000,0.866699,1.000000,0.995117,0.968750,0.432617,0.984863
631.000000,600.000000,0.862793,1.000000,0.984375,0.964355,0.425781,0.986816
632.000000,600.000000,0.869629,1.000000,0.983887,0.962891,0.439453,0.985352
633.000000,600.000000,0.877930,1.000000,0.985840,0.964355,0.458008,0.993652
634.000000,600.000000,0.868164,1.000000,1.000000,0.964844,0.437500,0.992676
635.000000,600.000000,0.868652,1.000000,1.000000,0.963867,0.436523,0.993652
636.000000,600.000000,0.868164,1.000000,0.990234,0.966797,0.436523,0.989746
637.000000,600.000000,0.864258,1.000000,0.990234,0.965332,0.428711,0.992676
638.000000,600.000000,0.869629,1.000000,0.986328,0.967285,0.442383,0.988281
639.000000,600.000000,0.875488,1.000000,0.999512,0.966797,0.454102,0.987793
640.000000,600.000000,0.871582,1.000000,0.998047,0.967773,0.443359,0.990234
641.000000,600.000000,0.875000,1.000000,0.994629,0.963867,0.454102,0.986328
642.000000,600.000000,0.873535,1.000000,0.990234,0.965820,0.447266,0.984863
643.000000,600.000000,0.862793,1.000000,1.000000,0.965332,0.424805,0.984375
644.000000,600.000000,0.863770,1.000000,1.000000,0.969727,0.427734,0.988770
645.000000,600.000000,0.869141,1.000000,0.999023,0.966797,0.438477,0.988770
646.000000,600.000000,0.867188,1.000000,0.997070,0.960449,0.435547,0.992676
647.000000,600.000000,0.871582,1.000000,0.990234,0.966309,0.446289,0.991211
648.000000,600.000000,0.873535,1.000000,1.000000,0.965332,0.452148,0.989746
649.000000,600.000000,0.867676,1.000000,1.000000,0.967773,0.437500,0.988770
650.000000,600.000000,0.869629,0.000000,0.996094,0.965820,0.439453,0.982422
651.000000,600.000000,0.871582,1.000000,0.996582,0.963867,0.445312,0.992676
652.000000,600.000000,0.869141,1.000000,0.997559,0.966309,0.441406,0.986328
653.000000,600.000000,0.870605,1.000000,0.997559,0.967773,0.445312,0.989746
654.000000,600.000000,0.873535,1.000000,0.995117,0.965332,0.449219,0.985352
655.000000,600.000000,0.865723,1.000000,1.000000,0.965332,0.433594,0.986816
656.000000,600.000000,0.865723,1.000000,0.995117,0.963379,0.428711,0.991211
657.000000,600.000000,0.875000,1.000000,0.996094,0.966309,0.452148,0.991699
658.000000,600.000000,0.864258,1.000000,1.000000,0.965332,0.427734,0.991699
659.000000,600.000000,0.874023,1.000000,1.000000,0.965332,0.452148,0.992188
660.000000,600.000000,0.865234,1.000000,0.999023,0.967285,0.428711,0.993164
661.000000,600.000000,0.870605,1.000000,1.000000,0.968262,0.440430,0.992676
662.000000,600.000000,0.873047,1.000000,1.000000,0.964355,0.450195,0.992676
663.000000,600.000000,0.873535,1.000000,0.996094,0.965332,0.449219,0.992188
664.000000,600.000000,0.866699,1.000000,1.000000,0.965820,0.431641,0.994141
665.000000,600.000000,0.873535,1.000000,0.998047,0.960938,0.447266,0.992676
666.000000,600.000000,0.872559,1.000000,0.993652,0.963867,0.451172,0.989746
667.000000,600.000000,0.870117,1.000000,0.999023,0.965332,0.443359,0.993164
668.000000,600.000000,0.871582,1.000000,0.985840,0.966309,0.443359,0.993164
669.000000,600.000000,0.871582,1.000000,0.997070,0.965332,0.444336,0.993164
670.000000,600.000000,0.873535,1.000000,0.997559,0.965820,0.451172,0.993652
671.000000,600.000000,0.870117,1.000000,0.996094,0.966309,0.440430,0.992188
672.000000,600.000000,0.868652,1.000000,1.000000,0.966797,0.440430,0.992188
673.000000,600.000000,0.874512,1.000000,0.996582,0.967773,0.453125,0.991699
674.000000,600.000000,0.867676,0.000000,0.988770,0.964355,0.437500,0.993652
675.000000,600.000000,0.874512,1.000000,0.996582,0.965332,0.452148,0.991211
676.000000,600.000000,0.868652,1.000000,1.000000,0.966797,0.436523,0.991211
677.000000,600.000000,0.866699,1.000000,1.000000,0.967773,0.431641,0.987793
678.000000,600.000000,0.870605,0.000000,0.999512,0.964844,0.442383,0.992676
679.000000,600.000000,0.874512,0.000000,0.986328,0.960938,0.451172,0.986816
680.000000,600.000000,0.867676,1.000000,0.983887,0.963379,0.435547,0.991211
681.000000,600.000000,0.877441,1.000000,0.997559,0.966797,0.459961,0.989746
682.000000,600.000000,0.868652,1.000000,1.000000,0.963867,0.435547,0.991699
683.000000,600.000000,0.868652,1.000000,0.996094,0.966797,0.440430,0.992676
684.000000,600.000000,0.867676,1.000000,1.000000,0.958008,0.434570,0.991699
685.000000,600.000000,0.877441,1.000000,0.995117,0.965332,0.459961,0.989258
686.000000,600.000000,0.871582,1.000000,1.000000,0.960938,0.447266,0.991699
687.000000,600.000000,0.870117,1.000000,0.970215,0.965332,0.442383,0.992676
688.000000,600.000000,0.875000,1.000000,0.986328,0.962402,0.454102,0.989746
689.000000,600.000000,0.873047,1.000000,0.999512,0.967285,0.448242,0.991211
690.000000,600.000000,0.867676,1.000000,0.999023,0.961914,0.434570,0.987305
691.000000,600.000000,0.865234,1.000000,0.990234,0.963867,0.432617,0.990723
692.000000,600.000000,0.874023,1.000000,0.999023,0.964355,0.451172,0.993652
693.000000,600.000000,0.868164,1.000000,1.000000,0.964844,0.437500,0.985840
694.000000,600.000000,0.872559,1.000000,0.996094,0.966309,0.448242,0.987305
695.000000,600.000000,0.873047,1.000000,0.999512,0.965820,0.449219,0.982910
696.000000,600.000000,0.875000,1.000000,0.999512,0.963379,0.455078,0.992676
697.000000,600.000000,0.875000,1.000000,0.993652,0.963379,0.455078,0.987305
698.000000,600.000000,0.875488,1.000000,0.997070,0.965332,0.456055,0.991699
699.000000,600.000000,0.868164,1.000000,0.988281,0.966309,0.435547,0.989258
700.000000,600.000000,0.874023,1.000000,0.999512,0.967285,0.452148,0.993652
701.000000,600.000000,0.869629,0.000000,0.997070,0.964355,0.441406,0.991211
702.000000,600.000000,0.875977,1.000000,0.994629,0.967773,0.458008,0.987305
703.000000,600.000000,0.872070,1.000000,0.998047,0.960938,0.446289,0.990723
704.000000,600.000000,0.867676,1.000000,0.999512,0.965332,0.435547,0.991699
705.000000,600.000000,0.869141,1.000000,0.997559,0.965332,0.439453,0.992676
706.000000,600.000000,0.873535,1.000000,1.000000,0.962402,0.450195,0.990723
707.000000,600.000000,0.871582,1.000000,1.000000,0.963867,0.445312,0.991211
708.000000,600.000000,0.872070,1.000000,0.991699,0.968262,0.446289,0.989746
709.000000,600.000000,0.866211,1.000000,0.996094,0.965332,0.435547,0.992188
710.000000,600.000000,0.873047,1.000000,0.995117,0.964844,0.450195,0.989258
711.000000,600.000000,0.879395,1.000000,0.988770,0.965332,0.463867,0.991211
712.000000,600.000000,0.868652,1.000000,0.997559,0.964844,0.437500,0.989746
713.000000,600.000000,0.865234,1.000000,0.995117,0.965820,0.429688,0.987305
714.000000,600.000000,0.866699,1.000000,0.992188,0.961914,0.436523,0.989258
715.000000,600.000000,0.871582,1.000000,0.997559,0.967773,0.444336,0.987793
716.000000,600.000000,0.874023,1.000000,0.998535,0.966309,0.450195,0.991211
717.000000,600.000000,0.874512,1.000000,0.997559,0.967773,0.455078,0.991211
718.000000,600.000000,0.870117,0.000000,0.980957,0.967285,0.444336,0.993164
719.000000,600.000000,0.870117,1.000000,0.997070,0.968262,0.443359,0.990234
720.000000,600.000000,0.867676,1.000000,0.997559,0.963379,0.435547,0.984375
721.000000,600.000000,0.875977,1.000000,1.000000,0.964355,0.454102,0.986816
722.000000,600.000000,0.878418,1.000000,0.983887,0.967285,0.464844,0.992676
723.000000,600.000000,0.870117,1.000000,1.000000,0.963379,0.441406,0.988281
724.000000,600.000000,0.871582,1.000000,0.997559,0.966309,0.443359,0.988281
725.000000,600.000000,0.874023,1.000000,0.995117,0.961426,0.451172,0.987793
726.000000,600.000000,0.872559,1.000000,0.994629,0.964355,0.449219,0.989746
727.000000,600.000000,0.869629,1.000000,0.988770,0.965820,0.440430,0.992676
728.000000,600.000000,0.870117,1.000000,0.996094,0.961914,0.442383,0.993164
729.000000,600.000000,0.873047,1.000000,0.999512,0.967285,0.448242,0.984375
730.000000,600.000000,0.863770,1.000000,0.991699,0.961914,0.424805,0.992676
731.000000,600.000000,0.872559,1.000000,0.986328,0.963867,0.448242,0.986816
732.000000,600.000000,0.868652,1.000000,0.999023,0.968262,0.439453,0.992676
733.000000,600.000000,0.866699,1.000000,0.994629,0.966797,0.434570,0.991211
734.000000,600.000000,0.875488,1.000000,0.999512,0.966309,0.456055,0.992676
735.000000,600.000000,0.874512,1.000000,0.993652,0.967285,0.452148,0.992676
736.000000,600.000000,0.866699,1.000000,0.999512,0.962891,0.434570,0.993164
737.000000,600.000000,0.870605,1.000000,1.000000,0.966309,0.443359,0.992676
738.000000,600.000000,0.874023,1.000000,1.000000,0.966309,0.450195,0.992188
739.000000,600.000000,0.875488,1.000000,1.000000,0.962891,0.453125,0.992676
740.000000,600.000000,0.866699,1.000000,1.000000,0.966797,0.434570,0.990723
741.000000,600.000000,0.869141,1.000000,0.997559,0.966797,0.438477,0.984863
742.000000,600.000000,0.871582,1.000000,0.997559,0.965332,0.448242,0.992676
743.000000,600.000000,0.873047,1.000000,0.999023,0.968262,0.448242,0.989258
744.000000,600.000000,0.865234,1.000000,0.998535,0.965820,0.428711,0.993164
745.000000,600.000000,0.865234,1.000000,0.991699,0.966309,0.429688,0.980957
746.000000,600.000000,0.867676,1.000000,0.999512,0.966797,0.437500,0.984863
747.000000,600.000000,0.866699,1.000000,0.994629,0.968262,0.432617,0.987793
748.000000,600.000000,0.870117,1.000000,0.976562,0.963379,0.439453,0.989258
749.000000,600.000000,0.868652,1.000000,1.000000,0.961426,0.438477,0.991699
750.000000,600.000000,0.875488,1.000000,1.000000,0.968262,0.454102,0.986816
751.000000,600.000000,0.869141,1.000000,1.000000,0.968262,0.437500,0.982910
752.000000,600.000000,0.866211,1.000000,0.993652,0.968750,0.432617,0.993164
753.000000,600.000000,0.878906,1.000000,1.000000,0.969238,0.464844,0.993164
754.000000,600.000000,0.871582,0.000000,0.999023,0.966797,0.441406,0.990723
755.000000,600.000000,0.875488,1.000000,0.996582,0.968262,0.454102,0.992676
756.000000,600.000000,0.861328,1.000000,1.000000,0.964844,0.419922,0.988281
757.000000,600.000000,0.875977,1.000000,0.999023,0.967285,0.456055,0.990234
758.000000,600.000000,0.871582,0.000000,0.998047,0.967285,0.446289,0.990723
759.000000,600.000000,0.863281,1.000000,0.996582,0.967285,0.424805,0.990723
760.000000,600.000000,0.868652,1.000000,0.999512,0.965332,0.437500,0.986328
761.000000,600.000000,0.875488,1.000000,1.000000,0.964355,0.457031,0.989258
762.000000,600.000000,0.880859,1.000000,0.999512,0.967285,0.469727,0.993652
763.000000,600.000000,0.876953,1.000000,0.996582,0.965820,0.455078,0.992676
764.000000,600.000000,0.869141,1.000000,0.999512,0.965332,0.440430,0.984375
765.000000,600.000000,0.863770,1.000000,0.998047,0.964844,0.425781,0.993164
766.000000,600.000000,0.872070,1.000000,0.990234,0.965820,0.447266,0.990234
767.000000,600.000000,0.869629,1.000000,0.995117,0.962891,0.439453,0.989258
768.000000,600.000000,0.869141,1.000000,0.997070,0.964844,0.435547,0.992188
769.000000,600.000000,0.874512,1.000000,0.999512,0.963867,0.452148,0.991211
770.000000,600.000000,0.865234,1.000000,0.999512,0.965820,0.430664,0.980957
771.000000,600.000000,0.873047,1.000000,0.985840,0.961914,0.448242,0.987305
772.000000,600.000000,0.874023,1.000000,1.000000,0.962402,0.451172,0.988281
773.000000,600.000000,0.874512,1.000000,0.996582,0.966309,0.453125,0.987305
774.000000,600.000000,0.873535,1.000000,0.998535,0.967285,0.450195,0.985352
775.000000,600.000000,0.871582,1.000000,0.990234,0.966309,0.445312,0.986328
776.000000,600.000000,0.873535,1.000000,0.992188,0.969238,0.452148,0.988281
777.000000,600.000000,0.874512,1.000000,1.000000,0.967285,0.451172,0.986816
778.000000,600.000000,0.869141,1.000000,0.986328,0.962402,0.441406,0.973145
779.000000,600.000000,0.868164,1.000000,0.997559,0.964844,0.435547,0.988770
780.000000,600.000000,0.866211,1.000000,0.998047,0.966797,0.431641,0.982910
781.000000,600.000000,0.868164,1.000000,0.997559,0.966309,0.438477,0.992188
782.000000,600.000000,0.867188,1.000000,0.999512,0.966797,0.436523,0.983887
783.000000,600.000000,0.869141,1.000000,1.000000,0.963867,0.439453,0.989258
784.000000,600.000000,0.869629,0.000000,0.980957,0.970215,0.443359,0.990723
785.000000,600.000000,0.861328,1.000000,1.000000,0.967285,0.420898,0.987305
786.000000,600.000000,0.870605,1.000000,0.999512,0.967773,0.443359,0.991699
787.000000,600.000000,0.873535,1.000000,0.999023,0.968262,0.451172,0.992676
788.000000,600.000000,0.873047,1.000000,0.999512,0.964355,0.449219,0.990234
789.000000,600.000000,0.872070,1.000000,0.999023,0.965332,0.447266,0.985840
790.000000,600.000000,0.866699,1.000000,0.999023,0.964355,0.430664,0.990723
791.000000,600.000000,0.873047,1.000000,0.999512,0.967285,0.448242,0.992676
792.000000,600.000000,0.863281,1.000000,0.999512,0.966309,0.423828,0.989258
793.000000,600.000000,0.868164,1.000000,0.995117,0.965332,0.437500,0.993652
794.000000,600.000000,0.868652,1.000000,0.980957,0.965820,0.438477,0.991699
795.000000,600.000000,0.874512,0.000000,0.997070,0.963867,0.453125,0.993652
796.000000,600.000000,0.872559,1.000000,0.993652,0.967773,0.448242,0.987793
797.000000,600.000000,0.873535,1.000000,0.986328,0.965332,0.448242,0.992188
798.000000,600.000000,0.873047,1.000000,0.997559,0.967285,0.448242,0.990234
799.000000,600.000000,0.865723,1.000000,0.997070,0.965332,0.433594,0.989746
800.000000,600.000000,0.868652,1.000000,0.993652,0.966309,0.438477,0.987793
801.000000,600.000000,0.869629,1.000000,0.998047,0.964355,0.441406,0.989258
802.000000,600.000000,0.874023,1.000000,0.999512,0.966797,0.450195,0.985840
803.000000,600.000000,0.874023,1.000000,0.996094,0.965332,0.454102,0.993652
804.000000,600.000000,0.869629,1.000000,0.993652,0.970215,0.442383,0.991699
805.000000,600.000000,0.868652,1.000000,1.000000,0.966797,0.438477,0.990234
806.000000,600.000000,0.870117,1.000000,0.990234,0.967773,0.446289,0.990234
807.000000,600.000000,0.868164,1.000000,1.000000,0.963379,0.437500,0.987793
808.000000,600.000000,0.870117,1.000000,0.995117,0.967285,0.443359,0.992188
809.000000,600.000000,0.880371,1.000000,0.999023,0.968262,0.464844,0.992676
810.000000,600.000000,0.874023,1.000000,0.984375,0.962402,0.451172,0.992188
811.000000,600.000000,0.871094,1.000000,0.999512,0.965332,0.443359,0.993652
812.000000,600.000000,0.869141,1.000000,0.997559,0.963867,0.438477,0.987305
813.000000,600.000000,0.873535,1.000000,1.000000,0.966797,0.451172,0.983887
814.000000,600.000000,0.871582,1.000000,0.985840,0.966797,0.448242,0.989746
815.000000,600.000000,0.866699,1.000000,0.999023,0.968750,0.431641,0.988281
816.000000,600.000000,0.867188,1.000000,0.999512,0.964844,0.433594,0.987305
817.000000,600.000000,0.876953,0.000000,0.996582,0.966309,0.457031,0.991699
818.000000,600.000000,0.871582,1.000000,0.988770,0.964355,0.447266,0.993652
819.000000,600.000000,0.870605,1.000000,1.000000,0.962402,0.441406,0.985352
820.000000,600.000000,0.872070,1.000000,0.996582,0.962402,0.446289,0.992676
821.000000,600.000000,0.872559,1.000000,1.000000,0.964355,0.448242,0.992188
822.000000,600.000000,0.874512,1.000000,0.997559,0.962891,0.452148,0.990234
823.000000,600.000000,0.870117,1.000000,0.999023,0.962891,0.442383,0.987305
824.000000,600.000000,0.872070,1.000000,0.998535,0.967285,0.444336,0.982910
825.000000,600.000000,0.874512,1.000000,0.999023,0.965820,0.450195,0.982910
826.000000,600.000000,0.870117,1.000000,0.997559,0.963867,0.442383,0.987793
827.000000,600.000000,0.871094,1.000000,0.999512,0.966309,0.442383,0.992676
828.000000,600.000000,0.874023,1.000000,0.999023,0.967285,0.450195,0.992676
829.000000,600.000000,0.866699,1.000000,0.997559,0.966309,0.434570,0.988281
830.000000,600.000000,0.866699,1.000000,0.998535,0.968750,0.431641,0.993652
831.000000,600.000000,0.870117,1.000000,0.978516,0.965820,0.441406,0.985352
832.000000,600.000000,0.874023,1.000000,0.996582,0.961914,0.451172,0.993652
833.000000,600.000000,0.871094,1.000000,0.996094,0.963867,0.444336,0.983398
834.000000,600.000000,0.865723,1.000000,1.000000,0.965332,0.431641,0.993164
835.000000,600.000000,0.874512,1.000000,1.000000,0.965820,0.452148,0.991699
836.000000,600.000000,0.873047,0.000000,0.993652,0.965332,0.449219,0.987793
837.000000,600.000000,0.871582,1.000000,0.999023,0.966797,0.447266,0.982422
838.000000,600.000000,0.871582,1.000000,0.999023,0.960449,0.445312,0.988281
839.000000,600.000000,0.875000,1.000000,0.998535,0.964355,0.453125,0.991699
840.000000,600.000000,0.869141,1.000000,0.986328,0.964355,0.438477,0.986328
841.000000,600.000000,0.866699,1.000000,1.000000,0.963867,0.433594,0.992676
842.000000,600.000000,0.868652,1.000000,0.999023,0.969238,0.435547,0.990723
843.000000,600.000000,0.867676,1.000000,0.979004,0.965820,0.434570,0.976074
844.000000,600.000000,0.864258,0.000000,1.000000,0.961426,0.428711,0.989746
845.000000,600.000000,0.863281,1.000000,1.000000,0.965332,0.422852,0.986816
846.000000,600.000000,0.874023,1.000000,0.999512,0.963867,0.452148,0.988281
847.000000,600.000000,0.877930,1.000000,0.999512,0.965332,0.461914,0.987793
848.000000,600.000000,0.867188,1.000000,0.997559,0.966797,0.434570,0.992676
849.000000,600.000000,0.871582,1.000000,1.000000,0.969238,0.444336,0.994141
850.000000,600.000000,0.870117,1.000000,0.998047,0.966797,0.439453,0.987793
851.000000,600.000000,0.869629,1.000000,1.000000,0.966797,0.442383,0.993164
852.000000,600.000000,0.882324,1.000000,0.993652,0.964355,0.473633,0.991211
853.000000,600.000000,0.877441,1.000000,0.999512,0.964844,0.459961,0.988281
854.000000,600.000000,0.871094,1.000000,0.999512,0.966309,0.445312,0.987305
855.000000,600.000000,0.873047,1.000000,1.000000,0.964355,0.448242,0.992188
856.000000,600.000000,0.871094,1.000000,0.997070,0.968262,0.445312,0.990723
857.000000,600.000000,0.874023,1.000000,0.998535,0.967773,0.453125,0.990723
858.000000,600.000000,0.873535,1.000000,0.985840,0.962891,0.451172,0.991699
859.000000,600.000000,0.867676,1.000000,0.996094,0.965820,0.437500,0.989746
860.000000,600.000000,0.874512,1.000000,1.000000,0.960449,0.451172,0.992188
861.000000,600.000000,0.868164,1.000000,1.000000,0.963379,0.440430,0.987305
862.000000,600.000000,0.872559,1.000000,0.998047,0.964355,0.448242,0.993164
863.000000,600.000000,0.871094,1.000000,0.997070,0.966797,0.445312,0.991699
864.000000,600.000000,0.875977,1.000000,0.996094,0.967285,0.456055,0.988281
865.000000,600.000000,0.868652,1.000000,0.998047,0.966309,0.437500,0.991699
866.000000,600.000000,0.870117,1.000000,0.988770,0.967285,0.442383,0.989258
867.000000,600.000000,0.874512,1.000000,0.991699,0.965332,0.454102,0.991699
868.000000,600.000000,0.868164,1.000000,1.000000,0.966309,0.435547,0.982422
869.000000,600.000000,0.872559,1.000000,0.997559,0.965820,0.447266,0.983398
870.000000,600.000000,0.872070,1.000000,0.997070,0.965332,0.447266,0.988770
871.000000,600.000000,0.869629,1.000000,0.996582,0.963867,0.441406,0.987305
872.000000,600.000000,0.874023,1.000000,0.983887,0.964844,0.449219,0.987793
873.000000,600.000000,0.870117,1.000000,0.996094,0.963379,0.445312,0.980957
874.000000,600.000000,0.871094,1.000000,0.995117,0.964844,0.445312,0.993164
875.000000,600.000000,0.871094,1.000000,0.997070,0.965820,0.444336,0.991211
876.000000,600.000000,0.872070,1.000000,0.991699,0.962891,0.448242,0.993652
877.000000,600.000000,0.875000,1.000000,0.990234,0.965332,0.453125,0.986328
878.000000,600.000000,0.870605,1.000000,0.993652,0.964844,0.445312,0.993164
879.000000,600.000000,0.871582,1.000000,0.998047,0.965820,0.445312,0.989258
880.000000,600.000000,0.871094,1.000000,0.991699,0.964355,0.447266,0.987793
881.000000,600.000000,0.869141,0.000000,0.995117,0.965820,0.437500,0.986328
882.000000,600.000000,0.869629,1.000000,0.992188,0.967773,0.441406,0.991699
883.000000,600.000000,0.875000,1.000000,0.996582,0.967773,0.453125,0.992676
884.000000,600.000000,0.871094,1.000000,1.000000,0.965332,0.444336,0.994141
885.000000,600.000000,0.874512,1.000000,1.000000,0.966309,0.455078,0.984863
886.000000,600.000000,0.868164,1.000000,0.999512,0.966797,0.434570,0.988281
887.000000,600.000000,0.865234,1.000000,0.991699,0.963867,0.429688,0.993164
888.000000,600.000000,0.872559,1.000000,0.994629,0.963379,0.448242,0.991699
889.000000,600.000000,0.871582,1.000000,0.999023,0.968262,0.444336,0.992676
890.000000,600.000000,0.869141,1.000000,0.998535,0.965820,0.439453,0.983398
891.000000,600.000000,0.875488,1.000000,0.991699,0.964844,0.454102,0.993164
892.000000,600.000000,0.865234,1.000000,0.983887,0.963867,0.430664,0.989258
893.000000,600.000000,0.876465,1.000000,0.999512,0.965820,0.457031,0.988770
894.000000,600.000000,0.868652,1.000000,0.999512,0.967773,0.436523,0.987793
895.000000,600.000000,0.874023,1.000000,0.999023,0.963379,0.450195,0.988281
896.000000,600.000000,0.874023,1.000000,0.999512,0.964844,0.454102,0.993164
897.000000,600.000000,0.870605,1.000000,0.984375,0.969727,0.443359,0.983887
898.000000,600.000000,0.869141,1.000000,0.998535,0.966797,0.442383,0.985352
899.000000,600.000000,0.874023,1.000000,0.997559,0.966309,0.450195,0.988770
900.000000,600.000000,0.863770,1.000000,0.999023,0.965332,0.426758,0.984375
901.000000,600.000000,0.869629,1.000000,0.999023,0.967285,0.444336,0.991699
902.000000,600.000000,0.873535,1.000000,0.999512,0.963867,0.449219,0.993164
903.000000,600.000000,0.875488,1.000000,0.990234,0.963867,0.454102,0.991699
904.000000,600.000000,0.873047,1.000000,0.983887,0.964844,0.449219,0.992676
905.000000,600.000000,0.871582,1.000000,1.000000,0.967285,0.443359,0.993652
906.000000,600.000000,0.870117,1.000000,0.996094,0.965820,0.443359,0.989258
907.000000,600.000000,0.868652,1.000000,1.000000,0.963379,0.438477,0.987305
908.000000,600.000000,0.873535,1.000000,1.000000,0.966797,0.451172,0.991699
909.000000,600.000000,0.872070,1.000000,0.999512,0.968262,0.446289,0.993164
910.000000,600.000000,0.874023,1.000000,1.000000,0.967285,0.450195,0.989258
911.000000,600.000000,0.869629,1.000000,0.999512,0.965332,0.438477,0.994141
912.000000,600.000000,0.875000,1.000000,0.996582,0.962402,0.453125,0.989746
913.000000,600.000000,0.868652,1.000000,0.998535,0.966309,0.440430,0.989258
914.000000,600.000000,0.871582,1.000000,1.000000,0.965332,0.447266,0.991699
915.000000,600.000000,0.867188,1.000000,0.992188,0.966797,0.435547,0.987793
916.000000,600.000000,0.866211,1.000000,0.997070,0.965332,0.431641,0.992188
917.000000,600.000000,0.866699,1.000000,1.000000,0.960938,0.435547,0.976074
918.000000,600.000000,0.873047,1.000000,0.993652,0.966309,0.450195,0.992676
919.000000,600.000000,0.870117,1.000000,1.000000,0.966797,0.441406,0.985840
920.000000,600.000000,0.864746,1.000000,0.994629,0.970215,0.432617,0.993164
921.000000,600.000000,0.870117,1.000000,0.990234,0.964355,0.440430,0.991211
922.000000,600.000000,0.873535,1.000000,0.999023,0.966309,0.452148,0.991699
923.000000,600.000000,0.877441,1.000000,1.000000,0.964355,0.458984,0.989746
924.000000,600.000000,0.868164,1.000000,0.996094,0.964844,0.436523,0.984375
925.000000,600.000000,0.871094,1.000000,0.999512,0.966797,0.447266,0.992676
926.000000,600.000000,0.869629,1.000000,1.000000,0.962891,0.440430,0.981934
927.000000,600.000000,0.862793,1.000000,0.991699,0.964844,0.422852,0.990723
928.000000,600.000000,0.877930,1.000000,0.985840,0.965820,0.462891,0.993164
929.000000,600.000000,0.866211,1.000000,0.996582,0.965332,0.434570,0.993652
930.000000,600.000000,0.871582,1.000000,0.996582,0.964355,0.446289,0.995117
931.000000,600.000000,0.871094,1.000000,0.993652,0.963867,0.446289,0.986328
932.000000,600.000000,0.872559,1.000000,1.000000,0.964844,0.449219,0.992676
933.000000,600.000000,0.870117,1.000000,0.992188,0.967285,0.440430,0.986328
934.000000,600.000000,0.871094,1.000000,0.998047,0.961914,0.442383,0.986328
935.000000,600.000000,0.869629,1.000000,0.995117,0.967773,0.444336,0.988281
936.000000,600.000000,0.871582,1.000000,0.997559,0.965820,0.445312,0.982910
937.000000,600.000000,0.869629,1.000000,0.999512,0.966797,0.438477,0.983887
938.000000,600.000000,0.871094,1.000000,1.000000,0.965332,0.442383,0.991699
939.000000,600.000000,0.870605,1.000000,0.990234,0.968262,0.441406,0.993164
940.000000,600.000000,0.869141,1.000000,0.998535,0.965820,0.442383,0.988281
941.000000,600.000000,0.872559,1.000000,1.000000,0.966309,0.447266,0.993652
942.000000,600.000000,0.866699,1.000000,1.000000,0.963867,0.432617,0.989258
943.000000,600.000000,0.869629,1.000000,0.999512,0.966797,0.441406,0.987305
944.000000,600.000000,0.875977,1.000000,1.000000,0.966797,0.458008,0.992676
945.000000,600.000000,0.870117,1.000000,1.000000,0.964355,0.446289,0.977051
946.000000,600.000000,0.868652,1.000000,1.000000,0.965820,0.441406,0.988770
947.000000,600.000000,0.866699,1.000000,0.986328,0.967773,0.433594,0.992676
948.000000,600.000000,0.870117,1.000000,0.993652,0.967285,0.441406,0.983398
949.000000,600.000000,0.870605,1.000000,1.000000,0.965332,0.442383,0.992676
950.000000,600.000000,0.877441,1.000000,0.990234,0.964355,0.460938,0.987793
951.000000,600.000000,0.869141,1.000000,0.993652,0.965332,0.439453,0.979004
952.000000,600.000000,0.869141,1.000000,0.997559,0.969238,0.440430,0.992676
953.000000,600.000000,0.872070,1.000000,0.997559,0.963867,0.447266,0.993164
954.000000,600.000000,0.875977,1.000000,1.000000,0.964844,0.455078,0.993652
955.000000,600.000000,0.868652,1.000000,0.999023,0.966309,0.438477,0.992676
956.000000,600.000000,0.871582,1.000000,1.000000,0.966309,0.444336,0.992676
957.000000,600.000000,0.868164,1.000000,1.000000,0.968262,0.439453,0.990234
958.000000,600.000000,0.871582,1.000000,0.999512,0.962891,0.443359,0.994629
959.000000,600.000000,0.873535,1.000000,0.999023,0.961914,0.448242,0.992188
960.000000,600.000000,0.869141,1.000000,1.000000,0.965820,0.439453,0.991211
961.000000,600.000000,0.871094,1.000000,0.996094,0.965820,0.445312,0.989746
962.000000,600.000000,0.873535,1.000000,1.000000,0.961426,0.450195,0.992676
963.000000,600.000000,0.870605,1.000000,0.993652,0.968750,0.441406,0.982910
964.000000,600.000000,0.864746,1.000000,1.000000,0.967285,0.429688,0.988281
965.000000,600.000000,0.867188,1.000000,1.000000,0.962891,0.435547,0.991211
966.000000,600.000000,0.863281,1.000000,1.000000,0.968750,0.424805,0.993164
967.000000,600.000000,0.874023,1.000000,0.999512,0.964355,0.453125,0.991699
968.000000,600.000000,0.868164,1.000000,0.999023,0.963379,0.437500,0.992676
969.000000,600.000000,0.872559,0.000000,0.994629,0.967285,0.446289,0.991211
970.000000,600.000000,0.869141,1.000000,1.000000,0.967773,0.439453,0.980957
971.000000,600.000000,0.868652,1.000000,0.994629,0.966309,0.439453,0.992676
972.000000,600.000000,0.872559,1.000000,0.997559,0.964844,0.447266,0.988770
973.000000,600.000000,0.867188,1.000000,1.000000,0.962402,0.434570,0.993164
974.000000,600.000000,0.873535,1.000000,0.990234,0.967773,0.452148,0.988770
975.000000,600.000000,0.867676,1.000000,0.988770,0.966797,0.436523,0.990234
976.000000,600.000000,0.874023,1.000000,0.988281,0.966309,0.453125,0.994141
977.000000,600.000000,0.873535,1.000000,0.997559,0.964844,0.450195,0.990234
978.000000,600.000000,0.865723,1.000000,1.000000,0.965332,0.428711,0.986328
979.000000,600.000000,0.871094,1.000000,0.996582,0.966797,0.444336,0.987793
980.000000,600.000000,0.875000,1.000000,0.993652,0.966309,0.454102,0.990723
981.000000,600.000000,0.867188,1.000000,0.996094,0.966309,0.438477,0.983887
982.000000,600.000000,0.862305,1.000000,0.998535,0.966309,0.424805,0.990723
983.000000,600.000000,0.873535,1.000000,0.991699,0.965820,0.450195,0.984375
984.000000,600.000000,0.873047,1.000000,0.996094,0.963867,0.450195,0.991699
985.000000,600.000000,0.876953,1.000000,0.998535,0.968262,0.457031,0.986328
986.000000,600.000000,0.871094,1.000000,0.999023,0.967285,0.444336,0.986328
987.000000,600.000000,0.872070,1.000000,1.000000,0.966309,0.445312,0.991211
988.000000,600.000000,0.871094,1.000000,0.994629,0.968750,0.446289,0.993164
989.000000,600.000000,0.860840,1.000000,0.999023,0.965820,0.420898,0.988770
990.000000,600.000000,0.871094,1.000000,0.999512,0.966797,0.443359,0.987305
991.000000,600.000000,0.872559,1.000000,0.995117,0.962891,0.448242,0.993652
992.000000,600.000000,0.867188,1.000000,0.993652,0.966797,0.433594,0.985840
993.000000,600.000000,0.870605,1.000000,0.999023,0.966797,0.441406,0.992676
994.000000,600.000000,0.875488,1.000000,1.000000,0.963867,0.454102,0.990723
995.000000,600.000000,0.870605,1.000000,1.000000,0.967285,0.443359,0.987305
996.000000,600.000000,0.874023,1.000000,0.981934,0.967773,0.452148,0.992188
997.000000,600.000000,0.874023,1.000000,0.995117,0.967285,0.450195,0.992676
998.000000,600.000000,0.874023,1.000000,1.000000,0.964844,0.453125,0.993164
999.000000,600.000000,0.874023,1.000000,0.994629,0.967285,0.452148,0.993164
1000.000000,600.000000,0.873047,1.000000,0.994629,0.964355,0.449219,0.990723
1.000000,900.000000,0.906250,1.000000,0.999512,0.970215,0.581055,0.990234
2.000000,900.000000,0.905762,1.000000,1.000000,0.970215,0.579102,0.990234
3.000000,900.000000,0.908691,1.000000,0.995605,0.969727,0.590820,0.992188
4.000000,900.000000,0.904785,1.000000,1.000000,0.971191,0.575195,0.992188
5.000000,900.000000,0.905273,1.000000,0.997070,0.970703,0.579102,0.992188
6.000000,900.000000,0.906250,1.000000,1.000000,0.973145,0.582031,0.992188
7.000000,900.000000,0.908203,1.000000,0.999512,0.968262,0.587891,0.987305
8.000000,900.000000,0.910156,0.000000,0.999512,0.967773,0.593750,0.992188
9.000000,900.000000,0.906250,1.000000,0.999023,0.971191,0.579102,0.988281
10.000000,900.000000,0.906738,1.000000,1.000000,0.967773,0.583984,0.986816
11.000000,900.000000,0.905273,1.000000,0.999512,0.968262,0.575195,0.992676
12.000000,900.000000,0.905273,1.000000,0.999512,0.970215,0.578125,0.988281
13.000000,900.000000,0.908691,1.000000,1.000000,0.967773,0.589844,0.987305
14.000000,900.000000,0.905762,1.000000,0.986816,0.973145,0.580078,0.991699
15.000000,900.000000,0.904297,1.000000,1.000000,0.967773,0.578125,0.987305
16.000000,900.000000,0.909180,1.000000,0.999023,0.969727,0.589844,0.992188
17.000000,900.000000,0.907715,1.000000,0.996582,0.970215,0.584961,0.992188
18.000000,900.000000,0.902832,1.000000,1.000000,0.969727,0.571289,0.988281
19.000000,900.000000,0.906250,1.000000,1.000000,0.970703,0.584961,0.992188
20.000000,900.000000,0.903320,1.000000,0.998047,0.972168,0.573242,0.983887
21.000000,900.000000,0.908203,1.000000,0.992676,0.968750,0.583984,0.986816
22.000000,900.000000,0.904785,1.000000,0.999512,0.968262,0.579102,0.993164
23.000000,900.000000,0.908691,1.000000,0.999023,0.969727,0.588867,0.994141
24.000000,900.000000,0.905762,1.000000,0.998535,0.967285,0.582031,0.992188
25.000000,900.000000,0.910156,1.000000,0.999512,0.971191,0.592773,0.992188
26.000000,900.000000,0.903809,1.000000,1.000000,0.968262,0.569336,0.987305
27.000000,900.000000,0.909180,1.000000,0.999023,0.968262,0.590820,0.985352
28.000000,900.000000,0.903809,1.000000,0.991699,0.970215,0.572266,0.987793
29.000000,900.000000,0.910156,1.000000,0.992676,0.969727,0.591797,0.992676
30.000000,900.000000,0.906738,1.000000,0.992676,0.970215,0.582031,0.989746
31.000000,900.000000,0.906738,1.000000,0.989258,0.969727,0.583008,0.989746
32.000000,900.000000,0.909180,1.000000,1.000000,0.970215,0.591797,0.994629
33.000000,900.000000,0.905762,0.000000,1.000000,0.966309,0.582031,0.993164
34.000000,900.000000,0.908691,1.000000,0.997070,0.970215,0.587891,0.992188
35.000000,900.000000,0.907715,1.000000,0.998535,0.968750,0.587891,0.982422
36.000000,900.000000,0.904785,1.000000,0.999023,0.973145,0.575195,0.992188
37.000000,900.000000,0.911621,1.000000,1.000000,0.968750,0.597656,0.991699
38.000000,900.000000,0.906250,1.000000,1.000000,0.967285,0.583008,0.991211
39.000000,900.000000,0.904785,1.000000,1.000000,0.968750,0.579102,0.987305
40.000000,900.000000,0.909668,1.000000,1.000000,0.971191,0.595703,0.989746
41.000000,900.000000,0.906738,1.000000,0.994141,0.969727,0.583008,0.987793
42.000000,900.000000,0.905273,1.000000,0.998535,0.971680,0.580078,0.987793
43.000000,900.000000,0.909180,1.000000,1.000000,0.971680,0.590820,0.992676
44.000000,900.000000,0.903809,1.000000,0.998535,0.968262,0.572266,0.990723
45.000000,900.000000,0.907227,1.000000,1.000000,0.972168,0.583984,0.983398
46.000000,900.000000,0.907715,1.000000,0.999023,0.969727,0.584961,0.993164
47.000000,900.000000,0.903320,1.000000,0.999023,0.969238,0.573242,0.992188
48.000000,900.000000,0.913574,0.000000,0.997070,0.973633,0.610352,0.992676
49.000000,900.000000,0.908691,1.000000,1.000000,0.969727,0.591797,0.990723
50.000000,900.000000,0.908203,1.000000,0.996582,0.969727,0.589844,0.989258
51.000000,900.000000,0.913574,1.000000,1.000000,0.967773,0.605469,0.984375
52.000000,900.000000,0.907715,1.000000,0.999512,0.968750,0.585938,0.987305
53.000000,900.000000,0.905273,0.000000,0.997559,0.970215,0.578125,0.990234
54.000000,900.000000,0.906738,1.000000,0.996582,0.966797,0.580078,0.993164
55.000000,900.000000,0.908691,1.000000,0.999512,0.973633,0.587891,0.988281
56.000000,900.000000,0.908203,1.000000,1.000000,0.968262,0.584961,0.982910
57.000000,900.000000,0.903320,1.000000,1.000000,0.969727,0.571289,0.992188
58.000000,900.000000,0.912598,1.000000,1.000000,0.969238,0.606445,0.992188
59.000000,900.000000,0.903809,1.000000,0.999512,0.969727,0.572266,0.991699
60.000000,900.000000,0.905762,1.000000,0.991699,0.969238,0.583984,0.989746
61.000000,900.000000,0.907227,1.000000,1.000000,0.969727,0.586914,0.993164
62.000000,900.000000,0.911621,1.000000,0.999023,0.969727,0.596680,0.993164
63.000000,900.000000,0.906738,1.000000,1.000000,0.969727,0.580078,0.991699
64.000000,900.000000,0.909668,1.000000,0.997070,0.970703,0.590820,0.989746
65.000000,900.000000,0.905273,1.000000,1.000000,0.969727,0.575195,0.991211
66.000000,900.000000,0.906738,1.000000,0.994141,0.971680,0.584961,0.985352
67.000000,900.000000,0.910645,1.000000,0.994629,0.969238,0.594727,0.990723
68.000000,900.000000,0.907715,1.000000,0.990234,0.971191,0.587891,0.986816
69.000000,900.000000,0.909180,1.000000,0.993652,0.970703,0.592773,0.994141
70.000000,900.000000,0.909668,1.000000,1.000000,0.969238,0.594727,0.988281
71.000000,900.000000,0.910645,1.000000,0.996582,0.969238,0.594727,0.988770
72.000000,900.000000,0.905762,1.000000,0.999023,0.972168,0.581055,0.984375
73.000000,900.000000,0.909180,1.000000,0.996582,0.970703,0.593750,0.992188
74.000000,900.000000,0.906250,1.000000,0.999023,0.969238,0.579102,0.988770
75.000000,900.000000,0.913086,1.000000,0.989258,0.968262,0.601562,0.984863
76.000000,900.000000,0.904785,1.000000,0.999512,0.968750,0.581055,0.991699
77.000000,900.000000,0.903320,1.000000,0.995605,0.969727,0.572266,0.989746
78.000000,900.000000,0.906738,0.000000,0.996582,0.968262,0.586914,0.992676
79.000000,900.000000,0.908691,1.000000,0.999512,0.972168,0.589844,0.982422
80.000000,900.000000,0.906250,1.000000,0.994629,0.972168,0.579102,0.991211
81.000000,900.000000,0.910156,1.000000,1.000000,0.971191,0.593750,0.987793
82.000000,900.000000,0.904297,1.000000,1.000000,0.968750,0.573242,0.987793
83.000000,900.000000,0.910645,1.000000,0.999023,0.972656,0.597656,0.991211
84.000000,900.000000,0.902832,1.000000,0.999512,0.970703,0.572266,0.988281
85.000000,900.000000,0.904297,1.000000,1.000000,0.969238,0.574219,0.988281
86.000000,900.000000,0.907227,1.000000,0.998535,0.968750,0.583008,0.984375
87.000000,900.000000,0.909668,1.000000,1.000000,0.970215,0.591797,0.992188
88.000000,900.000000,0.905762,1.000000,0.998047,0.969238,0.576172,0.988281
89.000000,900.000000,0.906738,1.000000,1.000000,0.970215,0.583008,0.993164
90.000000,900.000000,0.907227,1.000000,0.989258,0.972168,0.584961,0.983398
91.000000,900.000000,0.909180,1.000000,1.000000,0.970703,0.589844,0.992676
92.000000,900.000000,0.909180,1.000000,1.000000,0.972168,0.593750,0.992188
93.000000,900.000000,0.909668,1.000000,0.999512,0.972168,0.591797,0.989746
94.000000,900.000000,0.903320,1.000000,0.996582,0.973145,0.576172,0.991699
95.000000,900.000000,0.903809,1.000000,0.999512,0.972168,0.572266,0.991211
96.000000,900.000000,0.911621,1.000000,1.000000,0.969727,0.600586,0.992188
97.000000,900.000000,0.912109,1.000000,1.000000,0.971191,0.602539,0.989258
98.000000,900.000000,0.904297,1.000000,1.000000,0.971680,0.577148,0.986816
99.000000,900.000000,0.908203,1.000000,0.999023,0.971680,0.586914,0.992188
100.000000,900.000000,0.903809,0.000000,0.994629,0.969238,0.577148,0.989258
101.000000,900.000000,0.904297,1.000000,0.999512,0.970703,0.576172,0.990723
102.000000,900.000000,0.908691,1.000000,0.995605,0.968750,0.585938,0.992188
103.000000,900.000000,0.907715,1.000000,0.999023,0.970703,0.589844,0.988770
104.000000,900.000000,0.906250,1.000000,0.999023,0.971680,0.580078,0.989258
105.000000,900.000000,0.910645,1.000000,0.994629,0.969238,0.596680,0.993164
106.000000,900.000000,0.908203,1.000000,0.999023,0.970215,0.588867,0.987305
107.000000,900.000000,0.907715,1.000000,0.996582,0.966797,0.587891,0.992676
108.000000,900.000000,0.904785,1.000000,0.998535,0.969727,0.576172,0.991699
109.000000,900.000000,0.911133,1.000000,1.000000,0.967773,0.596680,0.988770
110.000000,900.000000,0.902832,1.000000,1.000000,0.968750,0.572266,0.988281
111.000000,900.000000,0.909180,1.000000,1.000000,0.971680,0.588867,0.983398
112.000000,900.000000,0.908203,1.000000,1.000000,0.968750,0.588867,0.987305
113.000000,900.000000,0.905273,1.000000,1.000000,0.971191,0.574219,0.991211
114.000000,900.000000,0.905273,1.000000,0.994629,0.971680,0.578125,0.992676
115.000000,900.000000,0.910156,1.000000,0.996582,0.967285,0.595703,0.990234
116.000000,900.000000,0.909180,1.000000,1.000000,0.968750,0.593750,0.987305
117.000000,900.000000,0.906250,1.000000,0.996582,0.970703,0.583008,0.992188
118.000000,900.000000,0.906738,1.000000,1.000000,0.969727,0.583008,0.992188
119.000000,900.000000,0.908691,1.000000,1.000000,0.971191,0.589844,0.990723
120.000000,900.000000,0.904297,1.000000,0.999512,0.968750,0.576172,0.992676
121.000000,900.000000,0.907715,1.000000,0.999512,0.970703,0.589844,0.990723
122.000000,900.000000,0.907715,1.000000,0.999512,0.968750,0.586914,0.992188
123.000000,900.000000,0.911133,1.000000,0.996582,0.970703,0.593750,0.989746
124.000000,900.000000,0.909668,1.000000,0.997070,0.969727,0.586914,0.991699
125.000000,900.000000,0.909668,1.000000,0.999023,0.972168,0.592773,0.982910
126.000000,900.000000,0.904297,1.000000,0.997070,0.967773,0.572266,0.990234
127.000000,900.000000,0.907715,1.000000,0.990723,0.969238,0.583008,0.992676
128.000000,900.000000,0.907227,1.000000,0.995605,0.967285,0.584961,0.983887
129.000000,900.000000,0.909668,1.000000,0.999023,0.971191,0.592773,0.993164
130.000000,900.000000,0.910156,1.000000,0.983887,0.972656,0.592773,0.992188
131.000000,900.000000,0.906738,1.000000,0.995605,0.971680,0.582031,0.989258
132.000000,900.000000,0.908203,1.000000,1.000000,0.971680,0.590820,0.992188
133.000000,900.000000,0.910156,1.000000,1.000000,0.971191,0.592773,0.992188
134.000000,900.000000,0.909180,1.000000,0.997070,0.969727,0.591797,0.987305
135.000000,900.000000,0.909180,1.000000,1.000000,0.973633,0.592773,0.983398
136.000000,900.000000,0.911621,1.000000,0.999023,0.970703,0.600586,0.990723
137.000000,900.000000,0.908203,1.000000,0.991699,0.968262,0.586914,0.991211
138.000000,900.000000,0.905273,1.000000,0.991699,0.969727,0.576172,0.993652
139.000000,900.000000,0.908203,1.000000,0.991699,0.968262,0.588867,0.990234
140.000000,900.000000,0.906738,1.000000,0.992676,0.971191,0.584961,0.991211
141.000000,900.000000,0.905762,1.000000,1.000000,0.971680,0.586914,0.981934
142.000000,900.000000,0.913574,1.000000,0.996582,0.971191,0.606445,0.985352
143.000000,900.000000,0.912598,1.000000,1.000000,0.968262,0.601562,0.988770
144.000000,900.000000,0.908203,1.000000,0.995605,0.967285,0.590820,0.988770
145.000000,900.000000,0.909180,1.000000,0.999023,0.971680,0.596680,0.992188
146.000000,900.000000,0.910156,1.000000,0.995605,0.974121,0.595703,0.990723
147.000000,900.000000,0.909180,1.000000,0.995605,0.970215,0.595703,0.990234
148.000000,900.000000,0.905273,0.000000,0.998535,0.968750,0.577148,0.992188
149.000000,900.000000,0.908203,1.000000,0.998047,0.968262,0.589844,0.988770
150.000000,900.000000,0.907227,1.000000,1.000000,0.968750,0.584961,0.976562
151.000000,900.000000,0.904785,1.000000,0.993652,0.970703,0.571289,0.991699
152.000000,900.000000,0.905762,1.000000,0.997070,0.971191,0.583008,0.992676
153.000000,900.000000,0.907227,1.000000,0.997559,0.971680,0.583008,0.990234
154.000000,900.000000,0.904785,1.000000,0.997559,0.971191,0.578125,0.989746
155.000000,900.000000,0.908691,1.000000,0.999023,0.969238,0.591797,0.990234
156.000000,900.000000,0.908691,1.000000,0.997070,0.970215,0.591797,0.982910
157.000000,900.000000,0.906250,1.000000,0.999512,0.970215,0.582031,0.988770
158.000000,900.000000,0.906250,1.000000,0.996582,0.971191,0.580078,0.982910
159.000000,900.000000,0.909180,1.000000,1.000000,0.970215,0.589844,0.982422
160.000000,900.000000,0.903320,1.000000,0.994629,0.970215,0.573242,0.991211
161.000000,900.000000,0.905762,1.000000,0.999023,0.971191,0.580078,0.989258
162.000000,900.000000,0.909180,1.000000,0.989258,0.967773,0.593750,0.984375
163.000000,900.000000,0.903809,1.000000,0.998535,0.968262,0.573242,0.991699
164.000000,900.000000,0.901367,1.000000,1.000000,0.972168,0.567383,0.990723
165.000000,900.000000,0.906738,1.000000,0.998047,0.970215,0.583984,0.988281
166.000000,900.000000,0.910645,1.000000,0.998535,0.967773,0.594727,0.990723
167.000000,900.000000,0.914062,1.000000,0.997559,0.968262,0.608398,0.988770
168.000000,900.000000,0.907227,1.000000,0.999023,0.967773,0.585938,0.988281
169.000000,900.000000,0.907227,1.000000,1.000000,0.969238,0.585938,0.989258
170.000000,900.000000,0.904785,1.000000,0.986816,0.972168,0.577148,0.982910
171.000000,900.000000,0.899902,1.000000,0.994629,0.970703,0.557617,0.992188
172.000000,900.000000,0.907227,0.000000,0.997070,0.966309,0.585938,0.986328
173.000000,900.000000,0.905762,1.000000,0.998535,0.969238,0.578125,0.992188
174.000000,900.000000,0.909668,1.000000,1.000000,0.970703,0.592773,0.990723
175.000000,900.000000,0.912109,1.000000,0.997559,0.970215,0.601562,0.993164
176.000000,900.000000,0.906250,1.000000,0.996582,0.972168,0.577148,0.986816
177.000000,900.000000,0.907227,1.000000,0.997070,0.969238,0.586914,0.992676
178.000000,900.000000,0.905762,1.000000,1.000000,0.969238,0.579102,0.992188
179.000000,900.000000,0.907227,1.000000,0.995605,0.970215,0.581055,0.988770
180.000000,900.000000,0.905762,1.000000,0.998535,0.972168,0.581055,0.983398
181.000000,900.000000,0.908203,1.000000,0.999023,0.969238,0.584961,0.990723
182.000000,900.000000,0.907715,1.000000,0.994629,0.972168,0.584961,0.986328
183.000000,900.000000,0.907227,1.000000,0.979980,0.969727,0.583984,0.983887
184.000000,900.000000,0.907227,1.000000,0.995605,0.966309,0.583984,0.991211
185.000000,900.000000,0.911621,1.000000,0.994629,0.972168,0.597656,0.988281
186.000000,900.000000,0.912598,1.000000,0.996582,0.970703,0.599609,0.992188
187.000000,900.000000,0.903320,1.000000,0.990234,0.967773,0.571289,0.993164
188.000000,900.000000,0.904297,0.000000,0.996582,0.972168,0.577148,0.988281
189.000000,900.000000,0.906250,1.000000,0.994141,0.969238,0.587891,0.989258
190.000000,900.000000,0.907715,1.000000,0.999512,0.970703,0.587891,0.991699
191.000000,900.000000,0.909668,1.000000,1.000000,0.969238,0.590820,0.992676
192.000000,900.000000,0.911621,1.000000,0.999512,0.969727,0.597656,0.992676
193.000000,900.000000,0.908691,1.000000,0.998535,0.968750,0.587891,0.991211
194.000000,900.000000,0.904785,1.000000,1.000000,0.969238,0.578125,0.983398
195.000000,900.000000,0.906738,1.000000,1.000000,0.968750,0.588867,0.983887
196.000000,900.000000,0.901367,0.000000,0.998535,0.971191,0.569336,0.990723
197.000000,900.000000,0.910156,0.000000,0.999023,0.969727,0.594727,0.988281
198.000000,900.000000,0.905762,1.000000,0.998535,0.967285,0.581055,0.989746
199.000000,900.000000,0.906738,0.000000,1.000000,0.968262,0.583984,0.989746
200.000000,900.000000,0.906250,1.000000,1.000000,0.970215,0.581055,0.989258
201.000000,900.000000,0.906738,1.000000,0.991699,0.970215,0.581055,0.990723
202.000000,900.000000,0.906738,1.000000,0.997070,0.971680,0.584961,0.993652
203.000000,900.000000,0.911621,1.000000,0.986328,0.969727,0.601562,0.988281
204.000000,900.000000,0.906250,1.000000,1.000000,0.970703,0.581055,0.992188
205.000000,900.000000,0.907715,1.000000,0.999512,0.971191,0.583984,0.985840
206.000000,900.000000,0.907227,1.000000,0.999512,0.968750,0.584961,0.988281
207.000000,900.000000,0.909668,1.000000,0.997559,0.968750,0.596680,0.991699
208.000000,900.000000,0.907227,1.000000,0.994629,0.966797,0.583008,0.989258
209.000000,900.000000,0.905762,1.000000,1.000000,0.970215,0.579102,0.989746
210.000000,900.000000,0.909668,1.000000,0.999512,0.972168,0.593750,0.991211
211.000000,900.000000,0.909668,1.000000,0.991699,0.969727,0.592773,0.993652
212.000000,900.000000,0.902344,1.000000,0.997070,0.970703,0.565430,0.992188
213.000000,900.000000,0.904297,1.000000,0.998535,0.970703,0.569336,0.988770
214.000000,900.000000,0.906738,1.000000,1.000000,0.969727,0.590820,0.992676
215.000000,900.000000,0.907715,1.000000,1.000000,0.968750,0.586914,0.992676
216.000000,900.000000,0.906738,1.000000,1.000000,0.971680,0.582031,0.981934
217.000000,900.000000,0.905273,1.000000,0.999512,0.969727,0.582031,0.992188
218.000000,900.000000,0.908203,1.000000,0.979980,0.969727,0.587891,0.984863
219.000000,900.000000,0.910645,1.000000,0.994141,0.971191,0.597656,0.992188
220.000000,900.000000,0.901855,1.000000,0.998535,0.968750,0.571289,0.988281
221.000000,900.000000,0.907715,1.000000,0.994141,0.970703,0.585938,0.989258
222.000000,900.000000,0.914062,1.000000,0.998535,0.969727,0.603516,0.989746
223.000000,900.000000,0.908203,1.000000,0.995605,0.971191,0.588867,0.983887
224.000000,900.000000,0.910156,1.000000,0.994629,0.969727,0.592773,0.989746
225.000000,900.000000,0.908203,1.000000,1.000000,0.968262,0.585938,0.983398
226.000000,900.000000,0.907715,1.000000,0.994141,0.971191,0.588867,0.986328
227.000000,900.000000,0.904297,1.000000,0.998535,0.971191,0.576172,0.991211
228.000000,900.000000,0.907227,1.000000,0.999023,0.969238,0.585938,0.992676
229.000000,900.000000,0.902344,1.000000,1.000000,0.968262,0.568359,0.992676
230.000000,900.000000,0.906250,1.000000,1.000000,0.968262,0.581055,0.991211
231.000000,900.000000,0.905273,1.000000,0.998535,0.972168,0.580078,0.989258
232.000000,900.000000,0.912109,1.000000,0.998047,0.970703,0.602539,0.987793
233.000000,900.000000,0.907715,1.000000,0.990723,0.972168,0.585938,0.991699
234.000000,900.000000,0.908203,1.000000,0.991699,0.971191,0.583008,0.992676
235.000000,900.000000,0.905273,1.000000,0.999023,0.967773,0.581055,0.990234
236.000000,900.000000,0.908691,1.000000,1.000000,0.968750,0.589844,0.988770
237.000000,900.000000,0.909668,1.000000,0.995605,0.970215,0.591797,0.989258
238.000000,900.000000,0.907227,1.000000,0.999512,0.968262,0.583984,0.992188
239.000000,900.000000,0.910645,1.000000,1.000000,0.968750,0.597656,0.987305
240.000000,900.000000,0.907715,1.000000,0.999023,0.969238,0.587891,0.990723
241.000000,900.000000,0.907227,1.000000,0.999023,0.967773,0.585938,0.987305
242.000000,900.000000,0.905273,1.000000,0.998047,0.966797,0.579102,0.985352
243.000000,900.000000,0.907227,1.000000,1.000000,0.969238,0.581055,0.993164
244.000000,900.000000,0.903809,1.000000,0.997070,0.969238,0.574219,0.992188
245.000000,900.000000,0.905273,1.000000,0.994629,0.970215,0.581055,0.986816
246.000000,900.000000,0.908203,1.000000,1.000000,0.969238,0.589844,0.987305
247.000000,900.000000,0.909180,1.000000,0.981934,0.971191,0.594727,0.990723
248.000000,900.000000,0.907227,1.000000,0.997070,0.968750,0.584961,0.988770
249.000000,900.000000,0.908203,1.000000,0.999023,0.970215,0.586914,0.992188
250.000000,900.000000,0.909180,1.000000,0.995605,0.969727,0.593750,0.983398
251.000000,900.000000,0.903320,1.000000,0.995605,0.970703,0.572266,0.989746
252.000000,900.000000,0.901367,1.000000,0.995605,0.968750,0.567383,0.992188
253.000000,900.000000,0.904297,1.000000,0.998535,0.971680,0.580078,0.989746
254.000000,900.000000,0.911133,1.000000,0.980469,0.969238,0.597656,0.988281
255.000000,900.000000,0.905273,1.000000,0.999512,0.971191,0.576172,0.990234
256.000000,900.000000,0.907715,1.000000,0.999512,0.968262,0.585938,0.977539
257.000000,900.000000,0.905273,1.000000,0.997070,0.969238,0.579102,0.988281
258.000000,900.000000,0.904297,1.000000,0.991699,0.968262,0.578125,0.992676
259.000000,900.000000,0.905273,1.000000,0.990723,0.972168,0.578125,0.988770
260.000000,900.000000,0.905273,1.000000,0.980469,0.971191,0.575195,0.982910
261.000000,900.000000,0.907715,1.000000,0.994629,0.968750,0.584961,0.992676
262.000000,900.000000,0.908691,1.000000,0.999512,0.969727,0.588867,0.990723
263.000000,900.000000,0.905762,1.000000,0.999023,0.969238,0.580078,0.992676
264.000000,900.000000,0.909180,1.000000,0.996582,0.970703,0.591797,0.984863
265.000000,900.000000,0.908203,1.000000,0.998047,0.970215,0.585938,0.990234
266.000000,900.000000,0.909668,1.000000,0.999512,0.972168,0.596680,0.990234
267.000000,900.000000,0.907715,1.000000,0.996582,0.971191,0.586914,0.987793
268.000000,900.000000,0.905762,1.000000,1.000000,0.969727,0.581055,0.986328
269.000000,900.000000,0.905273,1.000000,1.000000,0.965820,0.579102,0.980957
270.000000,900.000000,0.903320,1.000000,0.987793,0.970215,0.575195,0.990723
271.000000,900.000000,0.910156,1.000000,0.997070,0.970703,0.594727,0.991211
272.000000,900.000000,0.907227,1.000000,0.991699,0.970215,0.583984,0.987305
273.000000,900.000000,0.906250,1.000000,0.994141,0.970703,0.578125,0.989746
274.000000,900.000000,0.909668,1.000000,1.000000,0.971191,0.591797,0.985352
275.000000,900.000000,0.907715,1.000000,0.997070,0.971680,0.587891,0.993164
276.000000,900.000000,0.909668,1.000000,0.994629,0.970703,0.596680,0.988281
277.000000,900.000000,0.905762,1.000000,1.000000,0.970215,0.583008,0.991211
278.000000,900.000000,0.909668,1.000000,0.999023,0.968262,0.589844,0.992188
279.000000,900.000000,0.909668,1.000000,1.000000,0.967773,0.589844,0.987305
280.000000,900.000000,0.907227,1.000000,0.998535,0.968750,0.583008,0.983398
281.000000,900.000000,0.903809,1.000000,0.996582,0.968750,0.572266,0.989258
282.000000,900.000000,0.902832,1.000000,0.999023,0.969238,0.570312,0.989258
283.000000,900.000000,0.906250,1.000000,0.999023,0.970703,0.579102,0.991211
284.000000,900.000000,0.908691,1.000000,0.999512,0.970703,0.588867,0.994629
285.000000,900.000000,0.908691,1.000000,0.994141,0.970703,0.585938,0.990234
286.000000,900.000000,0.907227,0.000000,1.000000,0.968750,0.584961,0.986328
287.000000,900.000000,0.904785,1.000000,0.998047,0.968750,0.579102,0.992676
288.000000,900.000000,0.906738,1.000000,0.999023,0.968262,0.586914,0.985840
289.000000,900.000000,0.911133,1.000000,0.999512,0.970215,0.594727,0.990234
290.000000,900.000000,0.908691,0.000000,0.991699,0.967285,0.592773,0.992188
291.000000,900.000000,0.905273,1.000000,0.990234,0.968750,0.576172,0.992676
292.000000,900.000000,0.907715,1.000000,0.998047,0.971680,0.588867,0.984863
293.000000,900.000000,0.909668,1.000000,1.000000,0.971191,0.593750,0.986816
294.000000,900.000000,0.901855,1.000000,0.993652,0.971191,0.572266,0.991211
295.000000,900.000000,0.911133,1.000000,0.999512,0.969727,0.598633,0.992188
296.000000,900.000000,0.908691,1.000000,0.999512,0.970703,0.587891,0.990723
297.000000,900.000000,0.906250,1.000000,0.989258,0.971191,0.583008,0.992188
298.000000,900.000000,0.907227,1.000000,0.994141,0.970215,0.585938,0.985352
299.000000,900.000000,0.905762,1.000000,0.998535,0.969238,0.580078,0.992188
300.000000,900.000000,0.898926,1.000000,0.999023,0.969727,0.560547,0.985352
301.000000,900.000000,0.911133,0.000000,1.000000,0.973145,0.595703,0.992188
302.000000,900.000000,0.902832,1.000000,0.993652,0.970215,0.572266,0.986328
303.000000,900.000000,0.903809,1.000000,0.999512,0.971191,0.572266,0.986328
304.000000,900.000000,0.903809,1.000000,1.000000,0.971191,0.576172,0.992188
305.000000,900.000000,0.909668,1.000000,0.999023,0.966309,0.592773,0.990234
306.000000,900.000000,0.905762,1.000000,0.995605,0.969727,0.581055,0.990723
307.000000,900.000000,0.907227,1.000000,1.000000,0.970215,0.583984,0.993164
308.000000,900.000000,0.903809,1.000000,0.999023,0.968750,0.577148,0.988770
309.000000,900.000000,0.909180,1.000000,0.999512,0.970703,0.592773,0.991699
310.000000,900.000000,0.906250,1.000000,0.994141,0.968750,0.581055,0.992676
311.000000,900.000000,0.910156,1.000000,0.999512,0.968750,0.597656,0.992188
312.000000,900.000000,0.909180,1.000000,0.998047,0.969238,0.589844,0.982910
313.000000,900.000000,0.904297,1.000000,1.000000,0.971191,0.572266,0.987305
314.000000,900.000000,0.903320,1.000000,0.991699,0.971680,0.571289,0.982422
315.000000,900.000000,0.900879,1.000000,1.000000,0.971191,0.562500,0.991699
316.000000,900.000000,0.907715,1.000000,0.998535,0.972168,0.581055,0.989258
317.000000,900.000000,0.904785,1.000000,0.991699,0.970703,0.578125,0.991699
318.000000,900.000000,0.906738,1.000000,0.986328,0.971191,0.581055,0.988770
319.000000,900.000000,0.904785,1.000000,0.991699,0.970215,0.579102,0.990723
320.000000,900.000000,0.906738,1.000000,0.999023,0.969727,0.585938,0.985352
321.000000,900.000000,0.910156,1.000000,0.996582,0.970703,0.593750,0.992188
322.000000,900.000000,0.904785,1.000000,1.000000,0.970215,0.583008,0.985352
323.000000,900.000000,0.908203,1.000000,1.000000,0.968750,0.589844,0.982910
324.000000,900.000000,0.907227,0.000000,0.994629,0.970215,0.586914,0.986328
325.000000,900.000000,0.910156,0.000000,1.000000,0.973145,0.592773,0.982910
326.000000,900.000000,0.904297,1.000000,0.998535,0.970215,0.573242,0.987793
327.000000,900.000000,0.906738,1.000000,0.999512,0.969727,0.583008,0.978027
328.000000,900.000000,0.907227,1.000000,0.997559,0.970703,0.583984,0.993652
329.000000,900.000000,0.907715,1.000000,0.989258,0.969238,0.588867,0.983887
330.000000,900.000000,0.906250,1.000000,0.996582,0.968262,0.582031,0.989746
331.000000,900.000000,0.908203,1.000000,0.999512,0.970703,0.590820,0.992676
332.000000,900.000000,0.905762,1.000000,0.998047,0.968750,0.576172,0.988770
333.000000,900.000000,0.910156,1.000000,0.991699,0.969238,0.594727,0.992676
334.000000,900.000000,0.910645,1.000000,1.000000,0.969238,0.595703,0.992188
335.000000,900.000000,0.908203,1.000000,0.987793,0.971191,0.589844,0.987305
336.000000,900.000000,0.905762,0.000000,0.992676,0.969238,0.581055,0.992188
337.000000,900.000000,0.908203,1.000000,0.997070,0.971680,0.588867,0.988770
338.000000,900.000000,0.902832,1.000000,0.999023,0.968262,0.565430,0.989258
339.000000,900.000000,0.905762,1.000000,0.995605,0.970215,0.580078,0.988770
340.000000,900.000000,0.905273,1.000000,0.994141,0.971191,0.579102,0.992188
341.000000,900.000000,0.908691,1.000000,0.991699,0.966797,0.586914,0.985840
342.000000,900.000000,0.906738,1.000000,0.998047,0.971191,0.581055,0.989258
343.000000,900.000000,0.909180,1.000000,0.999512,0.968750,0.591797,0.991699
344.000000,900.000000,0.910645,1.000000,1.000000,0.970215,0.599609,0.986328
345.000000,900.000000,0.907227,1.000000,0.999512,0.972656,0.585938,0.984375
346.000000,900.000000,0.906738,1.000000,1.000000,0.972168,0.583008,0.992188
347.000000,900.000000,0.904297,1.000000,0.994629,0.970703,0.575195,0.978516
348.000000,900.000000,0.911621,1.000000,0.996582,0.970215,0.602539,0.986328
349.000000,900.000000,0.907227,1.000000,1.000000,0.968750,0.587891,0.982422
350.000000,900.000000,0.910645,1.000000,0.999512,0.968262,0.595703,0.991211
351.000000,900.000000,0.906250,1.000000,0.994141,0.970703,0.584961,0.983887
352.000000,900.000000,0.907227,1.000000,0.999512,0.967285,0.583008,0.979492
353.000000,900.000000,0.906738,1.000000,1.000000,0.965820,0.586914,0.985840
354.000000,900.000000,0.907227,1.000000,0.999512,0.969238,0.587891,0.993164
355.000000,900.000000,0.909668,1.000000,0.998535,0.969238,0.591797,0.984375
356.000000,900.000000,0.908691,1.000000,1.000000,0.967773,0.589844,0.992188
357.000000,900.000000,0.907227,1.000000,0.999512,0.971191,0.586914,0.988770
358.000000,900.000000,0.909180,1.000000,0.995605,0.968750,0.588867,0.992188
359.000000,900.000000,0.907715,1.000000,1.000000,0.970215,0.583008,0.992676
360.000000,900.000000,0.905273,1.000000,0.994629,0.968262,0.580078,0.989746
361.000000,900.000000,0.916016,1.000000,1.000000,0.972168,0.615234,0.991211
362.000000,900.000000,0.906738,1.000000,0.997070,0.970215,0.584961,0.990723
363.000000,900.000000,0.904297,1.000000,1.000000,0.968750,0.574219,0.989746
364.000000,900.000000,0.909180,1.000000,0.998535,0.972168,0.590820,0.989258
365.000000,900.000000,0.908691,1.000000,0.989258,0.969238,0.584961,0.987305
366.000000,900.000000,0.907715,1.000000,0.998535,0.970703,0.585938,0.989258
367.000000,900.000000,0.902344,1.000000,0.987793,0.969727,0.570312,0.987305
368.000000,900.000000,0.906250,1.000000,0.999023,0.971680,0.583984,0.988281
369.000000,900.000000,0.907227,1.000000,0.995605,0.970215,0.585938,0.993164
370.000000,900.000000,0.911133,1.000000,0.999512,0.969238,0.595703,0.989746
371.000000,900.000000,0.902832,1.000000,0.994629,0.971191,0.577148,0.986328
372.000000,900.000000,0.910645,1.000000,0.992676,0.968750,0.593750,0.984375
373.000000,900.000000,0.903809,1.000000,1.000000,0.972168,0.573242,0.982910
374.000000,900.000000,0.905273,1.000000,0.994629,0.970215,0.576172,0.993164
375.000000,900.000000,0.911621,0.000000,0.997559,0.969727,0.599609,0.989258
376.000000,900.000000,0.904785,1.000000,0.984863,0.971680,0.576172,0.988281
377.000000,900.000000,0.906738,1.000000,0.999512,0.964844,0.582031,0.990723
378.000000,900.000000,0.904297,0.000000,0.997070,0.968750,0.580078,0.986816
379.000000,900.000000,0.909668,1.000000,1.000000,0.970215,0.591797,0.988281
380.000000,900.000000,0.905762,1.000000,0.999512,0.971191,0.580078,0.989746
381.000000,900.000000,0.909180,1.000000,1.000000,0.971191,0.590820,0.986328
382.000000,900.000000,0.908203,1.000000,0.997070,0.971191,0.586914,0.988770
383.000000,900.000000,0.911621,0.000000,0.999023,0.970703,0.599609,0.992676
384.000000,900.000000,0.905273,1.000000,0.991699,0.968262,0.579102,0.989746
385.000000,900.000000,0.906250,1.000000,0.997559,0.971191,0.585938,0.993164
386.000000,900.000000,0.905273,1.000000,1.000000,0.970215,0.577148,0.991211
387.000000,900.000000,0.908691,1.000000,0.999512,0.967773,0.589844,0.991699
388.000000,900.000000,0.903809,1.000000,0.994629,0.969238,0.575195,0.983398
389.000000,900.000000,0.903320,1.000000,0.996582,0.968750,0.575195,0.987305
390.000000,900.000000,0.906250,1.000000,0.998047,0.967773,0.583008,0.985840
391.000000,900.000000,0.907715,1.000000,1.000000,0.969727,0.584961,0.992188
392.000000,900.000000,0.902832,1.000000,0.999512,0.968750,0.571289,0.989258
393.000000,900.000000,0.908691,1.000000,0.998535,0.968262,0.590820,0.992188
394.000000,900.000000,0.912598,1.000000,0.997070,0.970215,0.604492,0.982422
395.000000,900.000000,0.907227,1.000000,0.989258,0.972656,0.583984,0.990234
396.000000,900.000000,0.903320,1.000000,0.997070,0.969727,0.572266,0.988770
397.000000,900.000000,0.908691,0.000000,1.000000,0.967773,0.592773,0.986328
398.000000,900.000000,0.904297,1.000000,0.999023,0.968750,0.576172,0.992676
399.000000,900.000000,0.906738,1.000000,0.994629,0.967773,0.583008,0.988770
400.000000,900.000000,0.908691,1.000000,0.998535,0.969727,0.588867,0.988281
401.000000,900.000000,0.905762,1.000000,0.998535,0.967285,0.574219,0.984375
402.000000,900.000000,0.907227,1.000000,0.999512,0.972656,0.583008,0.991211
403.000000,900.000000,0.908203,1.000000,0.999512,0.968262,0.592773,0.992676
404.000000,900.000000,0.904785,1.000000,1.000000,0.968262,0.580078,0.990234
405.000000,900.000000,0.909180,1.000000,0.996582,0.971680,0.590820,0.977051
406.000000,900.000000,0.911621,1.000000,0.997559,0.969727,0.595703,0.989746
407.000000,900.000000,0.908691,1.000000,0.998535,0.969727,0.589844,0.993164
408.000000,900.000000,0.906250,1.000000,0.992676,0.968262,0.582031,0.992188
409.000000,900.000000,0.908691,1.000000,0.999512,0.968750,0.590820,0.987305
410.000000,900.000000,0.909180,1.000000,0.998535,0.969727,0.590820,0.985840
411.000000,900.000000,0.905273,1.000000,0.999512,0.970703,0.579102,0.991699
412.000000,900.000000,0.910156,1.000000,0.998535,0.968750,0.592773,0.986816
413.000000,900.000000,0.908691,1.000000,0.998535,0.973145,0.588867,0.990234
414.000000,900.000000,0.910156,1.000000,0.998535,0.968750,0.596680,0.992188
415.000000,900.000000,0.903320,1.000000,0.989258,0.972656,0.571289,0.987793
416.000000,900.000000,0.910645,1.000000,0.998535,0.970703,0.592773,0.993164
417.000000,900.000000,0.904297,1.000000,0.997559,0.971191,0.577148,0.992188
418.000000,900.000000,0.905762,1.000000,0.981934,0.970215,0.583984,0.994141
419.000000,900.000000,0.909180,1.000000,0.998535,0.968750,0.590820,0.993164
420.000000,900.000000,0.906738,1.000000,0.991699,0.969727,0.584961,0.985840
421.000000,900.000000,0.913086,1.000000,0.999512,0.970703,0.607422,0.992188
422.000000,900.000000,0.908691,1.000000,0.997070,0.971680,0.586914,0.988770
423.000000,900.000000,0.910645,1.000000,1.000000,0.968750,0.594727,0.988770
424.000000,900.000000,0.900879,1.000000,0.990234,0.970703,0.563477,0.990723
425.000000,900.000000,0.911133,1.000000,0.996582,0.969727,0.597656,0.989258
426.000000,900.000000,0.913574,1.000000,0.999023,0.971680,0.605469,0.988281
427.000000,900.000000,0.905762,1.000000,0.957031,0.971680,0.580078,0.987305
428.000000,900.000000,0.903809,1.000000,0.997559,0.967773,0.575195,0.988281
429.000000,900.000000,0.907227,1.000000,0.998535,0.970215,0.583984,0.992188
430.000000,900.000000,0.903809,1.000000,1.000000,0.968750,0.570312,0.991211
431.000000,900.000000,0.903320,1.000000,0.990723,0.967285,0.578125,0.993164
432.000000,900.000000,0.905762,1.000000,0.999512,0.969727,0.583008,0.988281
433.000000,900.000000,0.911621,1.000000,0.998535,0.968750,0.597656,0.993652
434.000000,900.000000,0.906738,1.000000,0.994141,0.971191,0.583984,0.993164
435.000000,900.000000,0.907715,1.000000,0.991699,0.970703,0.588867,0.989258
436.000000,900.000000,0.905273,1.000000,0.993652,0.969238,0.573242,0.988770
437.000000,900.000000,0.907227,1.000000,0.999023,0.971680,0.585938,0.984863
438.000000,900.000000,0.912598,1.000000,1.000000,0.966797,0.600586,0.983398
439.000000,900.000000,0.908691,1.000000,0.999512,0.967285,0.591797,0.990723
440.000000,900.000000,0.905762,1.000000,1.000000,0.970215,0.583008,0.987305
441.000000,900.000000,0.909180,1.000000,1.000000,0.970215,0.595703,0.992188
442.000000,900.000000,0.906738,1.000000,0.999512,0.971680,0.584961,0.982910
443.000000,900.000000,0.905762,1.000000,0.998535,0.971680,0.581055,0.988281
444.000000,900.000000,0.912109,1.000000,0.994141,0.970215,0.604492,0.992188
445.000000,900.000000,0.904785,1.000000,0.992676,0.970215,0.578125,0.983887
446.000000,900.000000,0.903809,1.000000,0.997559,0.970703,0.568359,0.983887
447.000000,900.000000,0.906738,1.000000,0.997559,0.970703,0.584961,0.992676
448.000000,900.000000,0.904785,1.000000,0.997070,0.970703,0.576172,0.990234
449.000000,900.000000,0.907715,1.000000,0.995605,0.971680,0.586914,0.989746
450.000000,900.000000,0.906250,1.000000,1.000000,0.968262,0.584961,0.989258
451.000000,900.000000,0.905762,0.000000,0.998535,0.970703,0.579102,0.990723
452.000000,900.000000,0.903809,1.000000,0.998535,0.971191,0.574219,0.985840
453.000000,900.000000,0.908203,1.000000,0.999023,0.970215,0.589844,0.980469
454.000000,900.000000,0.909668,1.000000,1.000000,0.969238,0.594727,0.990234
455.000000,900.000000,0.908203,1.000000,0.995605,0.970703,0.586914,0.989258
456.000000,900.000000,0.905273,1.000000,1.000000,0.968750,0.583008,0.990234
457.000000,900.000000,0.902344,1.000000,0.999512,0.969238,0.569336,0.984375
458.000000,900.000000,0.906738,1.000000,0.998535,0.970703,0.584961,0.990234
459.000000,900.000000,0.907227,1.000000,0.997559,0.970215,0.584961,0.992188
460.000000,900.000000,0.903809,1.000000,0.989258,0.973633,0.573242,0.990234
461.000000,900.000000,0.905273,1.000000,0.997559,0.971680,0.575195,0.985840
462.000000,900.000000,0.907227,1.000000,0.996582,0.971680,0.589844,0.986328
463.000000,900.000000,0.905762,1.000000,0.996582,0.969727,0.578125,0.994629
464.000000,900.000000,0.915039,1.000000,1.000000,0.971680,0.610352,0.980469
465.000000,900.000000,0.911133,1.000000,1.000000,0.972168,0.592773,0.992676
466.000000,900.000000,0.907715,0.000000,1.000000,0.970215,0.583984,0.991699
467.000000,900.000000,0.906738,1.000000,1.000000,0.974121,0.583008,0.986816
468.000000,900.000000,0.908691,1.000000,0.995605,0.971191,0.586914,0.992188
469.000000,900.000000,0.908203,1.000000,0.992676,0.972168,0.590820,0.992676
470.000000,900.000000,0.902344,1.000000,1.000000,0.968750,0.571289,0.992676
471.000000,900.000000,0.904785,1.000000,0.994629,0.968750,0.581055,0.982422
472.000000,900.000000,0.905273,1.000000,0.998535,0.968750,0.582031,0.989746
473.000000,900.000000,0.906738,1.000000,0.996582,0.969238,0.583008,0.985352
474.000000,900.000000,0.909668,1.000000,0.998047,0.970703,0.595703,0.988770
475.000000,900.000000,0.909668,1.000000,0.992676,0.973145,0.599609,0.989258
476.000000,900.000000,0.905273,1.000000,0.997070,0.969727,0.581055,0.993164
477.000000,900.000000,0.907715,1.000000,0.999512,0.972168,0.586914,0.983887
478.000000,900.000000,0.911621,1.000000,0.997559,0.969727,0.600586,0.989746
479.000000,900.000000,0.905273,1.000000,0.998535,0.970215,0.578125,0.992188
480.000000,900.000000,0.909668,1.000000,0.976562,0.969238,0.596680,0.991211
481.000000,900.000000,0.914062,1.000000,0.999023,0.970215,0.608398,0.992676
482.000000,900.000000,0.906738,1.000000,1.000000,0.971680,0.583984,0.992188
483.000000,900.000000,0.906250,1.000000,0.998535,0.970215,0.583008,0.992676
484.000000,900.000000,0.906738,1.000000,0.994629,0.969727,0.581055,0.987793
485.000000,900.000000,0.910645,1.000000,0.999512,0.971191,0.594727,0.992188
486.000000,900.000000,0.907227,1.000000,0.999512,0.970215,0.583008,0.993164
487.000000,900.000000,0.905762,1.000000,0.997559,0.970703,0.581055,0.986816
488.000000,900.000000,0.906738,1.000000,0.999023,0.968750,0.588867,0.987793
489.000000,900.000000,0.904785,1.000000,0.993652,0.968262,0.578125,0.982910
490.000000,900.000000,0.906250,1.000000,0.996582,0.969727,0.584961,0.984863
491.000000,900.000000,0.905273,1.000000,1.000000,0.971191,0.581055,0.990723
492.000000,900.000000,0.906738,1.000000,0.999512,0.968262,0.579102,0.991211
493.000000,900.000000,0.903809,1.000000,0.999512,0.966309,0.574219,0.990234
494.000000,900.000000,0.906250,1.000000,0.997070,0.969727,0.582031,0.990723
495.000000,900.000000,0.907715,1.000000,0.986328,0.970215,0.587891,0.991699
496.000000,900.000000,0.904785,0.000000,1.000000,0.968262,0.573242,0.988770
497.000000,900.000000,0.910156,1.000000,1.000000,0.972168,0.593750,0.993164
498.000000,900.000000,0.905273,1.000000,0.998535,0.970215,0.580078,0.989258
499.000000,900.000000,0.908691,1.000000,0.996582,0.971191,0.585938,0.987793
500.000000,900.000000,0.909180,1.000000,0.998535,0.970215,0.591797,0.988770
501.000000,900.000000,0.914551,1.000000,1.000000,0.974121,0.607422,0.984863
502.000000,900.000000,0.902344,1.000000,0.998535,0.971680,0.569336,0.990234
503.000000,900.000000,0.909180,1.000000,0.999023,0.968750,0.591797,0.986328
504.000000,900.000000,0.902832,1.000000,0.996582,0.969727,0.579102,0.980469
505.000000,900.000000,0.907227,1.000000,0.999512,0.970215,0.581055,0.981934
506.000000,900.000000,0.902344,1.000000,0.995605,0.969238,0.572266,0.992188
507.000000,900.000000,0.907715,1.000000,0.999512,0.970703,0.588867,0.990234
508.000000,900.000000,0.912109,1.000000,0.998047,0.966309,0.600586,0.991699
509.000000,900.000000,0.909180,1.000000,0.999023,0.969727,0.590820,0.992188
510.000000,900.000000,0.906738,1.000000,0.972656,0.968750,0.583008,0.992188
511.000000,900.000000,0.908691,1.000000,0.997559,0.969727,0.584961,0.991211
512.000000,900.000000,0.905273,1.000000,0.999023,0.970703,0.576172,0.983887
513.000000,900.000000,0.907227,1.000000,0.992676,0.966797,0.585938,0.990723
514.000000,900.000000,0.900391,1.000000,0.999512,0.971191,0.563477,0.988281
515.000000,900.000000,0.913086,1.000000,1.000000,0.968750,0.608398,0.990723
516.000000,900.000000,0.907227,0.000000,0.995605,0.968262,0.586914,0.989746
517.000000,900.000000,0.906738,1.000000,0.997070,0.972656,0.584961,0.988281
518.000000,900.000000,0.905273,1.000000,0.999023,0.971680,0.578125,0.987305
519.000000,900.000000,0.909668,1.000000,0.999512,0.972168,0.589844,0.992188
520.000000,900.000000,0.905762,1.000000,0.994629,0.970703,0.583984,0.990234
521.000000,900.000000,0.908691,1.000000,1.000000,0.971680,0.588867,0.992676
522.000000,900.000000,0.910645,1.000000,0.998047,0.970215,0.592773,0.990723
523.000000,900.000000,0.902344,1.000000,0.999023,0.970215,0.569336,0.989746
524.000000,900.000000,0.908203,1.000000,0.999023,0.970703,0.584961,0.990723
525.000000,900.000000,0.911133,1.000000,0.997559,0.972168,0.596680,0.992188
526.000000,900.000000,0.908691,0.000000,0.999023,0.971680,0.588867,0.991699
527.000000,900.000000,0.905762,1.000000,0.997070,0.968750,0.580078,0.990234
528.000000,900.000000,0.908691,1.000000,0.998535,0.972656,0.589844,0.984863
529.000000,900.000000,0.903809,0.000000,1.000000,0.966309,0.575195,0.989746
530.000000,900.000000,0.906738,1.000000,0.997559,0.970703,0.583984,0.992188
531.000000,900.000000,0.905273,1.000000,0.999512,0.971680,0.579102,0.991699
532.000000,900.000000,0.907715,1.000000,1.000000,0.968750,0.587891,0.985840
533.000000,900.000000,0.906250,1.000000,1.000000,0.969238,0.584961,0.982910
534.000000,900.000000,0.907227,1.000000,0.998535,0.971191,0.583008,0.988770
535.000000,900.000000,0.907227,1.000000,0.997559,0.970215,0.584961,0.991211
536.000000,900.000000,0.905762,1.000000,0.991699,0.972168,0.581055,0.981445
537.000000,900.000000,0.907227,1.000000,0.995605,0.969238,0.583984,0.991699
538.000000,900.000000,0.907715,1.000000,0.994629,0.970703,0.583008,0.986328
539.000000,900.000000,0.903320,1.000000,0.984863,0.969727,0.570312,0.992676
540.000000,900.000000,0.904785,1.000000,0.997559,0.970215,0.578125,0.993164
541.000000,900.000000,0.907227,1.000000,0.995605,0.967285,0.583008,0.987793
542.000000,900.000000,0.901367,1.000000,0.998535,0.969727,0.565430,0.992188
543.000000,900.000000,0.912109,1.000000,0.998047,0.968750,0.596680,0.987305
544.000000,900.000000,0.904785,1.000000,0.999512,0.966797,0.578125,0.992188
545.000000,900.000000,0.909180,1.000000,0.999023,0.968750,0.592773,0.984863
546.000000,900.000000,0.910156,1.000000,0.994141,0.974121,0.592773,0.988770
547.000000,900.000000,0.909668,1.000000,0.984863,0.965332,0.596680,0.986816
548.000000,900.000000,0.908691,0.000000,0.999512,0.969727,0.590820,0.985352
549.000000,900.000000,0.906738,1.000000,0.997070,0.971191,0.584961,0.993164
550.000000,900.000000,0.906250,1.000000,0.999023,0.967285,0.580078,0.991699
551.000000,900.000000,0.903320,1.000000,0.999512,0.967773,0.576172,0.988770
552.000000,900.000000,0.908203,1.000000,0.996582,0.968262,0.591797,0.991211
553.000000,900.000000,0.909180,1.000000,1.000000,0.971191,0.592773,0.992188
554.000000,900.000000,0.912109,1.000000,0.994629,0.970703,0.603516,0.993164
555.000000,900.000000,0.909668,1.000000,0.999512,0.972168,0.594727,0.989746
556.000000,900.000000,0.908203,1.000000,0.995605,0.969727,0.585938,0.991699
557.000000,900.000000,0.906738,1.000000,0.999023,0.969238,0.588867,0.991699
558.000000,900.000000,0.907227,1.000000,0.990234,0.971680,0.584961,0.987305
559.000000,900.000000,0.901855,1.000000,0.999023,0.969238,0.566406,0.988281
560.000000,900.000000,0.908203,1.000000,0.998535,0.968750,0.589844,0.992188
561.000000,900.000000,0.906738,1.000000,0.997559,0.970703,0.583984,0.988770
562.000000,900.000000,0.906250,1.000000,0.991699,0.968750,0.580078,0.989258
563.000000,900.000000,0.908691,1.000000,0.999512,0.971680,0.591797,0.990234
564.000000,900.000000,0.908203,1.000000,0.998047,0.968262,0.585938,0.987793
565.000000,900.000000,0.902832,1.000000,0.998047,0.969727,0.568359,0.989746
566.000000,900.000000,0.908203,1.000000,1.000000,0.972168,0.586914,0.987305
567.000000,900.000000,0.908691,1.000000,0.992676,0.971680,0.593750,0.989258
568.000000,900.000000,0.908203,1.000000,0.993652,0.968262,0.584961,0.992676
569.000000,900.000000,0.908203,1.000000,1.000000,0.966797,0.585938,0.989746
570.000000,900.000000,0.908691,1.000000,0.998047,0.973145,0.585938,0.992188
571.000000,900.000000,0.911133,0.000000,0.997070,0.970703,0.595703,0.990723
572.000000,900.000000,0.911621,1.000000,0.999023,0.968750,0.600586,0.990234
573.000000,900.000000,0.911621,1.000000,1.000000,0.971680,0.597656,0.991699
574.000000,900.000000,0.903809,1.000000,0.999023,0.969238,0.573242,0.985352
575.000000,900.000000,0.914062,1.000000,0.997559,0.969727,0.608398,0.992188
576.000000,900.000000,0.903320,1.000000,0.997559,0.970703,0.574219,0.989746
577.000000,900.000000,0.910645,1.000000,0.991699,0.969727,0.595703,0.993164
578.000000,900.000000,0.908203,1.000000,1.000000,0.970215,0.586914,0.992188
579.000000,900.000000,0.906250,1.000000,0.985352,0.970215,0.585938,0.991699
580.000000,900.000000,0.907227,1.000000,0.999512,0.969727,0.588867,0.993164
581.000000,900.000000,0.900879,1.000000,0.983887,0.971191,0.564453,0.984375
582.000000,900.000000,0.905762,1.000000,1.000000,0.972656,0.583984,0.991211
583.000000,900.000000,0.906738,1.000000,0.998535,0.969238,0.583008,0.992188
584.000000,900.000000,0.911621,1.000000,1.000000,0.969727,0.602539,0.990723
585.000000,900.000000,0.904297,0.000000,0.999512,0.968262,0.576172,0.989746
586.000000,900.000000,0.908691,1.000000,0.999512,0.970703,0.590820,0.991211
587.000000,900.000000,0.907715,1.000000,1.000000,0.972168,0.585938,0.985352
588.000000,900.000000,0.904785,1.000000,0.998535,0.968750,0.585938,0.985840
589.000000,900.000000,0.906738,1.000000,0.998535,0.970703,0.582031,0.992676
590.000000,900.000000,0.907715,1.000000,0.998047,0.970215,0.585938,0.992676
591.000000,900.000000,0.906738,1.000000,0.997559,0.970215,0.583008,0.982910
592.000000,900.000000,0.908203,1.000000,0.997559,0.969238,0.584961,0.990723
593.000000,900.000000,0.908691,1.000000,1.000000,0.970215,0.588867,0.992676
594.000000,900.000000,0.902832,1.000000,0.988281,0.969238,0.573242,0.986328
595.000000,900.000000,0.904297,1.000000,0.999512,0.966309,0.578125,0.992676
596.000000,900.000000,0.907227,1.000000,0.999512,0.970215,0.585938,0.985352
597.000000,900.000000,0.905273,1.000000,1.000000,0.969238,0.579102,0.985352
598.000000,900.000000,0.902832,1.000000,0.993652,0.969238,0.567383,0.990723
599.000000,900.000000,0.903809,1.000000,0.997070,0.967773,0.575195,0.992676
600.000000,900.000000,0.901855,1.000000,0.997559,0.968750,0.567383,0.990234
601.000000,900.000000,0.908203,1.000000,0.999512,0.971680,0.589844,0.991699
602.000000,900.000000,0.909668,1.000000,1.000000,0.972168,0.592773,0.992188
603.000000,900.000000,0.908691,1.000000,0.983398,0.971191,0.584961,0.992676
604.000000,900.000000,0.902344,1.000000,0.986328,0.970215,0.562500,0.992676
605.000000,900.000000,0.909668,1.000000,0.992676,0.971191,0.593750,0.992188
606.000000,900.000000,0.910645,1.000000,0.999023,0.971191,0.602539,0.991699
607.000000,900.000000,0.903809,1.000000,1.000000,0.971680,0.572266,0.992676
608.000000,900.000000,0.905273,1.000000,0.994629,0.968750,0.577148,0.992188
609.000000,900.000000,0.907227,1.000000,0.992676,0.972168,0.584961,0.992676
610.000000,900.000000,0.913086,1.000000,1.000000,0.970215,0.605469,0.988770
611.000000,900.000000,0.904785,1.000000,1.000000,0.967773,0.579102,0.991211
612.000000,900.000000,0.905762,1.000000,0.999023,0.971191,0.583008,0.989258
613.000000,900.000000,0.908691,1.000000,0.998535,0.972168,0.588867,0.991699
614.000000,900.000000,0.909180,1.000000,0.995605,0.971191,0.590820,0.987793
615.000000,900.000000,0.910156,1.000000,0.993652,0.970703,0.588867,0.993164
616.000000,900.000000,0.907227,1.000000,0.998535,0.970215,0.584961,0.989746
617.000000,900.000000,0.907227,1.000000,0.999512,0.971680,0.580078,0.988770
618.000000,900.000000,0.908691,0.000000,0.996582,0.970703,0.590820,0.986328
619.000000,900.000000,0.905273,1.000000,0.998535,0.967285,0.579102,0.993164
620.000000,900.000000,0.905273,1.000000,0.999512,0.970703,0.576172,0.993164
621.000000,900.000000,0.908691,1.000000,0.997070,0.972656,0.587891,0.987305
622.000000,900.000000,0.910645,1.000000,0.998047,0.971191,0.593750,0.989258
623.000000,900.000000,0.905273,1.000000,0.997559,0.972168,0.576172,0.992188
624.000000,900.000000,0.906738,1.000000,0.994629,0.968750,0.585938,0.994629
625.000000,900.000000,0.907715,1.000000,0.994141,0.968750,0.586914,0.992676
626.000000,900.000000,0.907715,1.000000,0.998535,0.968750,0.587891,0.992676
627.000000,900.000000,0.908691,1.000000,1.000000,0.970215,0.586914,0.989746
628.000000,900.000000,0.903809,1.000000,0.978516,0.972168,0.576172,0.988770
629.000000,900.000000,0.907715,1.000000,1.000000,0.969727,0.583984,0.993652
630.000000,900.000000,0.900879,1.000000,0.999023,0.974121,0.562500,0.993164
631.000000,900.000000,0.904785,1.000000,0.999512,0.968750,0.579102,0.993652
632.000000,900.000000,0.906250,1.000000,0.997070,0.968750,0.581055,0.990723
633.000000,900.000000,0.911133,1.000000,1.000000,0.968750,0.597656,0.993164
634.000000,900.000000,0.906250,1.000000,0.998535,0.971191,0.582031,0.992188
635.000000,900.000000,0.908691,1.000000,0.999512,0.969238,0.589844,0.983398
636.000000,900.000000,0.902344,1.000000,0.995605,0.971191,0.566406,0.992188
637.000000,900.000000,0.904297,1.000000,0.976562,0.971191,0.574219,0.992188
638.000000,900.000000,0.904785,1.000000,0.996582,0.969727,0.575195,0.989258
639.000000,900.000000,0.911133,1.000000,0.996582,0.971680,0.594727,0.989746
640.000000,900.000000,0.909180,1.000000,0.980469,0.972168,0.592773,0.985352
641.000000,900.000000,0.905762,1.000000,0.998047,0.968262,0.582031,0.993164
642.000000,900.000000,0.910645,1.000000,0.968750,0.967285,0.595703,0.982910
643.000000,900.000000,0.901855,1.000000,0.998535,0.971191,0.568359,0.987305
644.000000,900.000000,0.901855,1.000000,0.999023,0.972656,0.567383,0.992676
645.000000,900.000000,0.908203,1.000000,0.990723,0.968262,0.591797,0.985352
646.000000,900.000000,0.907227,1.000000,0.997559,0.967773,0.586914,0.991699
647.000000,900.000000,0.906250,1.000000,0.999023,0.970703,0.583984,0.992188
648.000000,900.000000,0.907715,1.000000,0.999023,0.969727,0.585938,0.993164
649.000000,900.000000,0.905762,1.000000,1.000000,0.969238,0.583008,0.991211
650.000000,900.000000,0.908203,1.000000,0.983887,0.968262,0.585938,0.982910
651.000000,900.000000,0.912109,1.000000,0.994629,0.969727,0.598633,0.992676
652.000000,900.000000,0.906250,1.000000,0.998535,0.967773,0.585938,0.992188
653.000000,900.000000,0.909668,1.000000,0.998535,0.971191,0.593750,0.992188
654.000000,900.000000,0.907227,1.000000,0.994629,0.969727,0.581055,0.978027
655.000000,900.000000,0.907715,1.000000,1.000000,0.970215,0.589844,0.988281
656.000000,900.000000,0.904297,1.000000,0.979980,0.967285,0.573242,0.989258
657.000000,900.000000,0.909180,1.000000,0.999023,0.970215,0.589844,0.992188
658.000000,900.000000,0.905762,1.000000,0.992676,0.968750,0.582031,0.990723
659.000000,900.000000,0.908691,1.000000,0.997070,0.969238,0.590820,0.990234
660.000000,900.000000,0.904297,1.000000,0.999023,0.971680,0.572266,0.987305
661.000000,900.000000,0.904785,1.000000,1.000000,0.971680,0.574219,0.987793
662.000000,900.000000,0.906738,1.000000,1.000000,0.969727,0.583984,0.991211
663.000000,900.000000,0.913086,1.000000,1.000000,0.970703,0.600586,0.983398
664.000000,900.000000,0.905762,1.000000,0.999512,0.968750,0.581055,0.991211
665.000000,900.000000,0.910645,1.000000,1.000000,0.966309,0.595703,0.981934
666.000000,900.000000,0.909668,1.000000,1.000000,0.970703,0.593750,0.988281
667.000000,900.000000,0.908203,1.000000,0.994629,0.971191,0.585938,0.992676
668.000000,900.000000,0.909180,1.000000,0.989258,0.969727,0.588867,0.987793
669.000000,900.000000,0.906250,1.000000,1.000000,0.970215,0.579102,0.992188
670.000000,900.000000,0.908203,1.000000,1.000000,0.972168,0.592773,0.994629
671.000000,900.000000,0.907227,1.000000,1.000000,0.970215,0.583008,0.992188
672.000000,900.000000,0.909180,1.000000,0.994629,0.973633,0.596680,0.991211
673.000000,900.000000,0.907715,1.000000,1.000000,0.971680,0.586914,0.992188
674.000000,900.000000,0.904785,1.000000,0.989258,0.968750,0.577148,0.986328
675.000000,900.000000,0.909180,1.000000,0.998535,0.972656,0.588867,0.990723
676.000000,900.000000,0.906250,1.000000,0.999023,0.971680,0.578125,0.994629
677.000000,900.000000,0.901367,1.000000,0.997559,0.971680,0.565430,0.983398
678.000000,900.000000,0.908203,1.000000,0.998535,0.966797,0.585938,0.986328
679.000000,900.000000,0.907715,1.000000,1.000000,0.966309,0.583984,0.991211
680.000000,900.000000,0.905762,1.000000,0.997070,0.970215,0.583984,0.989258
681.000000,900.000000,0.910645,1.000000,1.000000,0.969727,0.595703,0.993164
682.000000,900.000000,0.910645,1.000000,0.995605,0.969238,0.593750,0.985840
683.000000,900.000000,0.902832,1.000000,1.000000,0.973633,0.573242,0.988281
684.000000,900.000000,0.905273,1.000000,1.000000,0.965332,0.579102,0.990723
685.000000,900.000000,0.910645,1.000000,0.997070,0.969238,0.596680,0.984863
686.000000,900.000000,0.910645,1.000000,0.998535,0.967285,0.599609,0.989746
687.000000,900.000000,0.906738,1.000000,0.991699,0.971680,0.584961,0.991699
688.000000,900.000000,0.909668,0.000000,0.999023,0.967773,0.592773,0.986328
689.000000,900.000000,0.909668,1.000000,0.998535,0.969727,0.593750,0.991699
690.000000,900.000000,0.901855,1.000000,0.984863,0.969238,0.568359,0.991211
691.000000,900.000000,0.900879,1.000000,0.990234,0.970703,0.565430,0.990234
692.000000,900.000000,0.908691,1.000000,0.998535,0.969727,0.589844,0.991211
693.000000,900.000000,0.904297,1.000000,0.992676,0.969727,0.577148,0.993164
694.000000,900.000000,0.907715,1.000000,0.999023,0.971191,0.584961,0.986328
695.000000,900.000000,0.910645,1.000000,1.000000,0.970703,0.593750,0.990723
696.000000,900.000000,0.914062,1.000000,0.997070,0.968750,0.610352,0.988281
697.000000,900.000000,0.909668,1.000000,0.999512,0.968750,0.596680,0.991211
698.000000,900.000000,0.907227,1.000000,0.994141,0.970703,0.586914,0.989746
699.000000,900.000000,0.904297,1.000000,0.999512,0.971191,0.570312,0.990723
700.000000,900.000000,0.908203,0.000000,1.000000,0.970215,0.592773,0.990723
701.000000,900.000000,0.907227,1.000000,1.000000,0.970703,0.583984,0.992676
702.000000,900.000000,0.909668,1.000000,0.985352,0.972656,0.594727,0.983887
703.000000,900.000000,0.907715,1.000000,1.000000,0.967773,0.586914,0.992676
704.000000,900.000000,0.905762,1.000000,0.996582,0.969238,0.578125,0.979492
705.000000,900.000000,0.903320,1.000000,1.000000,0.971680,0.574219,0.989746
706.000000,900.000000,0.907227,0.000000,1.000000,0.966797,0.583984,0.982422
707.000000,900.000000,0.904785,1.000000,0.983887,0.967285,0.578125,0.988281
708.000000,900.000000,0.907715,1.000000,0.999023,0.972656,0.585938,0.995117
709.000000,900.000000,0.910645,1.000000,0.996582,0.966797,0.600586,0.991699
710.000000,900.000000,0.907715,1.000000,0.998535,0.970215,0.587891,0.990723
711.000000,900.000000,0.913086,1.000000,1.000000,0.970703,0.606445,0.990723
712.000000,900.000000,0.910156,1.000000,0.997070,0.968262,0.594727,0.990723
713.000000,900.000000,0.904785,1.000000,1.000000,0.970215,0.576172,0.992188
714.000000,900.000000,0.907715,1.000000,0.987793,0.968262,0.591797,0.991211
715.000000,900.000000,0.909180,1.000000,0.999512,0.971191,0.590820,0.991211
716.000000,900.000000,0.908203,1.000000,0.990234,0.970703,0.586914,0.986328
717.000000,900.000000,0.910156,1.000000,1.000000,0.972656,0.598633,0.992188
718.000000,900.000000,0.905273,0.000000,0.992676,0.972168,0.579102,0.984863
719.000000,900.000000,0.906250,1.000000,0.994141,0.971191,0.583984,0.986816
720.000000,900.000000,0.905762,1.000000,0.999512,0.969727,0.579102,0.992188
721.000000,900.000000,0.909180,1.000000,0.985352,0.971191,0.587891,0.984375
722.000000,900.000000,0.909668,1.000000,0.986816,0.970215,0.592773,0.992188
723.000000,900.000000,0.908691,1.000000,0.999512,0.968750,0.589844,0.987305
724.000000,900.000000,0.909180,1.000000,0.994629,0.970215,0.591797,0.987305
725.000000,900.000000,0.909668,1.000000,0.999512,0.967773,0.590820,0.987793
726.000000,900.000000,0.904785,1.000000,0.995605,0.967285,0.577148,0.988281
727.000000,900.000000,0.909668,1.000000,1.000000,0.969727,0.593750,0.984863
728.000000,900.000000,0.908691,1.000000,0.998535,0.968262,0.590820,0.979492
729.000000,900.000000,0.909180,1.000000,0.996582,0.972656,0.591797,0.991699
730.000000,900.000000,0.903320,1.000000,0.999023,0.968750,0.570312,0.983398
731.000000,900.000000,0.911621,1.000000,0.999512,0.968750,0.599609,0.992188
732.000000,900.000000,0.905762,1.000000,1.000000,0.971680,0.581055,0.989258
733.000000,900.000000,0.907227,1.000000,0.983887,0.971680,0.588867,0.992188
734.000000,900.000000,0.910156,1.000000,1.000000,0.970703,0.596680,0.991211
735.000000,900.000000,0.910645,1.000000,0.999023,0.971191,0.597656,0.982422
736.000000,900.000000,0.904297,1.000000,0.999512,0.968750,0.577148,0.992188
737.000000,900.000000,0.906738,1.000000,0.999512,0.970703,0.584961,0.993164
738.000000,900.000000,0.909668,1.000000,0.999512,0.970215,0.592773,0.992188
739.000000,900.000000,0.907227,1.000000,1.000000,0.967285,0.584961,0.989258
740.000000,900.000000,0.902832,1.000000,1.000000,0.971680,0.569336,0.982422
741.000000,900.000000,0.903320,1.000000,0.997070,0.970703,0.567383,0.990723
742.000000,900.000000,0.908691,1.000000,0.990234,0.969727,0.596680,0.986816
743.000000,900.000000,0.913574,1.000000,0.999023,0.970215,0.604492,0.992676
744.000000,900.000000,0.906738,1.000000,1.000000,0.968750,0.583984,0.991211
745.000000,900.000000,0.909180,1.000000,0.980469,0.971680,0.590820,0.990723
746.000000,900.000000,0.906738,1.000000,0.999512,0.969238,0.585938,0.982422
747.000000,900.000000,0.905273,1.000000,0.998535,0.970703,0.575195,0.991211
748.000000,900.000000,0.903809,1.000000,0.989258,0.967773,0.573242,0.989746
749.000000,900.000000,0.905762,1.000000,0.999023,0.968750,0.580078,0.990234
750.000000,900.000000,0.908203,1.000000,0.986816,0.971191,0.583008,0.992188
751.000000,900.000000,0.905273,1.000000,1.000000,0.970703,0.575195,0.987793
752.000000,900.000000,0.905762,1.000000,0.999023,0.972656,0.581055,0.992676
753.000000,900.000000,0.909668,1.000000,0.999023,0.972168,0.594727,0.991699
754.000000,900.000000,0.908691,0.000000,0.999023,0.967285,0.584961,0.992188
755.000000,900.000000,0.909668,1.000000,1.000000,0.972656,0.589844,0.989258
756.000000,900.000000,0.899414,1.000000,0.993652,0.970703,0.560547,0.992188
757.000000,900.000000,0.912598,1.000000,0.999023,0.971680,0.599609,0.991699
758.000000,900.000000,0.906738,1.000000,1.000000,0.970215,0.583984,0.985352
759.000000,900.000000,0.902832,1.000000,0.996582,0.970215,0.577148,0.989746
760.000000,900.000000,0.901367,1.000000,1.000000,0.969727,0.569336,0.992676
761.000000,900.000000,0.912109,0.000000,1.000000,0.968750,0.602539,0.993164
762.000000,900.000000,0.913574,1.000000,0.999512,0.971191,0.608398,0.987305
763.000000,900.000000,0.908691,1.000000,0.999023,0.969238,0.586914,0.990234
764.000000,900.000000,0.905762,1.000000,0.998535,0.970703,0.579102,0.988770
765.000000,900.000000,0.902832,1.000000,1.000000,0.970215,0.570312,0.990723
766.000000,900.000000,0.905273,1.000000,0.998535,0.971191,0.574219,0.991211
767.000000,900.000000,0.909668,1.000000,0.989258,0.967773,0.589844,0.992188
768.000000,900.000000,0.905762,1.000000,1.000000,0.970703,0.579102,0.977539
769.000000,900.000000,0.911133,1.000000,0.999512,0.970215,0.597656,0.992676
770.000000,900.000000,0.904785,1.000000,1.000000,0.971191,0.576172,0.989258
771.000000,900.000000,0.904785,1.000000,1.000000,0.967285,0.575195,0.982422
772.000000,900.000000,0.907227,0.000000,1.000000,0.967285,0.582031,0.992188
773.000000,900.000000,0.904785,1.000000,0.997070,0.972656,0.578125,0.992188
774.000000,900.000000,0.907715,1.000000,0.997070,0.972656,0.583008,0.992188
775.000000,900.000000,0.907227,1.000000,0.999512,0.971191,0.585938,0.983398
776.000000,900.000000,0.906250,1.000000,0.996582,0.972656,0.584961,0.991699
777.000000,900.000000,0.910645,0.000000,0.999023,0.969727,0.594727,0.992676
778.000000,900.000000,0.902832,1.000000,0.999512,0.968262,0.572266,0.991699
779.000000,900.000000,0.905273,1.000000,0.997070,0.970703,0.578125,0.992188
780.000000,900.000000,0.903320,1.000000,0.995605,0.972168,0.572266,0.989746
781.000000,900.000000,0.907227,1.000000,0.995605,0.969727,0.587891,0.992676
782.000000,900.000000,0.908203,0.000000,0.999023,0.972656,0.592773,0.987793
783.000000,900.000000,0.907715,1.000000,0.988281,0.969727,0.583008,0.989258
784.000000,900.000000,0.905762,1.000000,0.999512,0.972168,0.582031,0.990234
785.000000,900.000000,0.901855,1.000000,0.992676,0.972656,0.568359,0.992676
786.000000,900.000000,0.908203,1.000000,0.989258,0.971191,0.588867,0.992188
787.000000,900.000000,0.908691,1.000000,1.000000,0.972168,0.591797,0.991211
788.000000,900.000000,0.910156,1.000000,0.998535,0.970215,0.594727,0.992676
789.000000,900.000000,0.908691,1.000000,1.000000,0.969238,0.586914,0.984375
790.000000,900.000000,0.904297,1.000000,0.995605,0.970215,0.572266,0.992188
791.000000,900.000000,0.910645,1.000000,0.998047,0.973145,0.597656,0.992676
792.000000,900.000000,0.900391,1.000000,1.000000,0.969238,0.562500,0.988770
793.000000,900.000000,0.902344,1.000000,0.987793,0.968262,0.570312,0.990234
794.000000,900.000000,0.909668,1.000000,1.000000,0.970703,0.594727,0.992188
795.000000,900.000000,0.909180,1.000000,0.998535,0.967773,0.589844,0.992188
796.000000,900.000000,0.903320,1.000000,0.993652,0.969238,0.571289,0.990234
797.000000,900.000000,0.908203,1.000000,0.997559,0.970703,0.585938,0.993652
798.000000,900.000000,0.908691,1.000000,1.000000,0.970703,0.588867,0.978027
799.000000,900.000000,0.906250,1.000000,1.000000,0.969238,0.587891,0.985840
800.000000,900.000000,0.903809,1.000000,1.000000,0.968750,0.569336,0.989746
801.000000,900.000000,0.905762,1.000000,1.000000,0.969238,0.580078,0.991699
802.000000,900.000000,0.908203,1.000000,0.999512,0.969238,0.587891,0.992188
803.000000,900.000000,0.907715,1.000000,1.000000,0.972656,0.588867,0.992676
804.000000,900.000000,0.903809,1.000000,0.997559,0.972168,0.581055,0.986328
805.000000,900.000000,0.907715,1.000000,0.999023,0.972168,0.588867,0.992676
806.000000,900.000000,0.911133,1.000000,1.000000,0.971680,0.600586,0.991211
807.000000,900.000000,0.903809,1.000000,0.997070,0.969727,0.570312,0.984863
808.000000,900.000000,0.905273,1.000000,0.999023,0.971680,0.582031,0.988281
809.000000,900.000000,0.910156,1.000000,0.997070,0.971191,0.590820,0.986816
810.000000,900.000000,0.908203,1.000000,0.979980,0.968262,0.589844,0.985352
811.000000,900.000000,0.910156,1.000000,0.999023,0.972656,0.598633,0.987305
812.000000,900.000000,0.906738,1.000000,0.995605,0.970215,0.583984,0.990234
813.000000,900.000000,0.909668,1.000000,0.999512,0.969727,0.597656,0.990723
814.000000,900.000000,0.906250,1.000000,0.999023,0.969727,0.586914,0.990234
815.000000,900.000000,0.907715,1.000000,0.999512,0.973145,0.585938,0.986328
816.000000,900.000000,0.905273,1.000000,1.000000,0.967285,0.579102,0.987305
817.000000,900.000000,0.908203,1.000000,0.997559,0.971191,0.585938,0.992188
818.000000,900.000000,0.905762,1.000000,0.998535,0.970703,0.583008,0.992188
819.000000,900.000000,0.904785,1.000000,0.999512,0.967773,0.579102,0.992188
820.000000,900.000000,0.913086,1.000000,0.989258,0.966797,0.604492,0.992676
821.000000,900.000000,0.908691,1.000000,0.999512,0.970215,0.587891,0.988770
822.000000,900.000000,0.909668,1.000000,1.000000,0.969238,0.592773,0.992188
823.000000,900.000000,0.903809,1.000000,0.999023,0.965820,0.574219,0.982422
824.000000,900.000000,0.912109,1.000000,1.000000,0.970703,0.598633,0.991699
825.000000,900.000000,0.911133,1.000000,0.998535,0.971191,0.596680,0.984863
826.000000,900.000000,0.907227,1.000000,0.994141,0.972168,0.585938,0.988770
827.000000,900.000000,0.909668,0.000000,0.996582,0.968262,0.589844,0.989746
828.000000,900.000000,0.912109,1.000000,1.000000,0.971191,0.598633,0.992188
829.000000,900.000000,0.907227,1.000000,0.997559,0.972168,0.588867,0.989746
830.000000,900.000000,0.902832,1.000000,0.999023,0.970703,0.570312,0.985840
831.000000,900.000000,0.906250,1.000000,0.998047,0.970703,0.581055,0.992188
832.000000,900.000000,0.907715,1.000000,0.994629,0.967773,0.586914,0.990234
833.000000,900.000000,0.909668,1.000000,1.000000,0.968262,0.593750,0.985352
834.000000,900.000000,0.906738,1.000000,1.000000,0.971191,0.585938,0.991699
835.000000,900.000000,0.908203,1.000000,0.998535,0.970703,0.584961,0.990234
836.000000,900.000000,0.909668,1.000000,0.990234,0.970703,0.591797,0.986328
837.000000,900.000000,0.906250,1.000000,1.000000,0.968750,0.581055,0.983887
838.000000,900.000000,0.906738,1.000000,0.994629,0.968750,0.580078,0.993164
839.000000,900.000000,0.908691,1.000000,0.997070,0.970703,0.588867,0.992188
840.000000,900.000000,0.907227,1.000000,0.992676,0.968262,0.587891,0.984863
841.000000,900.000000,0.907227,1.000000,0.995605,0.969727,0.588867,0.982422
842.000000,900.000000,0.906250,1.000000,0.998535,0.971191,0.581055,0.990234
843.000000,900.000000,0.904297,1.000000,0.990234,0.969727,0.572266,0.991699
844.000000,900.000000,0.901855,1.000000,1.000000,0.967773,0.569336,0.992188
845.000000,900.000000,0.906738,1.000000,0.989258,0.970215,0.580078,0.989746
846.000000,900.000000,0.906250,1.000000,0.999023,0.970215,0.578125,0.986816
847.000000,900.000000,0.907227,1.000000,0.996582,0.968262,0.589844,0.989746
848.000000,900.000000,0.902832,1.000000,0.996582,0.972168,0.570312,0.988770
849.000000,900.000000,0.908203,1.000000,1.000000,0.971191,0.586914,0.988770
850.000000,900.000000,0.906250,1.000000,1.000000,0.972168,0.578125,0.992188
851.000000,900.000000,0.908203,1.000000,1.000000,0.968750,0.590820,0.990234
852.000000,900.000000,0.913086,1.000000,0.999512,0.970703,0.603516,0.992676
853.000000,900.000000,0.915039,1.000000,1.000000,0.970215,0.610352,0.983887
854.000000,900.000000,0.906250,1.000000,0.976562,0.969238,0.584961,0.991211
855.000000,900.000000,0.906250,1.000000,0.980469,0.970215,0.581055,0.990234
856.000000,900.000000,0.903320,1.000000,1.000000,0.971191,0.571289,0.980957
857.000000,900.000000,0.907715,1.000000,0.999512,0.971191,0.586914,0.992676
858.000000,900.000000,0.906738,1.000000,0.998535,0.969727,0.581055,0.992676
859.000000,900.000000,0.904297,1.000000,0.974609,0.969727,0.576172,0.985352
860.000000,900.000000,0.905762,1.000000,0.999023,0.967773,0.576172,0.992676
861.000000,900.000000,0.904785,1.000000,0.981934,0.968750,0.577148,0.987793
862.000000,900.000000,0.906250,1.000000,1.000000,0.970703,0.586914,0.987305
863.000000,900.000000,0.908203,1.000000,0.997070,0.972168,0.589844,0.989258
864.000000,900.000000,0.908203,1.000000,0.994629,0.969727,0.587891,0.992188
865.000000,900.000000,0.902344,1.000000,1.000000,0.970703,0.564453,0.992188
866.000000,900.000000,0.910156,1.000000,0.998535,0.971191,0.596680,0.993164
867.000000,900.000000,0.911133,1.000000,0.995605,0.968750,0.596680,0.986816
868.000000,900.000000,0.904785,1.000000,0.999512,0.968262,0.571289,0.984863
869.000000,900.000000,0.910156,0.000000,0.999512,0.971191,0.592773,0.990723
870.000000,900.000000,0.906738,1.000000,1.000000,0.972168,0.584961,0.989258
871.000000,900.000000,0.904785,1.000000,1.000000,0.969238,0.577148,0.986816
872.000000,900.000000,0.907227,1.000000,0.997559,0.971191,0.585938,0.991699
873.000000,900.000000,0.907715,1.000000,0.996582,0.970215,0.587891,0.991211
874.000000,900.000000,0.909180,1.000000,0.998535,0.970703,0.594727,0.988281
875.000000,900.000000,0.908691,1.000000,1.000000,0.971680,0.589844,0.984863
876.000000,900.000000,0.912109,1.000000,0.999512,0.966797,0.602539,0.991699
877.000000,900.000000,0.908203,1.000000,0.984863,0.972168,0.583984,0.992188
878.000000,900.000000,0.909180,1.000000,0.999512,0.968750,0.591797,0.990723
879.000000,900.000000,0.910645,1.000000,0.999023,0.970703,0.597656,0.992676
880.000000,900.000000,0.907227,1.000000,0.983887,0.970215,0.588867,0.983398
881.000000,900.000000,0.905762,1.000000,0.997559,0.971191,0.581055,0.991211
882.000000,900.000000,0.907715,1.000000,1.000000,0.969727,0.588867,0.988770
883.000000,900.000000,0.915039,1.000000,0.997070,0.973633,0.609375,0.973145
884.000000,900.000000,0.905762,1.000000,0.999512,0.970703,0.580078,0.990234
885.000000,900.000000,0.906738,1.000000,1.000000,0.969238,0.583008,0.993164
886.000000,900.000000,0.902344,1.000000,0.992676,0.970703,0.566406,0.989746
887.000000,900.000000,0.906738,1.000000,0.983887,0.969727,0.584961,0.992676
888.000000,900.000000,0.911621,1.000000,0.991699,0.967285,0.597656,0.990723
889.000000,900.000000,0.911621,1.000000,1.000000,0.970703,0.599609,0.991699
890.000000,900.000000,0.903809,1.000000,1.000000,0.969238,0.572266,0.986328
891.000000,900.000000,0.908203,1.000000,1.000000,0.969238,0.586914,0.992188
892.000000,900.000000,0.899414,1.000000,0.999512,0.969238,0.560547,0.992188
893.000000,900.000000,0.909668,1.000000,0.999023,0.969238,0.592773,0.992676
894.000000,900.000000,0.908203,1.000000,0.998047,0.970215,0.587891,0.993164
895.000000,900.000000,0.907227,1.000000,0.999023,0.969727,0.585938,0.986328
896.000000,900.000000,0.908691,1.000000,0.997070,0.968750,0.587891,0.990234
897.000000,900.000000,0.906250,1.000000,0.986328,0.971191,0.583008,0.992188
898.000000,900.000000,0.904785,1.000000,0.999512,0.967773,0.577148,0.989258
899.000000,900.000000,0.908203,1.000000,0.999023,0.969727,0.587891,0.988281
900.000000,900.000000,0.901367,1.000000,0.995605,0.968262,0.570312,0.985840
901.000000,900.000000,0.906738,1.000000,0.995605,0.973633,0.583008,0.984375
902.000000,900.000000,0.909180,1.000000,0.997070,0.969727,0.589844,0.990234
903.000000,900.000000,0.913574,1.000000,0.998535,0.969727,0.602539,0.991211
904.000000,900.000000,0.904785,1.000000,0.999512,0.968750,0.576172,0.986328
905.000000,900.000000,0.908203,1.000000,0.999023,0.971680,0.586914,0.994141
906.000000,900.000000,0.904785,1.000000,0.999023,0.970215,0.579102,0.980469
907.000000,900.000000,0.907715,1.000000,0.998535,0.971680,0.586914,0.992676
908.000000,900.000000,0.909180,1.000000,0.991699,0.971191,0.594727,0.986328
909.000000,900.000000,0.909180,1.000000,1.000000,0.971680,0.591797,0.992188
910.000000,900.000000,0.910156,1.000000,0.991699,0.970703,0.596680,0.992188
911.000000,900.000000,0.907715,1.000000,0.998535,0.971191,0.586914,0.987305
912.000000,900.000000,0.908691,1.000000,1.000000,0.970215,0.594727,0.992188
913.000000,900.000000,0.905762,1.000000,1.000000,0.971680,0.583008,0.993652
914.000000,900.000000,0.904785,1.000000,0.999512,0.971191,0.580078,0.984375
915.000000,900.000000,0.903809,1.000000,0.999023,0.971680,0.571289,0.984863
916.000000,900.000000,0.906250,1.000000,1.000000,0.969238,0.585938,0.993652
917.000000,900.000000,0.906250,1.000000,0.999023,0.966797,0.584961,0.988770
918.000000,900.000000,0.906738,1.000000,1.000000,0.967773,0.580078,0.988770
919.000000,900.000000,0.906250,1.000000,0.997070,0.973633,0.581055,0.988770
920.000000,900.000000,0.904785,1.000000,0.978516,0.974121,0.583008,0.990723
921.000000,900.000000,0.909668,1.000000,0.997070,0.970703,0.590820,0.993164
922.000000,900.000000,0.910156,1.000000,1.000000,0.971191,0.593750,0.983887
923.000000,900.000000,0.910156,1.000000,0.998535,0.970215,0.592773,0.990234
924.000000,900.000000,0.904785,1.000000,1.000000,0.970215,0.579102,0.991211
925.000000,900.000000,0.905273,1.000000,0.999023,0.971191,0.583008,0.989746
926.000000,900.000000,0.909180,1.000000,0.998535,0.967773,0.590820,0.992188
927.000000,900.000000,0.904785,1.000000,0.999512,0.969727,0.575195,0.989258
928.000000,900.000000,0.914551,1.000000,0.996582,0.971191,0.612305,0.992676
929.000000,900.000000,0.906738,1.000000,0.999023,0.967773,0.583008,0.989258
930.000000,900.000000,0.907715,1.000000,0.993652,0.969238,0.586914,0.992676
931.000000,900.000000,0.907227,1.000000,0.999023,0.969238,0.588867,0.993164
932.000000,900.000000,0.907227,1.000000,1.000000,0.968750,0.586914,0.991699
933.000000,900.000000,0.905762,1.000000,1.000000,0.969238,0.581055,0.992676
934.000000,900.000000,0.906250,1.000000,0.999023,0.968750,0.582031,0.988770
935.000000,900.000000,0.903809,1.000000,0.994141,0.971191,0.577148,0.992188
936.000000,900.000000,0.904785,1.000000,0.996582,0.968750,0.577148,0.987305
937.000000,900.000000,0.903809,1.000000,0.998047,0.972656,0.573242,0.986328
938.000000,900.000000,0.907715,1.000000,0.997070,0.971191,0.582031,0.992676
939.000000,900.000000,0.907715,1.000000,1.000000,0.972656,0.582031,0.986816
940.000000,900.000000,0.902832,1.000000,0.999512,0.969727,0.573242,0.991211
941.000000,900.000000,0.909180,1.000000,0.999512,0.970703,0.590820,0.991211
942.000000,900.000000,0.901855,1.000000,0.998047,0.969727,0.566406,0.987793
943.000000,900.000000,0.905762,1.000000,1.000000,0.971680,0.579102,0.991699
944.000000,900.000000,0.906738,1.000000,0.997070,0.973633,0.582031,0.985840
945.000000,900.000000,0.903320,1.000000,0.997070,0.967285,0.575195,0.983887
946.000000,900.000000,0.908203,1.000000,0.997559,0.969238,0.592773,0.992676
947.000000,900.000000,0.902344,1.000000,0.990234,0.970703,0.565430,0.991699
948.000000,900.000000,0.907715,1.000000,0.998535,0.971191,0.588867,0.985352
949.000000,900.000000,0.906738,1.000000,0.999512,0.971191,0.583984,0.992676
950.000000,900.000000,0.911133,1.000000,0.991699,0.970215,0.598633,0.992676
951.000000,900.000000,0.909180,1.000000,0.996582,0.970703,0.589844,0.981445
952.000000,900.000000,0.908691,1.000000,0.998535,0.972656,0.590820,0.989746
953.000000,900.000000,0.901855,1.000000,1.000000,0.968262,0.570312,0.992676
954.000000,900.000000,0.909180,1.000000,0.987793,0.970703,0.588867,0.989258
955.000000,900.000000,0.908691,1.000000,0.999023,0.971680,0.591797,0.988770
956.000000,900.000000,0.906250,1.000000,0.999512,0.971191,0.584961,0.981445
957.000000,900.000000,0.904297,1.000000,1.000000,0.972168,0.573242,0.992188
958.000000,900.000000,0.905273,1.000000,0.991699,0.969727,0.575195,0.987793
959.000000,900.000000,0.910156,1.000000,0.997559,0.968262,0.591797,0.992188
960.000000,900.000000,0.906738,1.000000,0.999512,0.971680,0.586914,0.985352
961.000000,900.000000,0.906738,1.000000,0.998535,0.971680,0.583008,0.984375
962.000000,900.000000,0.907715,1.000000,0.999512,0.968262,0.585938,0.992188
963.000000,900.000000,0.908203,1.000000,0.994629,0.973145,0.586914,0.985840
964.000000,900.000000,0.905273,1.000000,0.999512,0.971191,0.582031,0.991211
965.000000,900.000000,0.903809,1.000000,0.997070,0.970215,0.576172,0.991699
966.000000,900.000000,0.905762,1.000000,0.997070,0.972168,0.580078,0.985840
967.000000,900.000000,0.908203,1.000000,0.997070,0.969238,0.586914,0.986328
968.000000,900.000000,0.901367,1.000000,0.998047,0.968262,0.567383,0.992188
969.000000,900.000000,0.909668,1.000000,0.998535,0.970215,0.591797,0.989258
970.000000,900.000000,0.909180,1.000000,1.000000,0.972168,0.593750,0.992676
971.000000,900.000000,0.906250,1.000000,0.999512,0.971191,0.582031,0.991211
972.000000,900.000000,0.908203,1.000000,0.998535,0.970215,0.588867,0.991699
973.000000,900.000000,0.902832,1.000000,1.000000,0.970215,0.569336,0.988281
974.000000,900.000000,0.906738,1.000000,0.998535,0.970215,0.583008,0.992188
975.000000,900.000000,0.905762,1.000000,0.997559,0.971191,0.581055,0.992676
976.000000,900.000000,0.910645,1.000000,1.000000,0.971191,0.596680,0.993164
977.000000,900.000000,0.910645,1.000000,0.995605,0.970703,0.596680,0.992188
978.000000,900.000000,0.902344,1.000000,0.998535,0.972656,0.568359,0.992188
979.000000,900.000000,0.907715,1.000000,0.998535,0.970703,0.589844,0.991211
980.000000,900.000000,0.907227,1.000000,1.000000,0.968750,0.586914,0.985352
981.000000,900.000000,0.904297,1.000000,0.996582,0.971191,0.579102,0.981445
982.000000,900.000000,0.901367,1.000000,0.999512,0.970703,0.567383,0.987305
983.000000,900.000000,0.910645,1.000000,0.996582,0.970703,0.595703,0.983887
984.000000,900.000000,0.908691,1.000000,0.999023,0.967773,0.588867,0.992188
985.000000,900.000000,0.910645,1.000000,0.992676,0.970215,0.592773,0.993164
986.000000,900.000000,0.906250,1.000000,0.997070,0.968262,0.583008,0.982910
987.000000,900.000000,0.909180,1.000000,0.996582,0.971680,0.590820,0.984863
988.000000,900.000000,0.904785,0.000000,0.994141,0.970215,0.581055,0.990723
989.000000,900.000000,0.902832,1.000000,0.999512,0.971191,0.574219,0.985840
990.000000,900.000000,0.909668,1.000000,0.998535,0.972168,0.592773,0.988281
991.000000,900.000000,0.907715,1.000000,0.999023,0.968750,0.588867,0.992188
992.000000,900.000000,0.904785,1.000000,0.999512,0.969238,0.574219,0.991211
993.000000,900.000000,0.908203,1.000000,0.999512,0.969727,0.588867,0.986816
994.000000,900.000000,0.909668,1.000000,1.000000,0.969727,0.593750,0.992188
995.000000,900.000000,0.907227,1.000000,0.991699,0.969727,0.587891,0.985840
996.000000,900.000000,0.909668,1.000000,0.987793,0.969727,0.594727,0.990234
997.000000,900.000000,0.908203,1.000000,1.000000,0.969727,0.582031,0.992188
998.000000,900.000000,0.905273,1.000000,1.000000,0.970703,0.575195,0.992188
999.000000,900.000000,0.908203,1.000000,0.999023,0.969727,0.587891,0.993164
1000.000000,900.000000,0.908203,1.000000,0.997559,0.970215,0.587891,0.988770
1.000000,1200.000000,0.926758,1.000000,0.999023,0.973145,0.629883,0.984863
2.000000,1200.000000,0.928711,1.000000,1.000000,0.973633,0.635742,0.985840
3.000000,1200.000000,0.931152,1.000000,0.999023,0.974121,0.646973,0.990234
4.000000,1200.000000,0.926758,1.000000,1.000000,0.973633,0.629883,0.985840
5.000000,1200.000000,0.928223,1.000000,0.997559,0.973145,0.631836,0.991211
6.000000,1200.000000,0.929688,1.000000,1.000000,0.976074,0.641113,0.987305
7.000000,1200.000000,0.931641,1.000000,0.999023,0.973145,0.645996,0.991699
8.000000,1200.000000,0.929199,0.000000,0.999512,0.971191,0.637695,0.990234
9.000000,1200.000000,0.930176,1.000000,0.994629,0.973145,0.638672,0.992676
10.000000,1200.000000,0.930176,1.000000,0.999023,0.971680,0.642090,0.992188
11.000000,1200.000000,0.925781,1.000000,1.000000,0.971191,0.626465,0.988281
12.000000,1200.000000,0.928711,1.000000,0.999512,0.974121,0.636230,0.987793
13.000000,1200.000000,0.929688,1.000000,0.988770,0.970703,0.638672,0.989746
14.000000,1200.000000,0.928711,1.000000,1.000000,0.975098,0.637207,0.992188
15.000000,1200.000000,0.928223,1.000000,0.999512,0.970703,0.634766,0.991699
16.000000,1200.000000,0.929688,1.000000,0.999512,0.971680,0.641602,0.990234
17.000000,1200.000000,0.926758,1.000000,1.000000,0.972168,0.630371,0.992188
18.000000,1200.000000,0.926758,1.000000,0.998535,0.972656,0.628418,0.987793
19.000000,1200.000000,0.926758,1.000000,0.999512,0.974609,0.630859,0.987305
20.000000,1200.000000,0.928711,1.000000,1.000000,0.976074,0.636719,0.986328
21.000000,1200.000000,0.931641,1.000000,0.997559,0.972656,0.644531,0.988770
22.000000,1200.000000,0.928711,1.000000,1.000000,0.971680,0.641602,0.991699
23.000000,1200.000000,0.932129,1.000000,1.000000,0.973633,0.648926,0.990234
24.000000,1200.000000,0.927246,1.000000,0.991699,0.972168,0.633301,0.992676
25.000000,1200.000000,0.931641,1.000000,0.994141,0.974609,0.644043,0.989258
26.000000,1200.000000,0.928223,1.000000,0.998535,0.970703,0.632324,0.985840
27.000000,1200.000000,0.931152,1.000000,0.999023,0.970215,0.642090,0.992676
28.000000,1200.000000,0.924805,1.000000,0.996582,0.973633,0.623047,0.989258
29.000000,1200.000000,0.931152,1.000000,1.000000,0.973633,0.643555,0.990234
30.000000,1200.000000,0.929199,1.000000,1.000000,0.974121,0.637695,0.987793
31.000000,1200.000000,0.927734,1.000000,0.986816,0.973145,0.632812,0.990234
32.000000,1200.000000,0.928223,1.000000,1.000000,0.973145,0.634766,0.990723
33.000000,1200.000000,0.928223,0.000000,1.000000,0.970703,0.637207,0.991211
34.000000,1200.000000,0.931641,1.000000,0.987305,0.973633,0.645508,0.990723
35.000000,1200.000000,0.930664,1.000000,0.996582,0.970703,0.643066,0.982910
36.000000,1200.000000,0.928711,1.000000,0.994141,0.976562,0.635254,0.989258
37.000000,1200.000000,0.931641,1.000000,0.999023,0.971191,0.643555,0.980469
38.000000,1200.000000,0.926270,1.000000,1.000000,0.972656,0.629883,0.987305
39.000000,1200.000000,0.927246,1.000000,0.999023,0.972656,0.632324,0.991699
40.000000,1200.000000,0.929688,1.000000,0.999023,0.974121,0.640137,0.986328
41.000000,1200.000000,0.927734,1.000000,1.000000,0.972656,0.633301,0.992188
42.000000,1200.000000,0.925781,1.000000,0.998047,0.972656,0.629395,0.990234
43.000000,1200.000000,0.929688,1.000000,1.000000,0.975098,0.639160,0.983887
44.000000,1200.000000,0.923828,1.000000,0.998047,0.972168,0.618164,0.989258
45.000000,1200.000000,0.930176,1.000000,1.000000,0.974121,0.641602,0.989746
46.000000,1200.000000,0.930664,1.000000,0.998047,0.973633,0.643555,0.983398
47.000000,1200.000000,0.927246,1.000000,0.999023,0.972168,0.634277,0.989746
48.000000,1200.000000,0.930664,1.000000,0.993652,0.975098,0.645508,0.991211
49.000000,1200.000000,0.931641,1.000000,0.998047,0.974609,0.648926,0.988770
50.000000,1200.000000,0.931152,1.000000,0.999512,0.974609,0.647461,0.986328
51.000000,1200.000000,0.933105,1.000000,0.999512,0.972168,0.651367,0.989746
52.000000,1200.000000,0.929199,1.000000,0.998535,0.973145,0.636719,0.991699
53.000000,1200.000000,0.928711,1.000000,1.000000,0.973633,0.638184,0.989258
54.000000,1200.000000,0.931641,1.000000,0.997070,0.971191,0.645020,0.984375
55.000000,1200.000000,0.926758,1.000000,1.000000,0.976074,0.630859,0.987305
56.000000,1200.000000,0.927246,1.000000,0.999023,0.971191,0.631348,0.992188
57.000000,1200.000000,0.926270,1.000000,0.993652,0.973633,0.627930,0.990234
58.000000,1200.000000,0.931641,1.000000,0.996582,0.971680,0.647461,0.992188
59.000000,1200.000000,0.927246,1.000000,0.998047,0.973633,0.630371,0.992188
60.000000,1200.000000,0.928223,1.000000,1.000000,0.973145,0.638672,0.991699
61.000000,1200.000000,0.932617,1.000000,0.995605,0.973145,0.649414,0.992676
62.000000,1200.000000,0.930176,1.000000,0.992676,0.970703,0.642578,0.984375
63.000000,1200.000000,0.931152,1.000000,0.997070,0.972168,0.644043,0.992188
64.000000,1200.000000,0.929199,1.000000,0.995117,0.973145,0.635742,0.989258
65.000000,1200.000000,0.927734,1.000000,1.000000,0.972656,0.630859,0.984375
66.000000,1200.000000,0.928223,1.000000,0.988281,0.974609,0.635254,0.991211
67.000000,1200.000000,0.929199,1.000000,0.998047,0.972656,0.639160,0.989258
68.000000,1200.000000,0.928711,1.000000,0.999512,0.973633,0.637695,0.992188
69.000000,1200.000000,0.929688,1.000000,0.998535,0.972656,0.640625,0.974121
70.000000,1200.000000,0.930664,1.000000,1.000000,0.974121,0.644043,0.982910
71.000000,1200.000000,0.928223,1.000000,1.000000,0.973633,0.634277,0.988770
72.000000,1200.000000,0.928711,1.000000,0.998535,0.975586,0.636230,0.992188
73.000000,1200.000000,0.931152,1.000000,0.988770,0.973145,0.646484,0.988770
74.000000,1200.000000,0.925781,1.000000,0.998535,0.972168,0.624512,0.980469
75.000000,1200.000000,0.929688,1.000000,0.994629,0.970703,0.638184,0.992188
76.000000,1200.000000,0.924316,1.000000,1.000000,0.972168,0.622070,0.992188
77.000000,1200.000000,0.924316,1.000000,1.000000,0.973145,0.620605,0.991211
78.000000,1200.000000,0.928711,1.000000,0.998535,0.971680,0.637695,0.992188
79.000000,1200.000000,0.929199,0.000000,0.999023,0.974121,0.636230,0.988281
80.000000,1200.000000,0.928223,1.000000,0.995605,0.973633,0.634277,0.986328
81.000000,1200.000000,0.933594,1.000000,0.994629,0.975098,0.652344,0.987793
82.000000,1200.000000,0.926270,1.000000,0.998047,0.971191,0.627441,0.991699
83.000000,1200.000000,0.931152,1.000000,0.985840,0.973145,0.644531,0.982910
84.000000,1200.000000,0.923828,1.000000,0.995605,0.972656,0.621582,0.990234
85.000000,1200.000000,0.929688,1.000000,1.000000,0.970703,0.640625,0.991699
86.000000,1200.000000,0.925781,1.000000,0.998535,0.971680,0.627441,0.990234
87.000000,1200.000000,0.926758,1.000000,0.997559,0.973633,0.628906,0.992676
88.000000,1200.000000,0.926758,1.000000,0.998047,0.972168,0.629883,0.986328
89.000000,1200.000000,0.929688,1.000000,1.000000,0.974121,0.641113,0.992676
90.000000,1200.000000,0.928711,1.000000,0.994629,0.973633,0.636230,0.992188
91.000000,1200.000000,0.928711,1.000000,0.999512,0.975098,0.637207,0.990723
92.000000,1200.000000,0.928711,1.000000,1.000000,0.975098,0.637695,0.983398
93.000000,1200.000000,0.929688,1.000000,0.997070,0.973145,0.639160,0.990234
94.000000,1200.000000,0.925781,1.000000,1.000000,0.974609,0.627930,0.992676
95.000000,1200.000000,0.924316,1.000000,0.998535,0.976074,0.621094,0.991699
96.000000,1200.000000,0.931152,1.000000,0.999023,0.972168,0.645996,0.988770
97.000000,1200.000000,0.931152,1.000000,1.000000,0.975098,0.643066,0.987793
98.000000,1200.000000,0.925293,1.000000,0.999512,0.973633,0.626465,0.989746
99.000000,1200.000000,0.929688,1.000000,0.996094,0.974121,0.640625,0.982910
100.000000,1200.000000,0.927246,1.000000,1.000000,0.973633,0.631836,0.986816
101.000000,1200.000000,0.928223,1.000000,1.000000,0.973145,0.633301,0.992188
102.000000,1200.000000,0.929199,1.000000,1.000000,0.973145,0.637695,0.991699
103.000000,1200.000000,0.929199,0.000000,0.998047,0.973145,0.638672,0.988281
104.000000,1200.000000,0.926270,1.000000,0.999023,0.975098,0.626465,0.987793
105.000000,1200.000000,0.934570,1.000000,0.991211,0.972656,0.658691,0.982422
106.000000,1200.000000,0.929688,1.000000,0.998047,0.973145,0.640625,0.991699
107.000000,1200.000000,0.929199,1.000000,1.000000,0.972168,0.638184,0.984863
108.000000,1200.000000,0.927246,1.000000,1.000000,0.972656,0.631348,0.972656
109.000000,1200.000000,0.932129,1.000000,1.000000,0.973145,0.646973,0.992676
110.000000,1200.000000,0.926270,1.000000,0.998047,0.972168,0.628906,0.991699
111.000000,1200.000000,0.930664,1.000000,1.000000,0.974609,0.642090,0.973633
112.000000,1200.000000,0.928711,0.000000,0.998047,0.972168,0.638184,0.992188
113.000000,1200.000000,0.928711,1.000000,1.000000,0.975586,0.639160,0.984863
114.000000,1200.000000,0.925293,1.000000,0.990234,0.973633,0.624023,0.993652
115.000000,1200.000000,0.930176,1.000000,0.998047,0.971191,0.641602,0.987305
116.000000,1200.000000,0.930664,1.000000,0.999512,0.971680,0.644043,0.991699
117.000000,1200.000000,0.928711,1.000000,0.998535,0.974609,0.640137,0.991211
118.000000,1200.000000,0.928711,1.000000,1.000000,0.972656,0.638184,0.992188
119.000000,1200.000000,0.928223,1.000000,0.999512,0.975098,0.633301,0.992188
120.000000,1200.000000,0.925293,1.000000,1.000000,0.972656,0.625000,0.988770
121.000000,1200.000000,0.928711,1.000000,0.997070,0.973633,0.637695,0.991211
122.000000,1200.000000,0.930664,1.000000,0.998535,0.972656,0.644043,0.990723
123.000000,1200.000000,0.928223,1.000000,0.998047,0.974121,0.631348,0.992188
124.000000,1200.000000,0.928711,1.000000,1.000000,0.972656,0.633301,0.992188
125.000000,1200.000000,0.932129,1.000000,0.997559,0.973145,0.650391,0.986816
126.000000,1200.000000,0.928711,1.000000,1.000000,0.972656,0.638184,0.989746
127.000000,1200.000000,0.929688,1.000000,0.998047,0.974121,0.639160,0.992188
128.000000,1200.000000,0.928223,1.000000,0.997070,0.968750,0.633301,0.982910
129.000000,1200.000000,0.931152,1.000000,0.998535,0.975098,0.645020,0.986328
130.000000,1200.000000,0.928223,0.000000,0.996582,0.974121,0.634277,0.991699
131.000000,1200.000000,0.928223,1.000000,0.999512,0.974121,0.635254,0.991211
132.000000,1200.000000,0.925781,1.000000,0.996094,0.976074,0.625977,0.987305
133.000000,1200.000000,0.931641,1.000000,0.996582,0.974121,0.646973,0.993652
134.000000,1200.000000,0.930664,1.000000,0.993652,0.973145,0.645020,0.985840
135.000000,1200.000000,0.930176,1.000000,0.999512,0.976562,0.641602,0.991211
136.000000,1200.000000,0.930176,1.000000,0.998535,0.973633,0.645996,0.985840
137.000000,1200.000000,0.932129,1.000000,0.997559,0.970703,0.648438,0.989746
138.000000,1200.000000,0.927246,1.000000,0.993652,0.974121,0.633301,0.983398
139.000000,1200.000000,0.931152,1.000000,1.000000,0.971191,0.645508,0.991211
140.000000,1200.000000,0.928223,1.000000,1.000000,0.974121,0.638672,0.982910
141.000000,1200.000000,0.927246,1.000000,0.998535,0.974121,0.634766,0.988770
142.000000,1200.000000,0.929199,1.000000,0.996582,0.975098,0.638184,0.988281
143.000000,1200.000000,0.932129,1.000000,0.998535,0.971191,0.646973,0.991211
144.000000,1200.000000,0.930664,1.000000,0.999023,0.971680,0.642090,0.989258
145.000000,1200.000000,0.928223,1.000000,0.999512,0.974609,0.639648,0.988281
146.000000,1200.000000,0.931641,1.000000,1.000000,0.974121,0.648438,0.986816
147.000000,1200.000000,0.932617,1.000000,1.000000,0.973633,0.651855,0.992188
148.000000,1200.000000,0.926270,0.000000,0.998535,0.971191,0.627441,0.987793
149.000000,1200.000000,0.929688,1.000000,0.999023,0.973145,0.643066,0.989258
150.000000,1200.000000,0.928223,0.000000,0.999512,0.972656,0.637207,0.987793
151.000000,1200.000000,0.927734,1.000000,0.998047,0.974121,0.632812,0.989746
152.000000,1200.000000,0.926758,1.000000,0.999512,0.974121,0.629883,0.988770
153.000000,1200.000000,0.927246,1.000000,0.982910,0.974121,0.631836,0.983887
154.000000,1200.000000,0.925293,1.000000,0.999023,0.974121,0.627441,0.987793
155.000000,1200.000000,0.930664,1.000000,0.991699,0.972656,0.643555,0.991699
156.000000,1200.000000,0.930664,1.000000,0.997559,0.973145,0.643555,0.992676
157.000000,1200.000000,0.926758,1.000000,1.000000,0.973145,0.629395,0.989258
158.000000,1200.000000,0.927246,1.000000,0.999512,0.973633,0.633301,0.991211
159.000000,1200.000000,0.929688,1.000000,0.990234,0.974121,0.639648,0.992676
160.000000,1200.000000,0.924805,1.000000,0.996094,0.972656,0.625000,0.990234
161.000000,1200.000000,0.927246,1.000000,0.999023,0.972656,0.632812,0.988281
162.000000,1200.000000,0.932617,1.000000,0.999023,0.972168,0.650391,0.989258
163.000000,1200.000000,0.927734,1.000000,0.999023,0.972168,0.633789,0.992676
164.000000,1200.000000,0.923340,1.000000,0.997559,0.973633,0.619141,0.986816
165.000000,1200.000000,0.926758,1.000000,1.000000,0.972168,0.631348,0.991211
166.000000,1200.000000,0.929688,1.000000,1.000000,0.972656,0.640137,0.988770
167.000000,1200.000000,0.931152,1.000000,0.996582,0.970703,0.643555,0.981934
168.000000,1200.000000,0.925781,1.000000,0.994141,0.970703,0.627930,0.989746
169.000000,1200.000000,0.931641,1.000000,0.997070,0.972656,0.645508,0.987793
170.000000,1200.000000,0.929688,1.000000,1.000000,0.974609,0.642090,0.990234
171.000000,1200.000000,0.923340,1.000000,0.999512,0.972656,0.617676,0.990234
172.000000,1200.000000,0.928711,0.000000,0.994629,0.971191,0.636719,0.983398
173.000000,1200.000000,0.927246,1.000000,0.993652,0.974121,0.631348,0.989746
174.000000,1200.000000,0.930176,1.000000,1.000000,0.972656,0.641602,0.991211
175.000000,1200.000000,0.933594,1.000000,1.000000,0.973145,0.654785,0.992188
176.000000,1200.000000,0.926758,1.000000,1.000000,0.974609,0.627930,0.986328
177.000000,1200.000000,0.929688,1.000000,0.993652,0.973145,0.641602,0.984375
178.000000,1200.000000,0.926270,1.000000,0.999023,0.972656,0.627441,0.986816
179.000000,1200.000000,0.933105,1.000000,1.000000,0.973145,0.648926,0.991699
180.000000,1200.000000,0.929199,1.000000,0.998535,0.973633,0.638672,0.990723
181.000000,1200.000000,0.929199,1.000000,0.994629,0.973145,0.637207,0.989746
182.000000,1200.000000,0.928223,1.000000,0.999512,0.974121,0.636719,0.992188
183.000000,1200.000000,0.931152,1.000000,0.986328,0.972168,0.645996,0.988281
184.000000,1200.000000,0.927246,1.000000,0.999023,0.971680,0.632324,0.983398
185.000000,1200.000000,0.931641,1.000000,1.000000,0.974121,0.644043,0.987793
186.000000,1200.000000,0.933105,1.000000,1.000000,0.973633,0.648926,0.992188
187.000000,1200.000000,0.926758,1.000000,0.996582,0.971191,0.630371,0.987793
188.000000,1200.000000,0.925293,0.000000,0.999023,0.974609,0.626465,0.983887
189.000000,1200.000000,0.926270,1.000000,0.998047,0.973145,0.630859,0.990723
190.000000,1200.000000,0.928711,1.000000,1.000000,0.972656,0.638672,0.989258
191.000000,1200.000000,0.929199,1.000000,1.000000,0.972168,0.640625,0.987793
192.000000,1200.000000,0.930664,1.000000,1.000000,0.972168,0.642578,0.982910
193.000000,1200.000000,0.930176,1.000000,0.997070,0.971680,0.640625,0.989258
194.000000,1200.000000,0.926758,1.000000,0.998047,0.971680,0.629883,0.986328
195.000000,1200.000000,0.927246,1.000000,0.997559,0.972656,0.633301,0.985840
196.000000,1200.000000,0.924805,1.000000,0.998535,0.974609,0.627441,0.992188
197.000000,1200.000000,0.930176,1.000000,0.999023,0.973145,0.641113,0.986816
198.000000,1200.000000,0.928711,1.000000,0.998535,0.971680,0.637207,0.989746
199.000000,1200.000000,0.926758,1.000000,0.999512,0.972168,0.630859,0.991699
200.000000,1200.000000,0.928223,1.000000,0.998535,0.973633,0.636230,0.988770
201.000000,1200.000000,0.928711,1.000000,0.998535,0.972656,0.636230,0.987793
202.000000,1200.000000,0.929688,1.000000,0.998535,0.973145,0.638672,0.990234
203.000000,1200.000000,0.926758,1.000000,0.999023,0.973145,0.628906,0.990234
204.000000,1200.000000,0.925293,1.000000,0.999512,0.974121,0.625000,0.988770
205.000000,1200.000000,0.929199,1.000000,0.999023,0.974121,0.637207,0.989746
206.000000,1200.000000,0.929688,1.000000,1.000000,0.972656,0.639648,0.987793
207.000000,1200.000000,0.929688,1.000000,0.998535,0.973633,0.640625,0.983398
208.000000,1200.000000,0.930664,1.000000,0.996582,0.969727,0.642090,0.987793
209.000000,1200.000000,0.927246,1.000000,1.000000,0.972168,0.633789,0.989746
210.000000,1200.000000,0.928223,1.000000,1.000000,0.973633,0.634766,0.982910
211.000000,1200.000000,0.931152,1.000000,0.999512,0.972656,0.643555,0.992188
212.000000,1200.000000,0.926270,1.000000,0.995605,0.974121,0.625488,0.989258
213.000000,1200.000000,0.925781,1.000000,1.000000,0.974609,0.625488,0.989746
214.000000,1200.000000,0.930664,1.000000,0.999023,0.972168,0.645508,0.992188
215.000000,1200.000000,0.928711,1.000000,0.993164,0.972168,0.638672,0.991211
216.000000,1200.000000,0.929199,1.000000,0.996582,0.974609,0.636719,0.991699
217.000000,1200.000000,0.929199,1.000000,0.991699,0.973145,0.641113,0.983887
218.000000,1200.000000,0.931152,1.000000,0.998047,0.972656,0.644531,0.992676
219.000000,1200.000000,0.930664,1.000000,0.994141,0.974121,0.644531,0.990723
220.000000,1200.000000,0.923340,1.000000,1.000000,0.972656,0.623047,0.988281
221.000000,1200.000000,0.930664,1.000000,0.996094,0.973145,0.645020,0.979980
222.000000,1200.000000,0.931641,1.000000,0.997070,0.970215,0.643555,0.987793
223.000000,1200.000000,0.932617,1.000000,1.000000,0.973145,0.649414,0.991211
224.000000,1200.000000,0.925781,1.000000,0.999512,0.973145,0.628906,0.989258
225.000000,1200.000000,0.927246,1.000000,0.999023,0.971191,0.629883,0.992188
226.000000,1200.000000,0.926758,1.000000,0.998047,0.973633,0.631836,0.988281
227.000000,1200.000000,0.928223,1.000000,0.997559,0.971680,0.637207,0.988770
228.000000,1200.000000,0.927246,1.000000,0.995605,0.972168,0.632324,0.989746
229.000000,1200.000000,0.925293,1.000000,0.997070,0.971191,0.625977,0.992676
230.000000,1200.000000,0.926270,1.000000,0.998535,0.971680,0.628418,0.983398
231.000000,1200.000000,0.927246,1.000000,0.999023,0.973633,0.634277,0.986328
232.000000,1200.000000,0.934082,1.000000,0.999512,0.974609,0.656250,0.989746
233.000000,1200.000000,0.926758,1.000000,1.000000,0.974609,0.627930,0.989746
234.000000,1200.000000,0.931152,1.000000,0.999512,0.974609,0.642578,0.992188
235.000000,1200.000000,0.927734,1.000000,0.996582,0.971680,0.637207,0.983887
236.000000,1200.000000,0.927246,1.000000,0.992676,0.971680,0.630859,0.983887
237.000000,1200.000000,0.928711,1.000000,0.999512,0.973145,0.637207,0.987793
238.000000,1200.000000,0.926758,1.000000,1.000000,0.970703,0.629883,0.992188
239.000000,1200.000000,0.929688,1.000000,0.999512,0.973145,0.639648,0.989258
240.000000,1200.000000,0.926758,1.000000,0.999023,0.973633,0.630859,0.990234
241.000000,1200.000000,0.926270,1.000000,1.000000,0.971191,0.627930,0.991211
242.000000,1200.000000,0.926270,1.000000,0.999023,0.970703,0.627441,0.991211
243.000000,1200.000000,0.927246,1.000000,0.999512,0.973145,0.628906,0.991699
244.000000,1200.000000,0.927246,1.000000,0.999512,0.973145,0.634277,0.992188
245.000000,1200.000000,0.926270,1.000000,0.996094,0.975098,0.629395,0.992188
246.000000,1200.000000,0.927246,1.000000,0.999023,0.972168,0.632812,0.991699
247.000000,1200.000000,0.928711,1.000000,1.000000,0.973145,0.636719,0.983887
248.000000,1200.000000,0.927246,1.000000,1.000000,0.972168,0.631348,0.989746
249.000000,1200.000000,0.929199,1.000000,1.000000,0.975098,0.635742,0.990234
250.000000,1200.000000,0.929688,1.000000,1.000000,0.972168,0.642090,0.986816
251.000000,1200.000000,0.927246,1.000000,0.995605,0.973145,0.633301,0.992188
252.000000,1200.000000,0.925293,1.000000,0.993652,0.973145,0.625977,0.989746
253.000000,1200.000000,0.924316,1.000000,1.000000,0.973145,0.623047,0.983398
254.000000,1200.000000,0.930664,1.000000,0.996094,0.973633,0.640625,0.990723
255.000000,1200.000000,0.928711,1.000000,0.999512,0.972656,0.637695,0.991699
256.000000,1200.000000,0.928711,1.000000,0.999023,0.971191,0.636719,0.991211
257.000000,1200.000000,0.926270,1.000000,1.000000,0.971680,0.628418,0.992188
258.000000,1200.000000,0.927246,1.000000,1.000000,0.973145,0.634277,0.984863
259.000000,1200.000000,0.927734,0.000000,1.000000,0.973145,0.631348,0.991699
260.000000,1200.000000,0.926270,1.000000,0.996582,0.974609,0.626953,0.980469
261.000000,1200.000000,0.929688,1.000000,0.999512,0.973633,0.639160,0.989746
262.000000,1200.000000,0.929199,1.000000,1.000000,0.973145,0.638672,0.993164
263.000000,1200.000000,0.925781,1.000000,0.999023,0.971191,0.627930,0.989258
264.000000,1200.000000,0.929199,0.000000,1.000000,0.973145,0.638184,0.979980
265.000000,1200.000000,0.928711,1.000000,0.992676,0.972656,0.639160,0.992188
266.000000,1200.000000,0.930176,1.000000,1.000000,0.974609,0.642090,0.989258
267.000000,1200.000000,0.931152,1.000000,1.000000,0.975098,0.643066,0.989746
268.000000,1200.000000,0.930664,1.000000,1.000000,0.973145,0.645508,0.985840
269.000000,1200.000000,0.927734,1.000000,0.999512,0.969727,0.635742,0.991699
270.000000,1200.000000,0.927246,1.000000,0.985352,0.974121,0.633789,0.990234
271.000000,1200.000000,0.933105,1.000000,1.000000,0.973145,0.650391,0.991699
272.000000,1200.000000,0.925781,1.000000,1.000000,0.973633,0.627930,0.979004
273.000000,1200.000000,0.927734,1.000000,0.999023,0.973145,0.631348,0.992188
274.000000,1200.000000,0.931641,1.000000,1.000000,0.973145,0.648438,0.986816
275.000000,1200.000000,0.927734,1.000000,1.000000,0.974121,0.634766,0.991699
276.000000,1200.000000,0.927246,1.000000,0.997070,0.974609,0.632812,0.992676
277.000000,1200.000000,0.928223,1.000000,0.989258,0.972656,0.637695,0.992676
278.000000,1200.000000,0.931641,1.000000,0.998535,0.971191,0.646484,0.988281
279.000000,1200.000000,0.930664,1.000000,0.999512,0.971680,0.639648,0.992188
280.000000,1200.000000,0.927246,1.000000,0.997070,0.971191,0.633301,0.982910
281.000000,1200.000000,0.927734,1.000000,1.000000,0.973145,0.630371,0.992188
282.000000,1200.000000,0.923828,1.000000,0.999512,0.973633,0.618652,0.983887
283.000000,1200.000000,0.929199,1.000000,0.998047,0.972656,0.636230,0.982910
284.000000,1200.000000,0.927246,1.000000,0.996582,0.972168,0.629883,0.993164
285.000000,1200.000000,0.929688,1.000000,0.992676,0.975586,0.639648,0.985840
286.000000,1200.000000,0.929199,1.000000,0.999512,0.973633,0.639648,0.988281
287.000000,1200.000000,0.926758,1.000000,0.979980,0.973145,0.633789,0.983887
288.000000,1200.000000,0.930664,1.000000,1.000000,0.972656,0.645020,0.988770
289.000000,1200.000000,0.928223,1.000000,1.000000,0.972656,0.634277,0.987305
290.000000,1200.000000,0.926270,0.000000,1.000000,0.972656,0.630371,0.991211
291.000000,1200.000000,0.927246,1.000000,0.999512,0.972656,0.629395,0.991699
292.000000,1200.000000,0.926758,1.000000,1.000000,0.975098,0.631348,0.988770
293.000000,1200.000000,0.929199,1.000000,1.000000,0.974609,0.638672,0.986816
294.000000,1200.000000,0.926270,1.000000,0.997559,0.972656,0.628906,0.992188
295.000000,1200.000000,0.930176,1.000000,1.000000,0.972168,0.640625,0.988770
296.000000,1200.000000,0.930664,1.000000,1.000000,0.974121,0.642578,0.985352
297.000000,1200.000000,0.927734,1.000000,0.988281,0.974121,0.633789,0.991699
298.000000,1200.000000,0.928223,1.000000,0.992676,0.973633,0.635254,0.989258
299.000000,1200.000000,0.927246,1.000000,0.999512,0.971680,0.631348,0.992676
300.000000,1200.000000,0.921387,1.000000,0.999512,0.973633,0.615723,0.988281
301.000000,1200.000000,0.932129,0.000000,1.000000,0.974121,0.648438,0.982910
302.000000,1200.000000,0.926270,1.000000,0.995117,0.972656,0.630371,0.993164
303.000000,1200.000000,0.929688,1.000000,1.000000,0.974121,0.640137,0.992188
304.000000,1200.000000,0.926758,1.000000,0.999023,0.972168,0.632324,0.990723
305.000000,1200.000000,0.931152,1.000000,0.993652,0.971680,0.646484,0.988281
306.000000,1200.000000,0.927734,1.000000,1.000000,0.972656,0.633301,0.991699
307.000000,1200.000000,0.926270,1.000000,1.000000,0.973633,0.627441,0.988281
308.000000,1200.000000,0.925781,1.000000,1.000000,0.973633,0.628906,0.983887
309.000000,1200.000000,0.930176,0.000000,0.990723,0.972168,0.641113,0.991211
310.000000,1200.000000,0.929688,1.000000,1.000000,0.973145,0.636719,0.991211
311.000000,1200.000000,0.930664,1.000000,1.000000,0.972168,0.643555,0.989258
312.000000,1200.000000,0.932617,1.000000,1.000000,0.972656,0.648438,0.991699
313.000000,1200.000000,0.927246,1.000000,1.000000,0.974609,0.629883,0.989258
314.000000,1200.000000,0.923828,0.000000,1.000000,0.974609,0.621094,0.992188
315.000000,1200.000000,0.928223,1.000000,0.997559,0.973633,0.633301,0.982910
316.000000,1200.000000,0.930664,1.000000,0.999023,0.974121,0.643066,0.983398
317.000000,1200.000000,0.927734,1.000000,0.992188,0.973145,0.634277,0.982910
318.000000,1200.000000,0.927246,1.000000,0.991211,0.972656,0.628906,0.989258
319.000000,1200.000000,0.928711,1.000000,1.000000,0.974121,0.639160,0.986328
320.000000,1200.000000,0.928223,1.000000,1.000000,0.972168,0.635254,0.989258
321.000000,1200.000000,0.930176,1.000000,0.990234,0.973145,0.640625,0.992676
322.000000,1200.000000,0.928223,1.000000,0.998535,0.971191,0.640625,0.992188
323.000000,1200.000000,0.930176,0.000000,0.999512,0.971191,0.642090,0.990234
324.000000,1200.000000,0.931152,0.000000,0.999512,0.973633,0.647461,0.986816
325.000000,1200.000000,0.930664,0.000000,1.000000,0.975098,0.642090,0.992188
326.000000,1200.000000,0.927246,1.000000,0.986328,0.972656,0.630859,0.992188
327.000000,1200.000000,0.927734,1.000000,0.997559,0.973633,0.634277,0.990723
328.000000,1200.000000,0.927734,1.000000,0.999023,0.975586,0.631836,0.991699
329.000000,1200.000000,0.926270,1.000000,1.000000,0.973145,0.629395,0.990723
330.000000,1200.000000,0.925781,1.000000,0.998535,0.972168,0.626953,0.989258
331.000000,1200.000000,0.929199,1.000000,0.994629,0.973633,0.639160,0.991699
332.000000,1200.000000,0.927734,1.000000,0.998535,0.971191,0.632812,0.992188
333.000000,1200.000000,0.932617,1.000000,0.999023,0.972656,0.649902,0.980469
334.000000,1200.000000,0.930176,1.000000,0.998535,0.973145,0.640137,0.986816
335.000000,1200.000000,0.933105,1.000000,0.999023,0.974609,0.652832,0.985840
336.000000,1200.000000,0.925781,0.000000,1.000000,0.974121,0.629395,0.989746
337.000000,1200.000000,0.930176,1.000000,0.994629,0.973145,0.641602,0.991699
338.000000,1200.000000,0.929688,1.000000,0.997070,0.972168,0.638184,0.991699
339.000000,1200.000000,0.925293,1.000000,0.995117,0.972656,0.625488,0.991211
340.000000,1200.000000,0.926758,1.000000,1.000000,0.972656,0.631836,0.986816
341.000000,1200.000000,0.932617,1.000000,1.000000,0.969727,0.647461,0.991211
342.000000,1200.000000,0.926758,0.000000,0.999512,0.972168,0.628418,0.986816
343.000000,1200.000000,0.927246,1.000000,1.000000,0.971191,0.631836,0.992188
344.000000,1200.000000,0.932617,1.000000,0.998535,0.972168,0.650879,0.983398
345.000000,1200.000000,0.926758,1.000000,0.999023,0.974121,0.631348,0.991211
346.000000,1200.000000,0.928711,1.000000,0.995117,0.973633,0.638184,0.988770
347.000000,1200.000000,0.926270,1.000000,0.991699,0.973633,0.627930,0.991699
348.000000,1200.000000,0.931152,1.000000,1.000000,0.973633,0.644531,0.986816
349.000000,1200.000000,0.929199,1.000000,1.000000,0.973145,0.641113,0.992676
350.000000,1200.000000,0.932129,1.000000,0.995605,0.972168,0.648926,0.990723
351.000000,1200.000000,0.925781,1.000000,0.999512,0.973633,0.625977,0.987305
352.000000,1200.000000,0.926270,1.000000,1.000000,0.973145,0.628418,0.985840
353.000000,1200.000000,0.927734,1.000000,1.000000,0.971680,0.636719,0.992188
354.000000,1200.000000,0.930176,1.000000,0.999512,0.973633,0.642578,0.992676
355.000000,1200.000000,0.929688,1.000000,0.995605,0.972656,0.639648,0.990234
356.000000,1200.000000,0.928711,1.000000,0.999512,0.972168,0.638672,0.992188
357.000000,1200.000000,0.927734,1.000000,0.993652,0.974121,0.635742,0.992188
358.000000,1200.000000,0.932617,1.000000,0.999512,0.971191,0.649902,0.987793
359.000000,1200.000000,0.929199,1.000000,0.995605,0.974121,0.637207,0.991699
360.000000,1200.000000,0.928711,1.000000,0.998535,0.971680,0.638184,0.993652
361.000000,1200.000000,0.931152,1.000000,1.000000,0.974609,0.645020,0.991211
362.000000,1200.000000,0.930664,1.000000,0.999023,0.973633,0.644531,0.992188
363.000000,1200.000000,0.928711,1.000000,1.000000,0.972168,0.639160,0.987305
364.000000,1200.000000,0.930664,1.000000,1.000000,0.976562,0.640137,0.992188
365.000000,1200.000000,0.930176,1.000000,0.997070,0.973145,0.638184,0.991699
366.000000,1200.000000,0.930664,1.000000,1.000000,0.972656,0.643555,0.986816
367.000000,1200.000000,0.926270,1.000000,0.998535,0.974121,0.629395,0.988281
368.000000,1200.000000,0.926270,1.000000,0.997559,0.975586,0.629395,0.983398
369.000000,1200.000000,0.928223,1.000000,1.000000,0.973145,0.633789,0.985840
370.000000,1200.000000,0.928711,1.000000,1.000000,0.973145,0.635742,0.984375
371.000000,1200.000000,0.925293,1.000000,0.996582,0.974609,0.626465,0.990723
372.000000,1200.000000,0.929688,1.000000,0.999023,0.971680,0.636719,0.988770
373.000000,1200.000000,0.926758,1.000000,1.000000,0.975586,0.630859,0.992188
374.000000,1200.000000,0.930176,1.000000,0.999512,0.972168,0.641602,0.990234
375.000000,1200.000000,0.929199,1.000000,0.997070,0.973145,0.637695,0.989746
376.000000,1200.000000,0.924805,0.000000,1.000000,0.972168,0.624512,0.983887
377.000000,1200.000000,0.929199,1.000000,0.998535,0.970703,0.640137,0.987305
378.000000,1200.000000,0.926270,0.000000,0.998535,0.972168,0.631836,0.992676
379.000000,1200.000000,0.931641,1.000000,0.999023,0.972656,0.645996,0.982910
380.000000,1200.000000,0.926758,1.000000,0.999023,0.973633,0.631348,0.989258
381.000000,1200.000000,0.926758,1.000000,0.996582,0.973145,0.629883,0.991699
382.000000,1200.000000,0.929199,1.000000,0.995605,0.972656,0.641602,0.993164
383.000000,1200.000000,0.931152,0.000000,0.993652,0.972656,0.643555,0.987305
384.000000,1200.000000,0.926270,1.000000,0.993652,0.972168,0.629395,0.982910
385.000000,1200.000000,0.929688,1.000000,0.998535,0.974609,0.642578,0.982910
386.000000,1200.000000,0.929199,1.000000,1.000000,0.973633,0.636719,0.991699
387.000000,1200.000000,0.930176,1.000000,0.990234,0.971680,0.644043,0.990723
388.000000,1200.000000,0.926270,1.000000,0.999512,0.971191,0.628418,0.986328
389.000000,1200.000000,0.926270,1.000000,1.000000,0.972168,0.630859,0.984375
390.000000,1200.000000,0.925781,1.000000,1.000000,0.971191,0.626465,0.988770
391.000000,1200.000000,0.929199,1.000000,0.999512,0.973145,0.635254,0.984375
392.000000,1200.000000,0.925293,1.000000,0.999512,0.973145,0.625488,0.991699
393.000000,1200.000000,0.929199,1.000000,0.999512,0.970703,0.639160,0.990723
394.000000,1200.000000,0.931152,1.000000,1.000000,0.974121,0.645020,0.988770
395.000000,1200.000000,0.928711,1.000000,0.992188,0.973633,0.637207,0.991211
396.000000,1200.000000,0.923828,1.000000,0.999512,0.973633,0.620605,0.988281
397.000000,1200.000000,0.931152,0.000000,0.999512,0.970703,0.645996,0.986328
398.000000,1200.000000,0.923828,1.000000,0.998047,0.972168,0.622070,0.989258
399.000000,1200.000000,0.930664,1.000000,0.998047,0.971191,0.644043,0.990723
400.000000,1200.000000,0.929688,1.000000,0.989258,0.973633,0.638672,0.989746
401.000000,1200.000000,0.929688,1.000000,0.999512,0.971680,0.637695,0.985840
402.000000,1200.000000,0.928711,1.000000,1.000000,0.975586,0.635742,0.985840
403.000000,1200.000000,0.930664,1.000000,0.999023,0.973145,0.646484,0.990723
404.000000,1200.000000,0.926270,0.000000,0.999023,0.971680,0.628906,0.991699
405.000000,1200.000000,0.931641,0.000000,0.990234,0.974609,0.648438,0.991699
406.000000,1200.000000,0.929199,1.000000,0.999023,0.972168,0.637207,0.990723
407.000000,1200.000000,0.928223,1.000000,1.000000,0.973145,0.635254,0.987793
408.000000,1200.000000,0.922852,1.000000,0.998535,0.973145,0.616699,0.987793
409.000000,1200.000000,0.927734,1.000000,0.997070,0.972168,0.634277,0.991211
410.000000,1200.000000,0.927734,1.000000,1.000000,0.972656,0.632324,0.983398
411.000000,1200.000000,0.926758,1.000000,0.995605,0.973633,0.629395,0.990723
412.000000,1200.000000,0.932129,1.000000,0.997070,0.971191,0.646973,0.987793
413.000000,1200.000000,0.928711,1.000000,0.998047,0.975586,0.637207,0.990723
414.000000,1200.000000,0.929688,1.000000,1.000000,0.971680,0.640137,0.984863
415.000000,1200.000000,0.927734,1.000000,0.999023,0.974121,0.631348,0.986328
416.000000,1200.000000,0.930664,1.000000,0.994629,0.973633,0.644043,0.992676
417.000000,1200.000000,0.927246,1.000000,0.995605,0.973633,0.631836,0.992188
418.000000,1200.000000,0.928711,1.000000,0.993652,0.972168,0.636719,0.986328
419.000000,1200.000000,0.931641,1.000000,1.000000,0.973145,0.645996,0.987305
420.000000,1200.000000,0.929199,1.000000,0.999512,0.973145,0.640137,0.992188
421.000000,1200.000000,0.936035,1.000000,0.999512,0.974609,0.662598,0.992676
422.000000,1200.000000,0.929199,1.000000,0.999512,0.975098,0.634766,0.990234
423.000000,1200.000000,0.930176,1.000000,0.999512,0.973145,0.642090,0.987793
424.000000,1200.000000,0.925293,1.000000,0.993652,0.974121,0.625000,0.989258
425.000000,1200.000000,0.933105,1.000000,0.990234,0.971680,0.653809,0.992188
426.000000,1200.000000,0.931641,1.000000,0.999512,0.975098,0.645020,0.989258
427.000000,1200.000000,0.927734,1.000000,0.995605,0.972168,0.632812,0.987793
428.000000,1200.000000,0.928711,1.000000,0.995117,0.971191,0.639160,0.991211
429.000000,1200.000000,0.928223,1.000000,0.999512,0.972656,0.636719,0.985352
430.000000,1200.000000,0.924805,1.000000,0.999512,0.973633,0.624023,0.983398
431.000000,1200.000000,0.927246,1.000000,0.997070,0.971191,0.634766,0.979004
432.000000,1200.000000,0.930664,1.000000,1.000000,0.973145,0.643066,0.989258
433.000000,1200.000000,0.934570,1.000000,1.000000,0.973633,0.654785,0.982422
434.000000,1200.000000,0.928223,1.000000,0.999512,0.974121,0.635742,0.991211
435.000000,1200.000000,0.928711,1.000000,0.999023,0.974121,0.638672,0.992188
436.000000,1200.000000,0.928711,1.000000,0.995605,0.971680,0.636719,0.985840
437.000000,1200.000000,0.929199,1.000000,1.000000,0.975098,0.639160,0.992188
438.000000,1200.000000,0.932617,1.000000,0.999512,0.969727,0.652344,0.985352
439.000000,1200.000000,0.930176,1.000000,1.000000,0.972168,0.639648,0.988281
440.000000,1200.000000,0.927246,1.000000,1.000000,0.974121,0.633789,0.989258
441.000000,1200.000000,0.933105,1.000000,1.000000,0.973145,0.652832,0.993652
442.000000,1200.000000,0.930176,1.000000,1.000000,0.974609,0.641602,0.991699
443.000000,1200.000000,0.926270,1.000000,0.999023,0.974609,0.630859,0.991699
444.000000,1200.000000,0.929199,1.000000,0.999512,0.972656,0.639160,0.988281
445.000000,1200.000000,0.926758,1.000000,0.999023,0.973633,0.631348,0.991699
446.000000,1200.000000,0.928711,1.000000,0.999023,0.972656,0.632812,0.991699
447.000000,1200.000000,0.928711,1.000000,0.995117,0.974121,0.637695,0.990234
448.000000,1200.000000,0.922363,1.000000,0.998535,0.973145,0.616699,0.990234
449.000000,1200.000000,0.931641,1.000000,0.998047,0.974609,0.647461,0.985352
450.000000,1200.000000,0.926758,1.000000,1.000000,0.971680,0.631348,0.992188
451.000000,1200.000000,0.928223,0.000000,0.998535,0.973633,0.636230,0.992188
452.000000,1200.000000,0.925293,1.000000,0.997559,0.973145,0.625977,0.992676
453.000000,1200.000000,0.928711,1.000000,0.998535,0.974609,0.638672,0.992676
454.000000,1200.000000,0.932129,1.000000,0.998535,0.972168,0.648438,0.992676
455.000000,1200.000000,0.927734,1.000000,0.998535,0.972656,0.631348,0.973145
456.000000,1200.000000,0.929199,1.000000,1.000000,0.970703,0.639648,0.990234
457.000000,1200.000000,0.927246,1.000000,0.996582,0.973145,0.632812,0.991211
458.000000,1200.000000,0.927246,1.000000,1.000000,0.972656,0.634277,0.985840
459.000000,1200.000000,0.928711,1.000000,0.997070,0.973145,0.636719,0.992188
460.000000,1200.000000,0.922852,0.000000,0.995605,0.974609,0.616699,0.991699
461.000000,1200.000000,0.925293,1.000000,0.999512,0.974121,0.625000,0.990723
462.000000,1200.000000,0.928711,1.000000,0.999023,0.972656,0.641113,0.986328
463.000000,1200.000000,0.926758,1.000000,1.000000,0.972656,0.629395,0.987793
464.000000,1200.000000,0.936035,1.000000,1.000000,0.975098,0.660645,0.992188
465.000000,1200.000000,0.932129,1.000000,0.998535,0.975098,0.646484,0.990723
466.000000,1200.000000,0.928223,0.000000,0.986816,0.974121,0.633789,0.985840
467.000000,1200.000000,0.927246,1.000000,0.998535,0.975098,0.631348,0.984375
468.000000,1200.000000,0.930176,1.000000,0.996094,0.974121,0.639648,0.988770
469.000000,1200.000000,0.929199,1.000000,0.998535,0.974609,0.637207,0.991699
470.000000,1200.000000,0.924316,1.000000,0.999512,0.973145,0.623535,0.990723
471.000000,1200.000000,0.927734,1.000000,0.999512,0.971191,0.634277,0.991699
472.000000,1200.000000,0.925781,1.000000,0.998047,0.971191,0.630859,0.983887
473.000000,1200.000000,0.926758,1.000000,0.999023,0.973145,0.628906,0.992676
474.000000,1200.000000,0.930664,1.000000,0.997070,0.975098,0.646484,0.989746
475.000000,1200.000000,0.928223,1.000000,0.990234,0.975098,0.638184,0.991211
476.000000,1200.000000,0.925293,1.000000,0.997559,0.971680,0.627441,0.987793
477.000000,1200.000000,0.928223,1.000000,0.998535,0.975098,0.639160,0.988770
478.000000,1200.000000,0.929688,1.000000,0.995605,0.972168,0.637207,0.982910
479.000000,1200.000000,0.927246,1.000000,0.998047,0.973633,0.633301,0.985840
480.000000,1200.000000,0.927734,1.000000,0.995605,0.971680,0.634277,0.983398
481.000000,1200.000000,0.931152,1.000000,0.999512,0.973145,0.644531,0.992188
482.000000,1200.000000,0.927734,1.000000,0.997070,0.975098,0.633789,0.982422
483.000000,1200.000000,0.928223,1.000000,0.994629,0.973633,0.636719,0.991211
484.000000,1200.000000,0.929199,1.000000,0.998535,0.972656,0.635254,0.981934
485.000000,1200.000000,0.929199,1.000000,1.000000,0.973633,0.639648,0.987793
486.000000,1200.000000,0.929688,1.000000,1.000000,0.973633,0.640625,0.991699
487.000000,1200.000000,0.929688,1.000000,0.991211,0.973633,0.639648,0.992676
488.000000,1200.000000,0.927246,1.000000,0.998535,0.972168,0.636719,0.990723
489.000000,1200.000000,0.927246,0.000000,0.994629,0.972656,0.631348,0.987793
490.000000,1200.000000,0.928223,1.000000,1.000000,0.972656,0.637207,0.991699
491.000000,1200.000000,0.929688,1.000000,0.997559,0.974121,0.642578,0.990723
492.000000,1200.000000,0.927246,1.000000,0.996582,0.969238,0.630371,0.979004
493.000000,1200.000000,0.928711,1.000000,0.999512,0.969238,0.638184,0.986816
494.000000,1200.000000,0.928223,1.000000,0.993652,0.974609,0.635254,0.983887
495.000000,1200.000000,0.931152,1.000000,0.998535,0.973633,0.645020,0.989258
496.000000,1200.000000,0.929688,0.000000,0.996582,0.971680,0.639648,0.989746
497.000000,1200.000000,0.928711,1.000000,0.998535,0.975098,0.635742,0.987793
498.000000,1200.000000,0.926270,1.000000,1.000000,0.973145,0.629883,0.992676
499.000000,1200.000000,0.930176,1.000000,1.000000,0.974121,0.641113,0.982422
500.000000,1200.000000,0.930176,1.000000,0.999512,0.971680,0.642090,0.986328
501.000000,1200.000000,0.934082,1.000000,0.997070,0.975098,0.653320,0.993164
502.000000,1200.000000,0.928223,1.000000,0.998535,0.975586,0.635254,0.988281
503.000000,1200.000000,0.932617,1.000000,0.997070,0.971191,0.652832,0.980469
504.000000,1200.000000,0.925293,1.000000,0.992676,0.972656,0.629395,0.991699
505.000000,1200.000000,0.930664,1.000000,0.998047,0.973633,0.643066,0.991699
506.000000,1200.000000,0.926270,1.000000,0.997559,0.973145,0.630371,0.983398
507.000000,1200.000000,0.930664,1.000000,1.000000,0.973633,0.642578,0.986816
508.000000,1200.000000,0.931152,1.000000,1.000000,0.971191,0.645996,0.987793
509.000000,1200.000000,0.927734,1.000000,0.997559,0.972656,0.633789,0.983398
510.000000,1200.000000,0.928223,1.000000,0.992676,0.972168,0.633789,0.991699
511.000000,1200.000000,0.929199,1.000000,0.998535,0.974121,0.637695,0.991699
512.000000,1200.000000,0.929688,1.000000,0.998535,0.973633,0.637695,0.992188
513.000000,1200.000000,0.929199,1.000000,0.993652,0.970215,0.639160,0.990234
514.000000,1200.000000,0.924805,1.000000,0.996094,0.973633,0.623535,0.992188
515.000000,1200.000000,0.932617,1.000000,0.995605,0.973145,0.652344,0.987305
516.000000,1200.000000,0.929199,0.000000,0.997559,0.971680,0.640625,0.983398
517.000000,1200.000000,0.925293,1.000000,1.000000,0.973633,0.627930,0.992188
518.000000,1200.000000,0.928223,1.000000,0.998047,0.974121,0.633789,0.988281
519.000000,1200.000000,0.931152,1.000000,0.995605,0.972656,0.645020,0.991699
520.000000,1200.000000,0.926270,1.000000,0.994141,0.972168,0.631348,0.987793
521.000000,1200.000000,0.929688,0.000000,0.994141,0.975098,0.640625,0.991699
522.000000,1200.000000,0.930664,1.000000,0.994629,0.974121,0.642090,0.985840
523.000000,1200.000000,0.924805,1.000000,0.999023,0.974609,0.622559,0.992188
524.000000,1200.000000,0.930664,1.000000,0.999023,0.973633,0.638672,0.987305
525.000000,1200.000000,0.930176,1.000000,0.998535,0.974121,0.640137,0.985352
526.000000,1200.000000,0.928223,1.000000,0.999023,0.973145,0.633301,0.989258
527.000000,1200.000000,0.930664,1.000000,0.998535,0.972656,0.644043,0.992188
528.000000,1200.000000,0.927246,1.000000,0.991699,0.975098,0.628418,0.991699
529.000000,1200.000000,0.926270,0.000000,0.995605,0.970703,0.629395,0.988770
530.000000,1200.000000,0.927246,1.000000,0.998535,0.972656,0.631836,0.990234
531.000000,1200.000000,0.927246,1.000000,0.999512,0.975098,0.631836,0.992676
532.000000,1200.000000,0.931641,1.000000,0.999512,0.973145,0.646973,0.990723
533.000000,1200.000000,0.929199,1.000000,0.998535,0.972656,0.639160,0.992188
534.000000,1200.000000,0.927246,1.000000,0.998535,0.974121,0.629883,0.983887
535.000000,1200.000000,0.927246,1.000000,0.997559,0.973633,0.630859,0.987793
536.000000,1200.000000,0.929199,0.000000,0.998047,0.974609,0.640137,0.985840
537.000000,1200.000000,0.932129,1.000000,1.000000,0.972168,0.648926,0.989746
538.000000,1200.000000,0.926270,1.000000,1.000000,0.974121,0.626465,0.991699
539.000000,1200.000000,0.925781,1.000000,0.993164,0.972168,0.626465,0.985352
540.000000,1200.000000,0.926758,1.000000,0.993652,0.973633,0.628418,0.991699
541.000000,1200.000000,0.928711,1.000000,1.000000,0.970703,0.637695,0.986816
542.000000,1200.000000,0.923828,1.000000,0.996582,0.972168,0.622070,0.986328
543.000000,1200.000000,0.934570,1.000000,0.999512,0.972168,0.656250,0.986816
544.000000,1200.000000,0.924805,1.000000,0.999512,0.970703,0.625488,0.984863
545.000000,1200.000000,0.931641,0.000000,1.000000,0.972168,0.646484,0.990234
546.000000,1200.000000,0.931152,1.000000,0.999023,0.976562,0.643555,0.992188
547.000000,1200.000000,0.931641,1.000000,1.000000,0.969727,0.647949,0.987305
548.000000,1200.000000,0.932617,1.000000,0.998535,0.973145,0.651855,0.990723
549.000000,1200.000000,0.927734,1.000000,0.998535,0.974121,0.634277,0.987305
550.000000,1200.000000,0.928223,1.000000,0.994141,0.971191,0.633301,0.992188
551.000000,1200.000000,0.924805,1.000000,0.999023,0.972656,0.624023,0.986328
552.000000,1200.000000,0.926758,1.000000,0.998535,0.971680,0.631836,0.992188
553.000000,1200.000000,0.928711,1.000000,0.999512,0.971680,0.637695,0.994141
554.000000,1200.000000,0.931152,1.000000,0.986816,0.974121,0.645996,0.989746
555.000000,1200.000000,0.926758,1.000000,1.000000,0.975098,0.631348,0.985352
556.000000,1200.000000,0.930664,1.000000,0.999023,0.973145,0.643066,0.988281
557.000000,1200.000000,0.930176,1.000000,0.996582,0.972656,0.645020,0.991699
558.000000,1200.000000,0.927246,1.000000,1.000000,0.973633,0.628906,0.993164
559.000000,1200.000000,0.923340,1.000000,0.998535,0.971680,0.618164,0.988281
560.000000,1200.000000,0.925781,1.000000,0.999023,0.974121,0.627441,0.986328
561.000000,1200.000000,0.930664,1.000000,0.999512,0.974121,0.643066,0.983887
562.000000,1200.000000,0.928223,1.000000,0.994629,0.972168,0.632324,0.982422
563.000000,1200.000000,0.926758,1.000000,1.000000,0.975098,0.630859,0.992676
564.000000,1200.000000,0.928223,1.000000,0.999023,0.972168,0.633301,0.983398
565.000000,1200.000000,0.925293,1.000000,0.986816,0.973633,0.625977,0.988281
566.000000,1200.000000,0.934082,1.000000,1.000000,0.974609,0.654785,0.983887
567.000000,1200.000000,0.928711,1.000000,0.986816,0.975586,0.637207,0.990234
568.000000,1200.000000,0.925293,1.000000,0.999023,0.973633,0.623047,0.993164
569.000000,1200.000000,0.926758,1.000000,0.999512,0.970703,0.628906,0.987793
570.000000,1200.000000,0.929688,1.000000,0.999512,0.973145,0.637695,0.989746
571.000000,1200.000000,0.932129,1.000000,0.999512,0.973145,0.647949,0.991211
572.000000,1200.000000,0.930664,1.000000,0.999023,0.972168,0.646484,0.987793
573.000000,1200.000000,0.930176,1.000000,0.999512,0.974609,0.641602,0.992676
574.000000,1200.000000,0.924316,1.000000,0.999512,0.972168,0.622070,0.983887
575.000000,1200.000000,0.933594,1.000000,0.999023,0.971680,0.653809,0.987305
576.000000,1200.000000,0.928711,1.000000,0.994629,0.974609,0.639160,0.982910
577.000000,1200.000000,0.930176,1.000000,0.997559,0.973145,0.641602,0.983398
578.000000,1200.000000,0.928223,1.000000,0.998047,0.972168,0.635254,0.990234
579.000000,1200.000000,0.928711,1.000000,0.986816,0.971680,0.639648,0.988281
580.000000,1200.000000,0.927246,1.000000,0.996582,0.974609,0.632324,0.991211
581.000000,1200.000000,0.923828,1.000000,1.000000,0.972656,0.619141,0.993164
582.000000,1200.000000,0.926270,1.000000,1.000000,0.975586,0.629395,0.986328
583.000000,1200.000000,0.928223,1.000000,0.998047,0.972656,0.636230,0.991211
584.000000,1200.000000,0.930176,1.000000,0.990234,0.972168,0.641602,0.994141
585.000000,1200.000000,0.924805,0.000000,0.997559,0.972168,0.624512,0.986816
586.000000,1200.000000,0.930176,1.000000,0.998535,0.974609,0.643555,0.990234
587.000000,1200.000000,0.927734,1.000000,0.997070,0.975586,0.632812,0.988281
588.000000,1200.000000,0.927734,1.000000,0.995605,0.971191,0.636230,0.993164
589.000000,1200.000000,0.928223,1.000000,1.000000,0.972656,0.632812,0.991699
590.000000,1200.000000,0.928223,1.000000,0.998047,0.975098,0.634277,0.991699
591.000000,1200.000000,0.926758,1.000000,0.999023,0.972656,0.629883,0.986816
592.000000,1200.000000,0.929688,1.000000,0.999023,0.972656,0.637695,0.992188
593.000000,1200.000000,0.928223,1.000000,0.998535,0.973633,0.635742,0.989258
594.000000,1200.000000,0.926758,1.000000,0.994629,0.972168,0.630859,0.988770
595.000000,1200.000000,0.923828,1.000000,0.999512,0.970215,0.620605,0.991699
596.000000,1200.000000,0.927246,1.000000,0.998047,0.974121,0.630859,0.991211
597.000000,1200.000000,0.925781,1.000000,0.995117,0.973145,0.626953,0.992676
598.000000,1200.000000,0.927246,1.000000,0.997070,0.972656,0.629395,0.988770
599.000000,1200.000000,0.925293,1.000000,0.984863,0.970215,0.625000,0.988770
600.000000,1200.000000,0.926758,1.000000,0.995605,0.971680,0.630371,0.991211
601.000000,1200.000000,0.930664,1.000000,0.999023,0.973145,0.642578,0.993652
602.000000,1200.000000,0.928711,1.000000,0.999023,0.976074,0.637207,0.990234
603.000000,1200.000000,0.931152,1.000000,0.985352,0.972656,0.643555,0.984863
604.000000,1200.000000,0.925293,1.000000,0.993652,0.971191,0.624512,0.993164
605.000000,1200.000000,0.930176,1.000000,0.999512,0.972168,0.641113,0.992188
606.000000,1200.000000,0.932129,1.000000,0.999512,0.973633,0.648926,0.992188
607.000000,1200.000000,0.926270,1.000000,0.999512,0.974609,0.629883,0.985352
608.000000,1200.000000,0.927734,1.000000,0.989746,0.971191,0.631836,0.988281
609.000000,1200.000000,0.925781,1.000000,0.999023,0.974121,0.626953,0.989258
610.000000,1200.000000,0.931641,1.000000,0.992676,0.973145,0.647461,0.988770
611.000000,1200.000000,0.929199,1.000000,0.999512,0.971680,0.636230,0.991699
612.000000,1200.000000,0.925293,1.000000,0.998535,0.971680,0.625000,0.988770
613.000000,1200.000000,0.930176,1.000000,1.000000,0.975098,0.640625,0.992188
614.000000,1200.000000,0.927734,1.000000,0.998047,0.974609,0.633301,0.972656
615.000000,1200.000000,0.929199,1.000000,0.998047,0.972656,0.637207,0.992188
616.000000,1200.000000,0.928711,1.000000,0.993652,0.973633,0.638672,0.990723
617.000000,1200.000000,0.930176,1.000000,0.999512,0.973145,0.641113,0.981934
618.000000,1200.000000,0.933105,1.000000,0.998535,0.975098,0.650879,0.987793
619.000000,1200.000000,0.928711,1.000000,1.000000,0.971191,0.637207,0.988281
620.000000,1200.000000,0.927246,1.000000,1.000000,0.973633,0.629883,0.986328
621.000000,1200.000000,0.929199,1.000000,0.995605,0.974121,0.636719,0.984863
622.000000,1200.000000,0.930176,1.000000,0.994141,0.973145,0.639160,0.988281
623.000000,1200.000000,0.929199,1.000000,1.000000,0.975098,0.637695,0.992676
624.000000,1200.000000,0.928223,1.000000,0.999512,0.973145,0.635254,0.992188
625.000000,1200.000000,0.929688,1.000000,0.995605,0.974121,0.641113,0.988770
626.000000,1200.000000,0.929199,1.000000,0.999512,0.971191,0.638672,0.989258
627.000000,1200.000000,0.931152,1.000000,0.992676,0.973145,0.643555,0.991699
628.000000,1200.000000,0.923828,1.000000,0.994141,0.974609,0.622559,0.989258
629.000000,1200.000000,0.930176,1.000000,0.997070,0.972656,0.640625,0.990234
630.000000,1200.000000,0.924316,1.000000,0.999512,0.975098,0.619141,0.980957
631.000000,1200.000000,0.925781,1.000000,0.994629,0.972168,0.629883,0.992188
632.000000,1200.000000,0.928711,1.000000,0.994629,0.971680,0.638672,0.990234
633.000000,1200.000000,0.930664,1.000000,1.000000,0.972656,0.642578,0.992676
634.000000,1200.000000,0.926270,1.000000,0.999512,0.974121,0.629395,0.982910
635.000000,1200.000000,0.929199,1.000000,0.998535,0.974121,0.636230,0.992188
636.000000,1200.000000,0.923828,1.000000,0.994629,0.973145,0.618164,0.989258
637.000000,1200.000000,0.926270,1.000000,0.988281,0.972656,0.628418,0.988770
638.000000,1200.000000,0.927734,1.000000,0.999512,0.972168,0.633301,0.991699
639.000000,1200.000000,0.930664,1.000000,0.999023,0.973145,0.639648,0.992188
640.000000,1200.000000,0.930176,1.000000,0.998535,0.973145,0.643066,0.991699
641.000000,1200.000000,0.927734,1.000000,1.000000,0.973633,0.636719,0.991211
642.000000,1200.000000,0.931152,1.000000,0.998535,0.972168,0.644043,0.991211
643.000000,1200.000000,0.925781,1.000000,0.996094,0.973633,0.629883,0.987793
644.000000,1200.000000,0.924805,1.000000,1.000000,0.975098,0.625977,0.989746
645.000000,1200.000000,0.931152,1.000000,0.994629,0.972168,0.645996,0.991699
646.000000,1200.000000,0.928223,1.000000,0.998535,0.970215,0.635254,0.983398
647.000000,1200.000000,0.930176,1.000000,0.996582,0.973633,0.643555,0.989746
648.000000,1200.000000,0.930664,1.000000,0.995605,0.972656,0.641113,0.991699
649.000000,1200.000000,0.928223,1.000000,0.997070,0.973145,0.636719,0.989746
650.000000,1200.000000,0.929688,1.000000,0.996582,0.972168,0.641113,0.986816
651.000000,1200.000000,0.937012,1.000000,1.000000,0.973145,0.665039,0.992188
652.000000,1200.000000,0.929688,1.000000,0.999023,0.971680,0.640625,0.986328
653.000000,1200.000000,0.928223,1.000000,0.991699,0.974609,0.636719,0.986816
654.000000,1200.000000,0.928711,1.000000,0.999023,0.971680,0.635742,0.992188
655.000000,1200.000000,0.926270,0.000000,0.999023,0.972168,0.632812,0.992676
656.000000,1200.000000,0.926758,1.000000,0.995605,0.971680,0.627930,0.990234
657.000000,1200.000000,0.931152,1.000000,0.999512,0.972168,0.643555,0.987793
658.000000,1200.000000,0.927246,1.000000,0.997070,0.973633,0.633301,0.989746
659.000000,1200.000000,0.927246,1.000000,0.999023,0.972168,0.632812,0.989746
660.000000,1200.000000,0.926270,1.000000,0.998535,0.974609,0.626953,0.987305
661.000000,1200.000000,0.929688,1.000000,1.000000,0.973145,0.639160,0.989258
662.000000,1200.000000,0.927734,1.000000,1.000000,0.973145,0.634277,0.991699
663.000000,1200.000000,0.935059,1.000000,1.000000,0.974121,0.655762,0.983398
664.000000,1200.000000,0.926758,1.000000,0.998535,0.973145,0.630371,0.990234
665.000000,1200.000000,0.931641,1.000000,0.999023,0.970703,0.645508,0.993164
666.000000,1200.000000,0.931641,1.000000,1.000000,0.972168,0.646973,0.992188
667.000000,1200.000000,0.931152,1.000000,0.996582,0.974121,0.643555,0.992188
668.000000,1200.000000,0.928711,1.000000,0.996582,0.973633,0.634277,0.988770
669.000000,1200.000000,0.930176,1.000000,1.000000,0.973633,0.640625,0.991211
670.000000,1200.000000,0.932129,1.000000,0.996582,0.974609,0.650879,0.991699
671.000000,1200.000000,0.929688,1.000000,0.999512,0.971680,0.638184,0.989746
672.000000,1200.000000,0.929688,1.000000,0.992676,0.975098,0.643555,0.982910
673.000000,1200.000000,0.929688,1.000000,1.000000,0.973633,0.640137,0.986816
674.000000,1200.000000,0.927734,1.000000,0.999023,0.974121,0.635254,0.991699
675.000000,1200.000000,0.928711,1.000000,1.000000,0.976074,0.636230,0.982910
676.000000,1200.000000,0.931152,1.000000,1.000000,0.972168,0.643555,0.991699
677.000000,1200.000000,0.923340,1.000000,1.000000,0.974609,0.619141,0.992188
678.000000,1200.000000,0.927734,1.000000,0.997070,0.967285,0.631836,0.991211
679.000000,1200.000000,0.928223,1.000000,0.998535,0.971191,0.635742,0.980469
680.000000,1200.000000,0.927246,1.000000,0.994141,0.973633,0.634277,0.991699
681.000000,1200.000000,0.928711,1.000000,1.000000,0.972656,0.634766,0.992676
682.000000,1200.000000,0.931641,1.000000,0.999512,0.971680,0.644531,0.981934
683.000000,1200.000000,0.926270,1.000000,0.999023,0.974121,0.629883,0.991211
684.000000,1200.000000,0.927246,1.000000,0.998535,0.969727,0.630371,0.989746
685.000000,1200.000000,0.929199,1.000000,0.999512,0.972168,0.635742,0.991699
686.000000,1200.000000,0.929688,1.000000,0.999512,0.972656,0.641113,0.988770
687.000000,1200.000000,0.925293,1.000000,0.989746,0.972168,0.622559,0.986816
688.000000,1200.000000,0.929688,1.000000,0.998535,0.971680,0.639160,0.983398
689.000000,1200.000000,0.928711,1.000000,1.000000,0.973633,0.641113,0.989746
690.000000,1200.000000,0.922852,1.000000,0.995605,0.971680,0.617676,0.992676
691.000000,1200.000000,0.928711,1.000000,0.993652,0.973145,0.635254,0.993164
692.000000,1200.000000,0.930176,1.000000,0.998535,0.974121,0.642578,0.992188
693.000000,1200.000000,0.928223,1.000000,1.000000,0.973145,0.635254,0.992676
694.000000,1200.000000,0.928711,1.000000,0.996094,0.974121,0.635254,0.991699
695.000000,1200.000000,0.931641,1.000000,1.000000,0.972168,0.644531,0.992188
696.000000,1200.000000,0.933594,1.000000,0.997559,0.972168,0.655273,0.986816
697.000000,1200.000000,0.932129,1.000000,1.000000,0.972656,0.649414,0.985840
698.000000,1200.000000,0.929688,1.000000,0.996094,0.972656,0.639648,0.984863
699.000000,1200.000000,0.923828,1.000000,1.000000,0.974609,0.620605,0.992188
700.000000,1200.000000,0.926758,0.000000,0.998535,0.974121,0.631348,0.991699
701.000000,1200.000000,0.932129,0.000000,1.000000,0.973633,0.648926,0.991699
702.000000,1200.000000,0.931152,1.000000,0.994141,0.975098,0.646484,0.991699
703.000000,1200.000000,0.930664,1.000000,0.999023,0.972656,0.643555,0.987793
704.000000,1200.000000,0.926758,1.000000,0.998535,0.972656,0.628906,0.985840
705.000000,1200.000000,0.924805,1.000000,0.999512,0.974609,0.624023,0.992676
706.000000,1200.000000,0.926758,1.000000,1.000000,0.969238,0.630371,0.991699
707.000000,1200.000000,0.929688,1.000000,1.000000,0.972168,0.639648,0.991699
708.000000,1200.000000,0.927246,1.000000,0.999512,0.975586,0.627930,0.983398
709.000000,1200.000000,0.931641,1.000000,0.990234,0.971191,0.648438,0.987305
710.000000,1200.000000,0.930176,1.000000,0.999023,0.973633,0.641113,0.992676
711.000000,1200.000000,0.930176,1.000000,0.997070,0.974121,0.641602,0.991211
712.000000,1200.000000,0.932617,1.000000,1.000000,0.971191,0.650879,0.991211
713.000000,1200.000000,0.925293,1.000000,0.993652,0.972656,0.624023,0.987793
714.000000,1200.000000,0.928223,1.000000,0.999023,0.971680,0.639648,0.985840
715.000000,1200.000000,0.929688,1.000000,1.000000,0.974609,0.641113,0.992676
716.000000,1200.000000,0.929688,1.000000,0.996582,0.973145,0.637695,0.987793
717.000000,1200.000000,0.930176,1.000000,1.000000,0.974609,0.642090,0.989258
718.000000,1200.000000,0.929199,1.000000,0.992676,0.974121,0.640137,0.991699
719.000000,1200.000000,0.927246,1.000000,0.988281,0.973633,0.633789,0.992676
720.000000,1200.000000,0.928223,1.000000,0.996582,0.973145,0.636230,0.992676
721.000000,1200.000000,0.928711,1.000000,0.998047,0.974609,0.634277,0.982910
722.000000,1200.000000,0.928223,1.000000,0.999023,0.972656,0.634277,0.992188
723.000000,1200.000000,0.927734,1.000000,0.998047,0.971680,0.634766,0.987305
724.000000,1200.000000,0.933105,1.000000,1.000000,0.972656,0.653320,0.987305
725.000000,1200.000000,0.928223,1.000000,0.995605,0.970703,0.634766,0.981934
726.000000,1200.000000,0.927734,1.000000,0.998047,0.970215,0.633301,0.987305
727.000000,1200.000000,0.927734,1.000000,1.000000,0.973145,0.633301,0.987305
728.000000,1200.000000,0.930176,1.000000,1.000000,0.970703,0.642090,0.988770
729.000000,1200.000000,0.929688,1.000000,0.998535,0.973633,0.640137,0.990234
730.000000,1200.000000,0.927246,1.000000,0.999023,0.973145,0.627441,0.991211
731.000000,1200.000000,0.931152,1.000000,0.993652,0.972656,0.642578,0.988770
732.000000,1200.000000,0.927246,1.000000,1.000000,0.973633,0.632324,0.990723
733.000000,1200.000000,0.927734,1.000000,0.999023,0.973145,0.635254,0.986816
734.000000,1200.000000,0.930664,1.000000,0.998535,0.974121,0.645020,0.992188
735.000000,1200.000000,0.932129,1.000000,0.999512,0.974121,0.648926,0.989258
736.000000,1200.000000,0.924805,1.000000,0.999023,0.973633,0.624512,0.983398
737.000000,1200.000000,0.927246,1.000000,0.999023,0.971680,0.634766,0.993164
738.000000,1200.000000,0.929199,1.000000,0.999512,0.970703,0.637695,0.991211
739.000000,1200.000000,0.929688,1.000000,1.000000,0.970703,0.639648,0.986328
740.000000,1200.000000,0.924805,1.000000,0.999023,0.974121,0.623535,0.987793
741.000000,1200.000000,0.925781,1.000000,0.987305,0.972656,0.624023,0.988770
742.000000,1200.000000,0.930176,1.000000,1.000000,0.973633,0.644531,0.987305
743.000000,1200.000000,0.933594,1.000000,0.996582,0.973145,0.654297,0.986328
744.000000,1200.000000,0.928223,1.000000,0.999023,0.971191,0.632812,0.992188
745.000000,1200.000000,0.927734,1.000000,0.986816,0.973145,0.631348,0.991699
746.000000,1200.000000,0.926270,1.000000,0.999512,0.972656,0.628906,0.990723
747.000000,1200.000000,0.929199,1.000000,0.999512,0.974121,0.635742,0.991699
748.000000,1200.000000,0.926270,1.000000,0.995117,0.970703,0.627930,0.989746
749.000000,1200.000000,0.926758,1.000000,0.999023,0.970215,0.629883,0.987305
750.000000,1200.000000,0.928711,1.000000,1.000000,0.973633,0.634277,0.990234
751.000000,1200.000000,0.931152,1.000000,0.997559,0.972656,0.643066,0.989746
752.000000,1200.000000,0.925293,1.000000,0.990234,0.974609,0.626465,0.990234
753.000000,1200.000000,0.931152,1.000000,0.999512,0.975098,0.646484,0.988281
754.000000,1200.000000,0.931152,0.000000,0.998535,0.971191,0.642578,0.987305
755.000000,1200.000000,0.931641,1.000000,0.994141,0.973633,0.645508,0.992676
756.000000,1200.000000,0.923828,1.000000,1.000000,0.974121,0.620605,0.992188
757.000000,1200.000000,0.932617,1.000000,1.000000,0.974121,0.649902,0.988770
758.000000,1200.000000,0.926270,1.000000,1.000000,0.973145,0.627441,0.982910
759.000000,1200.000000,0.924805,1.000000,0.999512,0.972656,0.625977,0.989258
760.000000,1200.000000,0.927246,1.000000,0.999512,0.971680,0.632324,0.991699
761.000000,1200.000000,0.933105,1.000000,0.999023,0.972168,0.652344,0.986328
762.000000,1200.000000,0.933105,1.000000,0.999023,0.974121,0.652832,0.986816
763.000000,1200.000000,0.926758,1.000000,0.999512,0.974121,0.626465,0.991211
764.000000,1200.000000,0.926270,1.000000,0.999023,0.972656,0.630371,0.991699
765.000000,1200.000000,0.926758,1.000000,0.999512,0.974121,0.630371,0.993164
766.000000,1200.000000,0.928223,1.000000,1.000000,0.972656,0.632812,0.987305
767.000000,1200.000000,0.934082,1.000000,0.998535,0.970703,0.653320,0.992188
768.000000,1200.000000,0.928223,1.000000,0.997070,0.974609,0.635254,0.984863
769.000000,1200.000000,0.931152,1.000000,1.000000,0.973633,0.643555,0.991699
770.000000,1200.000000,0.924316,1.000000,0.999512,0.974121,0.623047,0.987793
771.000000,1200.000000,0.929199,1.000000,0.995605,0.970703,0.639160,0.992188
772.000000,1200.000000,0.928223,1.000000,0.999023,0.971680,0.637695,0.989258
773.000000,1200.000000,0.924316,1.000000,0.999023,0.975098,0.623047,0.988281
774.000000,1200.000000,0.927246,1.000000,0.999512,0.974121,0.630859,0.984863
775.000000,1200.000000,0.927246,1.000000,0.999023,0.975098,0.629883,0.992188
776.000000,1200.000000,0.926758,1.000000,0.995117,0.975098,0.631348,0.986328
777.000000,1200.000000,0.929199,0.000000,0.989258,0.972168,0.639648,0.989258
778.000000,1200.000000,0.928223,1.000000,0.999512,0.972656,0.638672,0.993652
779.000000,1200.000000,0.927246,1.000000,0.998047,0.973145,0.631348,0.984863
780.000000,1200.000000,0.925293,1.000000,0.997559,0.975586,0.625977,0.987793
781.000000,1200.000000,0.926270,1.000000,0.997070,0.972656,0.629883,0.990723
782.000000,1200.000000,0.930176,1.000000,0.998535,0.975098,0.643066,0.989258
783.000000,1200.000000,0.926758,1.000000,0.998535,0.973145,0.631836,0.984375
784.000000,1200.000000,0.927734,1.000000,0.999512,0.975098,0.632812,0.990723
785.000000,1200.000000,0.925781,1.000000,0.999512,0.973633,0.630371,0.984375
786.000000,1200.000000,0.926758,1.000000,0.999023,0.973633,0.631348,0.990723
787.000000,1200.000000,0.928711,1.000000,0.998535,0.973145,0.639160,0.991699
788.000000,1200.000000,0.932129,1.000000,0.986328,0.973145,0.650391,0.992188
789.000000,1200.000000,0.929688,1.000000,1.000000,0.972168,0.638672,0.989258
790.000000,1200.000000,0.926758,1.000000,0.999512,0.973633,0.630859,0.987305
791.000000,1200.000000,0.933105,1.000000,1.000000,0.975098,0.649902,0.991699
792.000000,1200.000000,0.922363,1.000000,1.000000,0.971191,0.613281,0.987305
793.000000,1200.000000,0.922363,1.000000,0.994629,0.972168,0.618652,0.992188
794.000000,1200.000000,0.930664,1.000000,0.995605,0.974121,0.645508,0.986328
795.000000,1200.000000,0.928223,1.000000,0.999512,0.972656,0.632324,0.985840
796.000000,1200.000000,0.924316,1.000000,0.998047,0.971680,0.623535,0.987793
797.000000,1200.000000,0.929688,1.000000,0.991211,0.973633,0.639648,0.988281
798.000000,1200.000000,0.931152,1.000000,1.000000,0.974609,0.644531,0.990723
799.000000,1200.000000,0.924805,1.000000,1.000000,0.971680,0.626465,0.991211
800.000000,1200.000000,0.927734,1.000000,0.998535,0.971680,0.633789,0.989746
801.000000,1200.000000,0.926758,1.000000,1.000000,0.971680,0.628906,0.991211
802.000000,1200.000000,0.931152,1.000000,0.999023,0.971680,0.645508,0.988281
803.000000,1200.000000,0.926758,1.000000,0.998047,0.974121,0.631348,0.989258
804.000000,1200.000000,0.927734,1.000000,0.994629,0.974121,0.638184,0.992188
805.000000,1200.000000,0.927246,1.000000,0.998047,0.975586,0.632324,0.991211
806.000000,1200.000000,0.933105,1.000000,0.996582,0.975098,0.653320,0.992676
807.000000,1200.000000,0.925293,1.000000,0.996582,0.972168,0.626953,0.991699
808.000000,1200.000000,0.929688,1.000000,0.998535,0.973633,0.641113,0.992676
809.000000,1200.000000,0.930664,1.000000,1.000000,0.973633,0.640625,0.989258
810.000000,1200.000000,0.930664,1.000000,0.990234,0.972656,0.643555,0.987305
811.000000,1200.000000,0.926758,1.000000,0.998535,0.976074,0.632324,0.983887
812.000000,1200.000000,0.927734,1.000000,0.997559,0.973145,0.635742,0.990723
813.000000,1200.000000,0.930664,1.000000,0.998535,0.972168,0.646484,0.982910
814.000000,1200.000000,0.928223,1.000000,1.000000,0.971191,0.635254,0.991211
815.000000,1200.000000,0.929688,1.000000,0.999512,0.975586,0.641113,0.991699
816.000000,1200.000000,0.924805,1.000000,1.000000,0.972656,0.625000,0.979004
817.000000,1200.000000,0.930664,1.000000,0.999023,0.974609,0.644043,0.981934
818.000000,1200.000000,0.927734,1.000000,0.999512,0.972656,0.636230,0.988770
819.000000,1200.000000,0.928711,1.000000,0.999023,0.972656,0.639160,0.988770
820.000000,1200.000000,0.934082,1.000000,0.997559,0.971680,0.654785,0.983398
821.000000,1200.000000,0.929688,1.000000,0.998047,0.974121,0.638672,0.993164
822.000000,1200.000000,0.930664,1.000000,0.999512,0.972656,0.644531,0.989746
823.000000,1200.000000,0.926270,1.000000,0.996094,0.970703,0.628418,0.988281
824.000000,1200.000000,0.932617,1.000000,0.996582,0.974121,0.647949,0.989258
825.000000,1200.000000,0.929688,1.000000,0.998047,0.974121,0.639648,0.992676
826.000000,1200.000000,0.927246,1.000000,0.988281,0.974609,0.632812,0.987305
827.000000,1200.000000,0.930664,1.000000,0.997070,0.972168,0.644043,0.991699
828.000000,1200.000000,0.929688,1.000000,0.998535,0.973633,0.636719,0.984863
829.000000,1200.000000,0.928711,1.000000,1.000000,0.972656,0.639160,0.989746
830.000000,1200.000000,0.928711,1.000000,0.997070,0.971680,0.634766,0.986328
831.000000,1200.000000,0.924316,1.000000,0.998535,0.973145,0.622070,0.991211
832.000000,1200.000000,0.929199,1.000000,0.994629,0.971680,0.639648,0.985352
833.000000,1200.000000,0.932129,1.000000,0.998535,0.973145,0.648926,0.984863
834.000000,1200.000000,0.930176,1.000000,0.996582,0.973633,0.643066,0.990234
835.000000,1200.000000,0.927246,1.000000,0.999023,0.973145,0.633301,0.992676
836.000000,1200.000000,0.930176,1.000000,0.988770,0.973145,0.641602,0.983887
837.000000,1200.000000,0.928223,1.000000,0.999512,0.972656,0.636230,0.991211
838.000000,1200.000000,0.928711,1.000000,1.000000,0.971680,0.635742,0.987305
839.000000,1200.000000,0.926270,1.000000,1.000000,0.974121,0.626953,0.992188
840.000000,1200.000000,0.928711,1.000000,0.996582,0.972168,0.637207,0.992188
841.000000,1200.000000,0.925781,1.000000,0.999023,0.973145,0.630371,0.988770
842.000000,1200.000000,0.926270,1.000000,1.000000,0.973145,0.629395,0.991699
843.000000,1200.000000,0.928223,1.000000,0.999023,0.973145,0.632812,0.989746
844.000000,1200.000000,0.926270,1.000000,0.998535,0.971680,0.628906,0.990234
845.000000,1200.000000,0.927246,1.000000,0.997070,0.974609,0.629883,0.988281
846.000000,1200.000000,0.928711,1.000000,1.000000,0.974121,0.632812,0.991211
847.000000,1200.000000,0.930664,1.000000,1.000000,0.970703,0.643555,0.991699
848.000000,1200.000000,0.927734,1.000000,0.999023,0.973633,0.635254,0.989258
849.000000,1200.000000,0.930664,1.000000,0.988281,0.973633,0.641602,0.991211
850.000000,1200.000000,0.927734,1.000000,0.999512,0.975098,0.633789,0.987793
851.000000,1200.000000,0.930664,1.000000,1.000000,0.973145,0.645996,0.987793
852.000000,1200.000000,0.932129,1.000000,0.999512,0.973145,0.647949,0.990723
853.000000,1200.000000,0.934082,1.000000,0.999512,0.974609,0.657227,0.990723
854.000000,1200.000000,0.929688,1.000000,0.989258,0.972168,0.642090,0.987305
855.000000,1200.000000,0.929199,1.000000,0.997070,0.973145,0.638672,0.985840
856.000000,1200.000000,0.926758,1.000000,1.000000,0.974121,0.628906,0.989746
857.000000,1200.000000,0.930664,1.000000,0.993652,0.974121,0.642578,0.988281
858.000000,1200.000000,0.929688,1.000000,0.991699,0.972656,0.639160,0.985352
859.000000,1200.000000,0.928223,1.000000,0.997070,0.974121,0.635254,0.992188
860.000000,1200.000000,0.926270,1.000000,0.997559,0.971191,0.627441,0.979492
861.000000,1200.000000,0.924805,1.000000,0.994629,0.972168,0.624023,0.989746
862.000000,1200.000000,0.926758,1.000000,1.000000,0.974121,0.632812,0.988770
863.000000,1200.000000,0.932617,1.000000,1.000000,0.974609,0.648926,0.991211
864.000000,1200.000000,0.931152,1.000000,0.997559,0.972656,0.643066,0.988281
865.000000,1200.000000,0.923340,1.000000,1.000000,0.972656,0.619629,0.993652
866.000000,1200.000000,0.934570,1.000000,0.997559,0.973633,0.657227,0.987305
867.000000,1200.000000,0.931641,0.000000,0.998535,0.970215,0.646484,0.990723
868.000000,1200.000000,0.927246,1.000000,1.000000,0.973145,0.628418,0.991211
869.000000,1200.000000,0.928711,0.000000,0.997070,0.974609,0.638672,0.985352
870.000000,1200.000000,0.929688,1.000000,1.000000,0.974121,0.639160,0.991699
871.000000,1200.000000,0.927734,1.000000,0.999512,0.970703,0.631348,0.988281
872.000000,1200.000000,0.929688,1.000000,0.996582,0.973145,0.638672,0.987305
873.000000,1200.000000,0.929199,1.000000,0.999512,0.974609,0.641113,0.989746
874.000000,1200.000000,0.928711,1.000000,1.000000,0.972168,0.637207,0.985840
875.000000,1200.000000,0.929688,1.000000,0.998047,0.974609,0.641602,0.989258
876.000000,1200.000000,0.932617,1.000000,1.000000,0.972656,0.649902,0.985352
877.000000,1200.000000,0.925781,1.000000,0.998535,0.974609,0.623535,0.991699
878.000000,1200.000000,0.932129,1.000000,0.998535,0.972168,0.649414,0.988770
879.000000,1200.000000,0.928711,1.000000,1.000000,0.972656,0.639648,0.988770
880.000000,1200.000000,0.928711,1.000000,0.990234,0.973633,0.638184,0.991699
881.000000,1200.000000,0.925781,1.000000,1.000000,0.974609,0.628906,0.993164
882.000000,1200.000000,0.930176,1.000000,0.999023,0.973145,0.641602,0.990723
883.000000,1200.000000,0.931152,1.000000,0.999023,0.974609,0.641602,0.980957
884.000000,1200.000000,0.926270,1.000000,0.997559,0.971680,0.629883,0.990723
885.000000,1200.000000,0.929199,1.000000,0.997559,0.972168,0.637695,0.992188
886.000000,1200.000000,0.923340,1.000000,0.997559,0.972168,0.618652,0.992676
887.000000,1200.000000,0.926758,1.000000,0.996094,0.972656,0.630859,0.984863
888.000000,1200.000000,0.931641,1.000000,0.997070,0.971680,0.644043,0.992676
889.000000,1200.000000,0.930176,1.000000,1.000000,0.972168,0.642090,0.992676
890.000000,1200.000000,0.925781,1.000000,1.000000,0.971680,0.626465,0.991699
891.000000,1200.000000,0.928711,1.000000,0.997559,0.971680,0.637695,0.988281
892.000000,1200.000000,0.921875,1.000000,0.999023,0.972656,0.614746,0.991699
893.000000,1200.000000,0.932129,1.000000,0.995605,0.972656,0.647949,0.992188
894.000000,1200.000000,0.927734,1.000000,0.999512,0.972168,0.632812,0.990723
895.000000,1200.000000,0.931152,1.000000,1.000000,0.973145,0.646973,0.992188
896.000000,1200.000000,0.925781,1.000000,0.999512,0.970215,0.625488,0.990723
897.000000,1200.000000,0.926270,1.000000,0.999512,0.972168,0.627930,0.989258
898.000000,1200.000000,0.927246,1.000000,0.999512,0.973633,0.634277,0.985352
899.000000,1200.000000,0.929199,1.000000,0.999023,0.973633,0.636719,0.992676
900.000000,1200.000000,0.924316,1.000000,0.995605,0.971680,0.625000,0.988281
901.000000,1200.000000,0.926270,1.000000,0.998047,0.974609,0.631348,0.988281
902.000000,1200.000000,0.932129,1.000000,0.999023,0.972656,0.647949,0.987305
903.000000,1200.000000,0.933105,1.000000,1.000000,0.974121,0.649414,0.984375
904.000000,1200.000000,0.925781,1.000000,1.000000,0.972168,0.628418,0.988281
905.000000,1200.000000,0.928711,1.000000,0.996094,0.975586,0.634766,0.989746
906.000000,1200.000000,0.927734,1.000000,0.998047,0.973145,0.635742,0.991211
907.000000,1200.000000,0.928223,1.000000,0.996582,0.974609,0.636230,0.986328
908.000000,1200.000000,0.929688,1.000000,0.991699,0.974121,0.642090,0.991699
909.000000,1200.000000,0.934082,1.000000,0.999512,0.975098,0.655762,0.988770
910.000000,1200.000000,0.928223,1.000000,0.994629,0.974121,0.637695,0.989258
911.000000,1200.000000,0.931641,1.000000,0.999512,0.974121,0.647949,0.984863
912.000000,1200.000000,0.931152,1.000000,1.000000,0.972656,0.647461,0.993652
913.000000,1200.000000,0.929199,1.000000,1.000000,0.974121,0.637207,0.987305
914.000000,1200.000000,0.926758,1.000000,0.999023,0.974121,0.633789,0.990234
915.000000,1200.000000,0.928223,1.000000,1.000000,0.975098,0.634277,0.992676
916.000000,1200.000000,0.929199,0.000000,0.999023,0.971191,0.641113,0.991211
917.000000,1200.000000,0.930176,1.000000,0.999512,0.971680,0.644531,0.993164
918.000000,1200.000000,0.927734,1.000000,1.000000,0.973145,0.632324,0.982422
919.000000,1200.000000,0.928223,1.000000,0.998535,0.975098,0.634766,0.983398
920.000000,1200.000000,0.925293,1.000000,0.994629,0.977051,0.627930,0.992188
921.000000,1200.000000,0.931641,1.000000,1.000000,0.974121,0.645020,0.991211
922.000000,1200.000000,0.928711,1.000000,0.994629,0.974609,0.637695,0.989746
923.000000,1200.000000,0.927246,1.000000,1.000000,0.974609,0.629883,0.992188
924.000000,1200.000000,0.928711,1.000000,1.000000,0.973633,0.636719,0.990723
925.000000,1200.000000,0.927246,1.000000,1.000000,0.973633,0.635254,0.989746
926.000000,1200.000000,0.928223,1.000000,1.000000,0.972656,0.635254,0.990723
927.000000,1200.000000,0.925293,1.000000,1.000000,0.972168,0.624023,0.989258
928.000000,1200.000000,0.932617,1.000000,0.993652,0.973633,0.649902,0.989258
929.000000,1200.000000,0.929688,1.000000,1.000000,0.971680,0.640625,0.990723
930.000000,1200.000000,0.931641,1.000000,0.999023,0.971680,0.645020,0.984863
931.000000,1200.000000,0.930176,1.000000,0.997559,0.971191,0.643555,0.991699
932.000000,1200.000000,0.925781,1.000000,0.998535,0.973145,0.629395,0.989258
933.000000,1200.000000,0.927246,1.000000,0.997559,0.972656,0.632324,0.985840
934.000000,1200.000000,0.927246,1.000000,0.993652,0.972168,0.628906,0.992188
935.000000,1200.000000,0.928223,1.000000,0.999512,0.974121,0.637207,0.987793
936.000000,1200.000000,0.927734,1.000000,0.999023,0.972656,0.634766,0.990723
937.000000,1200.000000,0.926270,1.000000,0.999023,0.974609,0.627930,0.982910
938.000000,1200.000000,0.927734,1.000000,0.998535,0.973633,0.632812,0.992188
939.000000,1200.000000,0.928223,1.000000,1.000000,0.974609,0.635254,0.989258
940.000000,1200.000000,0.923340,1.000000,0.998535,0.973633,0.623535,0.987305
941.000000,1200.000000,0.928711,1.000000,0.997559,0.973145,0.635254,0.991699
942.000000,1200.000000,0.924316,1.000000,0.986816,0.973633,0.620117,0.982422
943.000000,1200.000000,0.929688,1.000000,0.999023,0.975586,0.639648,0.988770
944.000000,1200.000000,0.928711,1.000000,0.999512,0.975586,0.636719,0.992188
945.000000,1200.000000,0.925293,1.000000,0.998535,0.970703,0.627441,0.991699
946.000000,1200.000000,0.928711,1.000000,1.000000,0.971191,0.637207,0.992676
947.000000,1200.000000,0.927246,1.000000,0.995605,0.973145,0.630371,0.991211
948.000000,1200.000000,0.930664,1.000000,0.981934,0.972168,0.646973,0.983398
949.000000,1200.000000,0.928711,1.000000,1.000000,0.975098,0.637695,0.992676
950.000000,1200.000000,0.928223,1.000000,1.000000,0.973633,0.635742,0.992676
951.000000,1200.000000,0.930176,1.000000,0.999023,0.974609,0.642090,0.985352
952.000000,1200.000000,0.926270,1.000000,1.000000,0.975098,0.631348,0.982910
953.000000,1200.000000,0.923828,1.000000,0.999512,0.972656,0.622070,0.991699
954.000000,1200.000000,0.930664,1.000000,1.000000,0.973633,0.642578,0.991699
955.000000,1200.000000,0.927734,1.000000,1.000000,0.971680,0.634277,0.987305
956.000000,1200.000000,0.925781,1.000000,0.999512,0.974121,0.627930,0.982910
957.000000,1200.000000,0.928711,1.000000,0.998047,0.975586,0.636719,0.990723
958.000000,1200.000000,0.929199,1.000000,0.998047,0.974609,0.639160,0.989746
959.000000,1200.000000,0.931641,1.000000,0.998535,0.971680,0.645020,0.982910
960.000000,1200.000000,0.926758,1.000000,0.998047,0.975586,0.631836,0.983398
961.000000,1200.000000,0.929688,1.000000,0.999512,0.973145,0.640137,0.979492
962.000000,1200.000000,0.929199,1.000000,1.000000,0.971680,0.636719,0.993164
963.000000,1200.000000,0.930664,1.000000,0.999512,0.974121,0.642090,0.992188
964.000000,1200.000000,0.925781,1.000000,0.998535,0.972656,0.629395,0.982422
965.000000,1200.000000,0.927246,1.000000,0.994141,0.973633,0.632812,0.987305
966.000000,1200.000000,0.927246,1.000000,0.998535,0.973633,0.630859,0.991211
967.000000,1200.000000,0.929199,1.000000,0.999512,0.972168,0.637207,0.985352
968.000000,1200.000000,0.925781,1.000000,0.997559,0.971680,0.628418,0.981934
969.000000,1200.000000,0.935059,1.000000,0.999512,0.972168,0.658203,0.990234
970.000000,1200.000000,0.929199,1.000000,0.999512,0.975586,0.640625,0.987793
971.000000,1200.000000,0.926270,1.000000,1.000000,0.974121,0.631836,0.988770
972.000000,1200.000000,0.933105,1.000000,0.998047,0.972168,0.649414,0.991699
973.000000,1200.000000,0.925781,1.000000,0.999023,0.974121,0.626465,0.990234
974.000000,1200.000000,0.926270,1.000000,1.000000,0.972168,0.627441,0.992188
975.000000,1200.000000,0.926758,1.000000,0.997559,0.973145,0.629883,0.988281
976.000000,1200.000000,0.927246,1.000000,0.999023,0.973145,0.633789,0.990234
977.000000,1200.000000,0.931641,1.000000,1.000000,0.972168,0.647461,0.984375
978.000000,1200.000000,0.926758,1.000000,0.999512,0.973145,0.628906,0.990723
979.000000,1200.000000,0.932617,1.000000,0.995605,0.972168,0.650391,0.992676
980.000000,1200.000000,0.929199,1.000000,1.000000,0.970703,0.639648,0.987305
981.000000,1200.000000,0.927246,1.000000,0.998535,0.973145,0.633789,0.991211
982.000000,1200.000000,0.926270,1.000000,0.999512,0.972656,0.633301,0.992676
983.000000,1200.000000,0.930664,1.000000,0.999023,0.975586,0.645996,0.988770
984.000000,1200.000000,0.928223,1.000000,0.995605,0.973145,0.634277,0.991699
985.000000,1200.000000,0.930176,1.000000,1.000000,0.972656,0.643555,0.985840
986.000000,1200.000000,0.931152,1.000000,0.998535,0.971680,0.643555,0.989258
987.000000,1200.000000,0.930664,1.000000,0.998047,0.974121,0.646484,0.989258
988.000000,1200.000000,0.927734,1.000000,0.996582,0.972168,0.633789,0.990234
989.000000,1200.000000,0.926270,1.000000,1.000000,0.974609,0.632324,0.992188
990.000000,1200.000000,0.933105,1.000000,0.999512,0.974609,0.652832,0.989258
991.000000,1200.000000,0.928711,1.000000,0.996582,0.972656,0.636230,0.990234
992.000000,1200.000000,0.929199,1.000000,0.996582,0.973633,0.637207,0.982422
993.000000,1200.000000,0.927734,1.000000,0.998535,0.973145,0.631836,0.983398
994.000000,1200.000000,0.925781,1.000000,0.998047,0.973145,0.627441,0.987793
995.000000,1200.000000,0.926270,0.000000,0.999512,0.975098,0.631348,0.981934
996.000000,1200.000000,0.929199,1.000000,0.999512,0.973633,0.638184,0.992188
997.000000,1200.000000,0.932129,1.000000,0.999023,0.972168,0.645020,0.988770
998.000000,1200.000000,0.925293,1.000000,0.994141,0.973633,0.624512,0.981445
999.000000,1200.000000,0.931152,1.000000,0.999512,0.971191,0.644043,0.987793
1000.000000,1200.000000,0.928711,1.000000,1.000000,0.973145,0.636719,0.992676
1.000000,1500.000000,0.944336,1.000000,0.999512,0.974609,0.667480,0.992188
2.000000,1500.000000,0.944336,1.000000,0.999512,0.975586,0.665039,0.989258
3.000000,1500.000000,0.944336,1.000000,1.000000,0.975586,0.666992,0.992188
4.000000,1500.000000,0.942383,1.000000,1.000000,0.976074,0.659668,0.992188
5.000000,1500.000000,0.943359,0.000000,1.000000,0.975586,0.661133,0.989258
6.000000,1500.000000,0.942871,1.000000,0.997070,0.977051,0.659180,0.990234
7.000000,1500.000000,0.943359,1.000000,0.996582,0.974609,0.664062,0.987305
8.000000,1500.000000,0.943848,0.000000,1.000000,0.975098,0.664551,0.991211
9.000000,1500.000000,0.944336,1.000000,0.999512,0.976562,0.666016,0.991211
10.000000,1500.000000,0.942383,1.000000,0.999512,0.973633,0.660156,0.989258
11.000000,1500.000000,0.941895,1.000000,1.000000,0.973145,0.659668,0.991699
12.000000,1500.000000,0.940918,1.000000,0.999023,0.976074,0.655762,0.992188
13.000000,1500.000000,0.946289,1.000000,0.993164,0.974609,0.673828,0.981445
14.000000,1500.000000,0.943848,1.000000,1.000000,0.977539,0.662598,0.988281
15.000000,1500.000000,0.941406,1.000000,0.998047,0.973145,0.655273,0.987305
16.000000,1500.000000,0.943359,1.000000,0.997070,0.975586,0.663574,0.989746
17.000000,1500.000000,0.940430,1.000000,0.995605,0.975098,0.654297,0.981934
18.000000,1500.000000,0.941406,1.000000,1.000000,0.975098,0.655762,0.984863
19.000000,1500.000000,0.940430,1.000000,0.999023,0.976074,0.653809,0.988281
20.000000,1500.000000,0.941895,1.000000,0.998047,0.978027,0.656738,0.989258
21.000000,1500.000000,0.946289,1.000000,0.999512,0.976074,0.675293,0.987305
22.000000,1500.000000,0.943359,1.000000,0.999023,0.974609,0.662598,0.982422
23.000000,1500.000000,0.944336,1.000000,0.997070,0.975586,0.666992,0.989258
24.000000,1500.000000,0.940918,1.000000,0.999512,0.973633,0.653809,0.992188
25.000000,1500.000000,0.943848,1.000000,1.000000,0.976562,0.664551,0.986328
26.000000,1500.000000,0.944824,1.000000,0.994141,0.972656,0.666992,0.986816
27.000000,1500.000000,0.943359,1.000000,0.999512,0.971680,0.664551,0.991211
28.000000,1500.000000,0.939453,1.000000,0.999023,0.975586,0.649902,0.993164
29.000000,1500.000000,0.942871,1.000000,0.996094,0.976562,0.660156,0.989746
30.000000,1500.000000,0.941895,1.000000,1.000000,0.976562,0.656738,0.988770
31.000000,1500.000000,0.942383,1.000000,1.000000,0.976074,0.660645,0.987793
32.000000,1500.000000,0.942871,1.000000,1.000000,0.975098,0.662109,0.983398
33.000000,1500.000000,0.942383,0.000000,0.996582,0.974609,0.660645,0.991699
34.000000,1500.000000,0.942871,1.000000,0.999023,0.976074,0.661133,0.987305
35.000000,1500.000000,0.944336,1.000000,0.998535,0.972656,0.664551,0.993164
36.000000,1500.000000,0.942871,1.000000,1.000000,0.978516,0.660645,0.987305
37.000000,1500.000000,0.944824,1.000000,0.999512,0.974609,0.667480,0.990723
38.000000,1500.000000,0.941895,1.000000,1.000000,0.975098,0.659180,0.990234
39.000000,1500.000000,0.942383,1.000000,1.000000,0.975586,0.658691,0.991211
40.000000,1500.000000,0.943359,1.000000,0.999512,0.975586,0.665527,0.989258
41.000000,1500.000000,0.941406,1.000000,0.999023,0.974121,0.658203,0.990234
42.000000,1500.000000,0.941406,1.000000,1.000000,0.974121,0.654297,0.987305
43.000000,1500.000000,0.943359,1.000000,0.993164,0.977051,0.664062,0.989746
44.000000,1500.000000,0.939941,1.000000,0.996582,0.974121,0.650879,0.989258
45.000000,1500.000000,0.942383,1.000000,0.996582,0.975098,0.661133,0.987305
46.000000,1500.000000,0.946289,1.000000,0.999023,0.974121,0.672852,0.991699
47.000000,1500.000000,0.942871,1.000000,0.999512,0.974609,0.661621,0.991699
48.000000,1500.000000,0.942871,0.000000,0.999023,0.975586,0.659668,0.989746
49.000000,1500.000000,0.946777,1.000000,0.999512,0.976562,0.673340,0.991699
50.000000,1500.000000,0.944824,1.000000,1.000000,0.976562,0.668945,0.991699
51.000000,1500.000000,0.948730,1.000000,0.999512,0.973633,0.679688,0.987305
52.000000,1500.000000,0.944336,1.000000,1.000000,0.975586,0.664551,0.986816
53.000000,1500.000000,0.943848,1.000000,1.000000,0.976074,0.665527,0.989746
54.000000,1500.000000,0.945801,1.000000,0.999512,0.972656,0.672852,0.991699
55.000000,1500.000000,0.940430,1.000000,1.000000,0.978027,0.652832,0.988770
56.000000,1500.000000,0.943359,1.000000,0.999512,0.973633,0.662598,0.993164
57.000000,1500.000000,0.944824,1.000000,1.000000,0.973633,0.666504,0.990234
58.000000,1500.000000,0.943848,1.000000,0.996582,0.973633,0.665527,0.991211
59.000000,1500.000000,0.941406,1.000000,0.999512,0.974609,0.656250,0.990723
60.000000,1500.000000,0.940918,1.000000,1.000000,0.974609,0.655762,0.988770
61.000000,1500.000000,0.945312,1.000000,1.000000,0.975586,0.668945,0.988770
62.000000,1500.000000,0.943359,1.000000,0.998535,0.974121,0.665039,0.984863
63.000000,1500.000000,0.944824,1.000000,0.999023,0.974609,0.667969,0.992188
64.000000,1500.000000,0.941406,1.000000,0.999512,0.976074,0.656738,0.987793
65.000000,1500.000000,0.941895,1.000000,1.000000,0.975098,0.656738,0.990234
66.000000,1500.000000,0.942383,1.000000,0.991699,0.976074,0.661133,0.991699
67.000000,1500.000000,0.943848,1.000000,1.000000,0.973633,0.663086,0.988281
68.000000,1500.000000,0.941406,1.000000,0.998535,0.975098,0.655273,0.987305
69.000000,1500.000000,0.944824,1.000000,0.998535,0.975586,0.668945,0.987793
70.000000,1500.000000,0.946289,1.000000,0.999512,0.976074,0.672363,0.991699
71.000000,1500.000000,0.940430,1.000000,0.997070,0.974609,0.652832,0.985352
72.000000,1500.000000,0.943359,1.000000,0.999512,0.976074,0.664551,0.992676
73.000000,1500.000000,0.943848,1.000000,0.998535,0.975098,0.663086,0.989258
74.000000,1500.000000,0.939941,1.000000,0.997070,0.974609,0.651367,0.992188
75.000000,1500.000000,0.942383,1.000000,0.998535,0.975098,0.658691,0.989746
76.000000,1500.000000,0.938965,1.000000,0.999512,0.974121,0.649902,0.989258
77.000000,1500.000000,0.941895,1.000000,0.999512,0.976074,0.657715,0.991699
78.000000,1500.000000,0.943848,1.000000,1.000000,0.973633,0.663086,0.983398
79.000000,1500.000000,0.941895,0.000000,0.999512,0.976562,0.658691,0.989258
80.000000,1500.000000,0.943848,1.000000,1.000000,0.974609,0.664062,0.989258
81.000000,1500.000000,0.945801,1.000000,0.998535,0.976074,0.669922,0.991699
82.000000,1500.000000,0.939941,1.000000,1.000000,0.973145,0.652832,0.986816
83.000000,1500.000000,0.943359,1.000000,1.000000,0.976074,0.663574,0.992188
84.000000,1500.000000,0.938477,1.000000,0.999512,0.976074,0.645996,0.992676
85.000000,1500.000000,0.942871,1.000000,0.993652,0.973633,0.663086,0.973145
86.000000,1500.000000,0.940918,1.000000,1.000000,0.974121,0.655273,0.983887
87.000000,1500.000000,0.940430,1.000000,0.997070,0.975586,0.653320,0.991699
88.000000,1500.000000,0.939941,1.000000,1.000000,0.973145,0.651367,0.983887
89.000000,1500.000000,0.944824,1.000000,1.000000,0.975586,0.666504,0.987305
90.000000,1500.000000,0.941895,1.000000,0.997070,0.974609,0.658691,0.988770
91.000000,1500.000000,0.942871,1.000000,0.999512,0.977051,0.661133,0.987793
92.000000,1500.000000,0.941895,1.000000,0.997070,0.976562,0.659180,0.991211
93.000000,1500.000000,0.942383,1.000000,0.996094,0.975098,0.660645,0.988770
94.000000,1500.000000,0.940918,1.000000,0.998047,0.976562,0.656738,0.988281
95.000000,1500.000000,0.940918,1.000000,1.000000,0.976562,0.653320,0.991211
96.000000,1500.000000,0.942383,1.000000,0.999512,0.975098,0.660645,0.983398
97.000000,1500.000000,0.944336,1.000000,1.000000,0.976562,0.665039,0.987793
98.000000,1500.000000,0.941406,1.000000,1.000000,0.975586,0.656250,0.984863
99.000000,1500.000000,0.944336,1.000000,0.999023,0.975586,0.663574,0.983398
100.000000,1500.000000,0.942871,1.000000,1.000000,0.974609,0.659180,0.989746
101.000000,1500.000000,0.943359,1.000000,1.000000,0.975098,0.661621,0.989258
102.000000,1500.000000,0.944336,1.000000,0.999512,0.976074,0.665039,0.987305
103.000000,1500.000000,0.942383,1.000000,0.997559,0.973633,0.659668,0.985840
104.000000,1500.000000,0.940430,1.000000,0.999023,0.976562,0.651855,0.991699
105.000000,1500.000000,0.944824,1.000000,0.993652,0.974121,0.669434,0.984375
106.000000,1500.000000,0.942383,1.000000,0.998047,0.974609,0.659668,0.982910
107.000000,1500.000000,0.941895,1.000000,0.997070,0.974609,0.657227,0.982422
108.000000,1500.000000,0.942383,1.000000,0.997559,0.974121,0.659668,0.992188
109.000000,1500.000000,0.943848,1.000000,1.000000,0.975586,0.665527,0.989746
110.000000,1500.000000,0.940918,1.000000,1.000000,0.974609,0.652832,0.989746
111.000000,1500.000000,0.945801,1.000000,0.997070,0.976074,0.669434,0.989258
112.000000,1500.000000,0.942871,1.000000,1.000000,0.974609,0.661621,0.991211
113.000000,1500.000000,0.942871,1.000000,1.000000,0.977051,0.661621,0.990234
114.000000,1500.000000,0.942871,1.000000,0.989746,0.976562,0.662598,0.990234
115.000000,1500.000000,0.943848,1.000000,1.000000,0.973633,0.662598,0.986328
116.000000,1500.000000,0.943359,1.000000,0.998047,0.973633,0.663086,0.990234
117.000000,1500.000000,0.940430,1.000000,1.000000,0.975586,0.654297,0.987793
118.000000,1500.000000,0.944336,1.000000,0.992676,0.975586,0.666016,0.987793
119.000000,1500.000000,0.943359,1.000000,0.999512,0.977539,0.665527,0.986328
120.000000,1500.000000,0.938477,1.000000,1.000000,0.975586,0.645996,0.991211
121.000000,1500.000000,0.942383,1.000000,0.997070,0.976074,0.662109,0.985352
122.000000,1500.000000,0.944824,1.000000,0.999512,0.974121,0.667969,0.993164
123.000000,1500.000000,0.943848,1.000000,0.999023,0.975586,0.664062,0.992188
124.000000,1500.000000,0.942871,1.000000,0.999023,0.974609,0.660645,0.984863
125.000000,1500.000000,0.943359,1.000000,0.994629,0.975098,0.664551,0.992188
126.000000,1500.000000,0.942383,1.000000,1.000000,0.975586,0.662109,0.992188
127.000000,1500.000000,0.942383,1.000000,0.996094,0.977051,0.658203,0.990723
128.000000,1500.000000,0.938965,1.000000,0.994141,0.971680,0.649902,0.987305
129.000000,1500.000000,0.946289,1.000000,1.000000,0.976074,0.672852,0.991211
130.000000,1500.000000,0.942871,0.000000,0.991211,0.976074,0.659668,0.990234
131.000000,1500.000000,0.943359,1.000000,0.999512,0.976562,0.662598,0.989258
132.000000,1500.000000,0.939453,1.000000,0.997070,0.979004,0.652832,0.989258
133.000000,1500.000000,0.941895,1.000000,0.999512,0.976562,0.660645,0.990723
134.000000,1500.000000,0.945312,1.000000,0.985352,0.974609,0.668945,0.994141
135.000000,1500.000000,0.942383,1.000000,0.999023,0.978027,0.659668,0.987305
136.000000,1500.000000,0.942871,1.000000,0.999512,0.976074,0.661621,0.991211
137.000000,1500.000000,0.946777,1.000000,0.998535,0.973633,0.674316,0.992188
138.000000,1500.000000,0.943359,1.000000,1.000000,0.976074,0.661133,0.992676
139.000000,1500.000000,0.943359,1.000000,0.999512,0.975586,0.662109,0.988281
140.000000,1500.000000,0.941895,1.000000,0.999512,0.976074,0.661621,0.992188
141.000000,1500.000000,0.940430,0.000000,0.999512,0.978027,0.653320,0.991699
142.000000,1500.000000,0.940918,1.000000,0.996582,0.975098,0.653809,0.987305
143.000000,1500.000000,0.948730,1.000000,1.000000,0.974609,0.679688,0.991699
144.000000,1500.000000,0.942871,1.000000,0.999023,0.972656,0.661133,0.989746
145.000000,1500.000000,0.942871,1.000000,0.995605,0.975586,0.660156,0.993164
146.000000,1500.000000,0.944336,1.000000,0.999512,0.975098,0.665039,0.982910
147.000000,1500.000000,0.946777,1.000000,0.996094,0.974609,0.673828,0.992188
148.000000,1500.000000,0.940918,0.000000,1.000000,0.973633,0.654785,0.982910
149.000000,1500.000000,0.944336,1.000000,0.999512,0.974609,0.666992,0.990234
150.000000,1500.000000,0.940430,0.000000,0.996094,0.974609,0.652832,0.991211
151.000000,1500.000000,0.943359,1.000000,1.000000,0.975098,0.661621,0.987305
152.000000,1500.000000,0.939453,1.000000,1.000000,0.976074,0.651367,0.989258
153.000000,1500.000000,0.945312,1.000000,1.000000,0.975586,0.668457,0.987305
154.000000,1500.000000,0.941895,1.000000,0.999023,0.976074,0.657715,0.987305
155.000000,1500.000000,0.944824,1.000000,0.995605,0.975586,0.669434,0.981934
156.000000,1500.000000,0.941895,1.000000,0.998047,0.975098,0.659668,0.983398
157.000000,1500.000000,0.942871,1.000000,0.999512,0.976562,0.660645,0.985840
158.000000,1500.000000,0.941895,1.000000,0.996582,0.976562,0.658203,0.983887
159.000000,1500.000000,0.943359,1.000000,1.000000,0.977539,0.661621,0.985840
160.000000,1500.000000,0.939453,1.000000,0.998047,0.974609,0.649902,0.983398
161.000000,1500.000000,0.942871,1.000000,0.997559,0.975586,0.664551,0.984863
162.000000,1500.000000,0.944336,1.000000,0.999023,0.975586,0.666504,0.990723
163.000000,1500.000000,0.942383,1.000000,1.000000,0.974609,0.660645,0.990723
164.000000,1500.000000,0.937500,1.000000,0.996582,0.975098,0.644531,0.986816
165.000000,1500.000000,0.940918,0.000000,0.999512,0.974609,0.655273,0.992188
166.000000,1500.000000,0.943359,1.000000,0.999023,0.975098,0.661133,0.987793
167.000000,1500.000000,0.942383,1.000000,0.999512,0.974121,0.660156,0.991211
168.000000,1500.000000,0.940430,1.000000,0.998047,0.974609,0.653320,0.993164
169.000000,1500.000000,0.943848,1.000000,0.993164,0.974609,0.662598,0.990234
170.000000,1500.000000,0.942871,1.000000,0.999512,0.976074,0.661133,0.982910
171.000000,1500.000000,0.938965,1.000000,0.997559,0.976074,0.650879,0.989258
172.000000,1500.000000,0.943359,0.000000,0.997559,0.972168,0.663574,0.989258
173.000000,1500.000000,0.940918,1.000000,0.999512,0.975098,0.653320,0.987793
174.000000,1500.000000,0.942383,1.000000,1.000000,0.975098,0.660156,0.987793
175.000000,1500.000000,0.946777,1.000000,1.000000,0.976074,0.674316,0.993652
176.000000,1500.000000,0.941406,1.000000,0.999512,0.976562,0.657227,0.989746
177.000000,1500.000000,0.942383,1.000000,0.998535,0.975586,0.660156,0.982910
178.000000,1500.000000,0.941895,1.000000,0.996582,0.975586,0.657227,0.986816
179.000000,1500.000000,0.944824,1.000000,1.000000,0.975098,0.666504,0.990234
180.000000,1500.000000,0.942383,1.000000,0.999512,0.975098,0.660156,0.983398
181.000000,1500.000000,0.941406,1.000000,0.991699,0.974121,0.655273,0.982910
182.000000,1500.000000,0.942383,1.000000,0.999512,0.976074,0.660156,0.986816
183.000000,1500.000000,0.942383,1.000000,0.988281,0.975098,0.660645,0.988770
184.000000,1500.000000,0.942383,1.000000,1.000000,0.975098,0.658203,0.992188
185.000000,1500.000000,0.944336,1.000000,0.999512,0.975098,0.665039,0.992188
186.000000,1500.000000,0.944336,1.000000,0.999512,0.976074,0.666016,0.988281
187.000000,1500.000000,0.943359,1.000000,0.995117,0.973145,0.662598,0.990723
188.000000,1500.000000,0.937988,0.000000,0.996582,0.974609,0.646484,0.982910
189.000000,1500.000000,0.942383,1.000000,1.000000,0.975586,0.660645,0.982422
190.000000,1500.000000,0.944336,1.000000,0.998047,0.975098,0.666504,0.991211
191.000000,1500.000000,0.941895,1.000000,0.999512,0.975098,0.657227,0.985352
192.000000,1500.000000,0.944336,1.000000,1.000000,0.974609,0.666992,0.987793
193.000000,1500.000000,0.944824,1.000000,1.000000,0.974609,0.666504,0.992188
194.000000,1500.000000,0.938965,1.000000,0.998535,0.974609,0.647949,0.982422
195.000000,1500.000000,0.941895,1.000000,0.999512,0.976074,0.657715,0.990234
196.000000,1500.000000,0.939453,1.000000,0.998047,0.975586,0.651367,0.987305
197.000000,1500.000000,0.942871,1.000000,1.000000,0.974609,0.663574,0.991699
198.000000,1500.000000,0.942871,1.000000,0.999023,0.975098,0.662598,0.983398
199.000000,1500.000000,0.940918,1.000000,1.000000,0.974609,0.652832,0.992188
200.000000,1500.000000,0.943359,1.000000,0.999512,0.975586,0.664062,0.993652
201.000000,1500.000000,0.944336,1.000000,1.000000,0.974609,0.666992,0.992188
202.000000,1500.000000,0.943848,1.000000,0.991211,0.975098,0.665039,0.984375
203.000000,1500.000000,0.940430,1.000000,0.999512,0.975098,0.653320,0.993164
204.000000,1500.000000,0.939453,1.000000,0.996582,0.977051,0.648926,0.988281
205.000000,1500.000000,0.944824,1.000000,0.999512,0.977051,0.667480,0.988281
206.000000,1500.000000,0.942871,0.000000,0.998047,0.975586,0.661621,0.990723
207.000000,1500.000000,0.943848,1.000000,0.996094,0.976562,0.663574,0.983398
208.000000,1500.000000,0.943359,1.000000,1.000000,0.971680,0.662109,0.991699
209.000000,1500.000000,0.940918,1.000000,0.997559,0.975098,0.656738,0.987793
210.000000,1500.000000,0.943848,1.000000,1.000000,0.975098,0.663574,0.991211
211.000000,1500.000000,0.943848,1.000000,0.999512,0.975586,0.664062,0.984375
212.000000,1500.000000,0.939941,1.000000,0.999023,0.976074,0.653320,0.982910
213.000000,1500.000000,0.938965,1.000000,0.997559,0.976074,0.648438,0.991699
214.000000,1500.000000,0.944824,1.000000,1.000000,0.974121,0.671387,0.994141
215.000000,1500.000000,0.942383,1.000000,0.999512,0.974609,0.661621,0.989746
216.000000,1500.000000,0.944336,1.000000,0.999512,0.975098,0.668457,0.983398
217.000000,1500.000000,0.943848,1.000000,0.998047,0.975586,0.664551,0.991699
218.000000,1500.000000,0.943848,1.000000,0.991211,0.974609,0.663574,0.981934
219.000000,1500.000000,0.944824,1.000000,1.000000,0.976074,0.667969,0.992188
220.000000,1500.000000,0.936035,1.000000,1.000000,0.974609,0.640137,0.990234
221.000000,1500.000000,0.944824,1.000000,1.000000,0.975586,0.669922,0.987305
222.000000,1500.000000,0.947754,1.000000,1.000000,0.974121,0.676758,0.990723
223.000000,1500.000000,0.947754,1.000000,0.999023,0.975586,0.676758,0.988281
224.000000,1500.000000,0.941895,1.000000,0.999023,0.975098,0.658691,0.992188
225.000000,1500.000000,0.938965,1.000000,0.999512,0.974121,0.648926,0.989258
226.000000,1500.000000,0.942871,1.000000,0.991699,0.975098,0.663086,0.988770
227.000000,1500.000000,0.942871,1.000000,0.996094,0.973145,0.661621,0.986816
228.000000,1500.000000,0.944336,1.000000,0.994141,0.975098,0.666504,0.990234
229.000000,1500.000000,0.940430,1.000000,0.999023,0.975098,0.653809,0.983398
230.000000,1500.000000,0.940430,1.000000,1.000000,0.974609,0.653320,0.985840
231.000000,1500.000000,0.941406,1.000000,1.000000,0.974609,0.653809,0.991211
232.000000,1500.000000,0.946777,1.000000,1.000000,0.975098,0.676270,0.988281
233.000000,1500.000000,0.941895,0.000000,0.998047,0.976074,0.658203,0.991699
234.000000,1500.000000,0.941406,1.000000,0.999512,0.976562,0.655762,0.983398
235.000000,1500.000000,0.942383,1.000000,1.000000,0.974609,0.660156,0.991211
236.000000,1500.000000,0.942383,1.000000,1.000000,0.973633,0.657715,0.982910
237.000000,1500.000000,0.942871,1.000000,0.999023,0.976074,0.662598,0.989746
238.000000,1500.000000,0.942383,1.000000,0.998535,0.974121,0.658203,0.989746
239.000000,1500.000000,0.942383,1.000000,1.000000,0.976074,0.659668,0.991699
240.000000,1500.000000,0.940918,1.000000,0.999512,0.976074,0.654785,0.989746
241.000000,1500.000000,0.939453,1.000000,1.000000,0.974121,0.649902,0.989746
242.000000,1500.000000,0.938965,1.000000,0.996582,0.973633,0.650391,0.985840
243.000000,1500.000000,0.944336,1.000000,1.000000,0.975098,0.663574,0.991699
244.000000,1500.000000,0.943359,1.000000,0.999023,0.976074,0.662598,0.987793
245.000000,1500.000000,0.940430,1.000000,0.998535,0.977051,0.651855,0.991699
246.000000,1500.000000,0.940918,1.000000,1.000000,0.975098,0.656250,0.992676
247.000000,1500.000000,0.945801,1.000000,0.989746,0.975586,0.670898,0.984375
248.000000,1500.000000,0.940430,1.000000,1.000000,0.975098,0.652344,0.984863
249.000000,1500.000000,0.944824,1.000000,0.999023,0.976562,0.666992,0.992188
250.000000,1500.000000,0.942871,1.000000,0.995605,0.976074,0.660156,0.991699
251.000000,1500.000000,0.941406,1.000000,0.999023,0.974121,0.656250,0.991699
252.000000,1500.000000,0.942871,1.000000,0.994141,0.975098,0.662598,0.992188
253.000000,1500.000000,0.941895,1.000000,1.000000,0.974609,0.658691,0.993652
254.000000,1500.000000,0.944336,1.000000,0.996582,0.976562,0.668945,0.989258
255.000000,1500.000000,0.941895,1.000000,1.000000,0.975098,0.658203,0.982910
256.000000,1500.000000,0.944336,1.000000,1.000000,0.973633,0.666504,0.988770
257.000000,1500.000000,0.944336,1.000000,1.000000,0.974609,0.665039,0.989746
258.000000,1500.000000,0.942383,1.000000,1.000000,0.974609,0.660156,0.992676
259.000000,1500.000000,0.941895,1.000000,0.994629,0.975586,0.656738,0.992676
260.000000,1500.000000,0.941895,1.000000,0.997559,0.976074,0.657227,0.990723
261.000000,1500.000000,0.942383,1.000000,0.999023,0.975098,0.660645,0.991211
262.000000,1500.000000,0.945312,1.000000,0.999512,0.975586,0.669434,0.991211
263.000000,1500.000000,0.940918,1.000000,1.000000,0.973633,0.654785,0.989746
264.000000,1500.000000,0.943359,0.000000,0.994141,0.975586,0.665527,0.991699
265.000000,1500.000000,0.941895,1.000000,1.000000,0.976562,0.657227,0.981934
266.000000,1500.000000,0.942871,1.000000,0.999512,0.976562,0.661621,0.986816
267.000000,1500.000000,0.943359,1.000000,1.000000,0.977051,0.663574,0.992676
268.000000,1500.000000,0.940430,1.000000,0.999512,0.975098,0.653809,0.992188
269.000000,1500.000000,0.941895,1.000000,0.999023,0.973145,0.658203,0.992188
270.000000,1500.000000,0.939941,1.000000,0.999512,0.977051,0.651855,0.992188
271.000000,1500.000000,0.947266,1.000000,0.998535,0.973633,0.674316,0.991211
272.000000,1500.000000,0.940918,1.000000,0.999023,0.974609,0.654297,0.987793
273.000000,1500.000000,0.941895,1.000000,0.999512,0.976074,0.659180,0.990723
274.000000,1500.000000,0.945312,1.000000,0.996582,0.975586,0.668945,0.985840
275.000000,1500.000000,0.940430,1.000000,0.999023,0.975586,0.654785,0.988770
276.000000,1500.000000,0.942383,1.000000,1.000000,0.978027,0.659668,0.987305
277.000000,1500.000000,0.941895,1.000000,0.989746,0.974609,0.658691,0.991699
278.000000,1500.000000,0.944824,1.000000,1.000000,0.974609,0.665527,0.989258
279.000000,1500.000000,0.943359,1.000000,1.000000,0.974609,0.665039,0.989746
280.000000,1500.000000,0.940430,1.000000,0.995605,0.972656,0.652344,0.993164
281.000000,1500.000000,0.944336,1.000000,1.000000,0.976074,0.664551,0.988281
282.000000,1500.000000,0.937500,1.000000,1.000000,0.976562,0.642578,0.988770
283.000000,1500.000000,0.945801,1.000000,0.999512,0.975098,0.669434,0.992188
284.000000,1500.000000,0.941895,1.000000,0.999023,0.974609,0.657715,0.988770
285.000000,1500.000000,0.944336,1.000000,0.998047,0.977539,0.665527,0.990723
286.000000,1500.000000,0.945312,1.000000,0.999512,0.975098,0.669434,0.991211
287.000000,1500.000000,0.942871,1.000000,0.997559,0.975098,0.662109,0.983887
288.000000,1500.000000,0.943359,1.000000,0.999512,0.975586,0.664062,0.983398
289.000000,1500.000000,0.943359,1.000000,0.999512,0.974609,0.662598,0.992188
290.000000,1500.000000,0.941895,0.000000,0.999023,0.974121,0.657715,0.992188
291.000000,1500.000000,0.938965,1.000000,0.996094,0.975586,0.647949,0.993164
292.000000,1500.000000,0.941895,1.000000,0.997559,0.976562,0.659180,0.992188
293.000000,1500.000000,0.942383,1.000000,0.996582,0.976074,0.657715,0.992676
294.000000,1500.000000,0.941895,1.000000,0.996582,0.974609,0.660645,0.992188
295.000000,1500.000000,0.941895,1.000000,0.999512,0.975098,0.660645,0.992188
296.000000,1500.000000,0.945801,1.000000,1.000000,0.974121,0.671875,0.991699
297.000000,1500.000000,0.942383,1.000000,0.978516,0.975586,0.660645,0.983398
298.000000,1500.000000,0.943359,1.000000,1.000000,0.977051,0.665039,0.992676
299.000000,1500.000000,0.942383,1.000000,0.993652,0.976074,0.662109,0.991211
300.000000,1500.000000,0.935547,1.000000,1.000000,0.976074,0.638184,0.989258
301.000000,1500.000000,0.947266,1.000000,0.998535,0.976562,0.674316,0.983887
302.000000,1500.000000,0.944824,1.000000,0.999023,0.974609,0.668945,0.992188
303.000000,1500.000000,0.942871,1.000000,0.998535,0.975098,0.659668,0.986816
304.000000,1500.000000,0.940430,1.000000,0.999512,0.974609,0.652832,0.993164
305.000000,1500.000000,0.941895,1.000000,0.999023,0.974121,0.656250,0.988281
306.000000,1500.000000,0.944824,1.000000,0.999512,0.976074,0.665527,0.992188
307.000000,1500.000000,0.937500,1.000000,0.996094,0.975586,0.646973,0.991211
308.000000,1500.000000,0.941406,1.000000,0.999512,0.976562,0.655273,0.991699
309.000000,1500.000000,0.944336,0.000000,1.000000,0.974121,0.665527,0.991699
310.000000,1500.000000,0.940918,1.000000,0.998047,0.975098,0.656250,0.981934
311.000000,1500.000000,0.945312,1.000000,1.000000,0.976074,0.669434,0.991699
312.000000,1500.000000,0.942871,1.000000,1.000000,0.974609,0.660156,0.991699
313.000000,1500.000000,0.940918,1.000000,0.999512,0.976074,0.653809,0.974121
314.000000,1500.000000,0.939941,0.000000,1.000000,0.976562,0.651367,0.989258
315.000000,1500.000000,0.939941,1.000000,1.000000,0.976074,0.653320,0.989258
316.000000,1500.000000,0.944824,1.000000,0.998535,0.976562,0.667969,0.983887
317.000000,1500.000000,0.941406,1.000000,1.000000,0.975586,0.658691,0.989746
318.000000,1500.000000,0.940430,1.000000,0.999023,0.975098,0.651855,0.985840
319.000000,1500.000000,0.941895,1.000000,1.000000,0.977051,0.657715,0.992188
320.000000,1500.000000,0.942383,1.000000,0.999512,0.975098,0.659668,0.989258
321.000000,1500.000000,0.942871,1.000000,0.998047,0.975586,0.660156,0.988770
322.000000,1500.000000,0.942383,1.000000,0.998047,0.973633,0.661133,0.991211
323.000000,1500.000000,0.942871,0.000000,0.997559,0.973633,0.661133,0.986816
324.000000,1500.000000,0.945312,0.000000,0.997559,0.975586,0.671387,0.990723
325.000000,1500.000000,0.944824,0.000000,0.999512,0.977051,0.665039,0.988281
326.000000,1500.000000,0.942383,1.000000,0.996582,0.976562,0.660645,0.990234
327.000000,1500.000000,0.941406,1.000000,0.997559,0.975586,0.657227,0.989746
328.000000,1500.000000,0.942871,1.000000,1.000000,0.977539,0.661133,0.989746
329.000000,1500.000000,0.941406,1.000000,0.998047,0.974609,0.657715,0.985352
330.000000,1500.000000,0.941406,0.000000,1.000000,0.975586,0.657715,0.989746
331.000000,1500.000000,0.943359,0.000000,1.000000,0.974609,0.662598,0.992188
332.000000,1500.000000,0.942871,1.000000,0.996582,0.972168,0.659180,0.988770
333.000000,1500.000000,0.946777,1.000000,0.999512,0.974609,0.672852,0.987793
334.000000,1500.000000,0.944824,1.000000,0.997559,0.976074,0.666504,0.991699
335.000000,1500.000000,0.946289,1.000000,1.000000,0.976074,0.672363,0.982910
336.000000,1500.000000,0.940430,0.000000,1.000000,0.976562,0.654785,0.991211
337.000000,1500.000000,0.942383,1.000000,0.996582,0.974609,0.659180,0.983887
338.000000,1500.000000,0.942383,1.000000,1.000000,0.974121,0.660156,0.990723
339.000000,1500.000000,0.943359,1.000000,1.000000,0.974609,0.661133,0.984375
340.000000,1500.000000,0.939941,1.000000,0.999512,0.974609,0.653809,0.988281
341.000000,1500.000000,0.945312,1.000000,0.999512,0.973145,0.669922,0.990234
342.000000,1500.000000,0.943848,1.000000,1.000000,0.975586,0.663574,0.992188
343.000000,1500.000000,0.943848,1.000000,1.000000,0.973633,0.664062,0.991699
344.000000,1500.000000,0.946289,1.000000,0.999023,0.975586,0.671875,0.992188
345.000000,1500.000000,0.942871,1.000000,0.999512,0.976562,0.663574,0.992676
346.000000,1500.000000,0.940918,1.000000,0.997070,0.974121,0.656250,0.991699
347.000000,1500.000000,0.943359,1.000000,0.999512,0.974609,0.666016,0.987793
348.000000,1500.000000,0.944336,1.000000,1.000000,0.975586,0.666504,0.983887
349.000000,1500.000000,0.941406,1.000000,0.997070,0.974609,0.657715,0.992188
350.000000,1500.000000,0.945801,1.000000,0.998047,0.974609,0.671875,0.990234
351.000000,1500.000000,0.937500,1.000000,0.999512,0.974609,0.644531,0.984375
352.000000,1500.000000,0.940430,1.000000,0.999512,0.975098,0.653320,0.991699
353.000000,1500.000000,0.942871,1.000000,0.999512,0.975586,0.662109,0.991211
354.000000,1500.000000,0.944336,1.000000,0.998535,0.975098,0.665527,0.992188
355.000000,1500.000000,0.943359,1.000000,0.996094,0.974609,0.664062,0.983887
356.000000,1500.000000,0.943359,1.000000,0.999512,0.974121,0.663574,0.990723
357.000000,1500.000000,0.942871,1.000000,0.991699,0.975098,0.662598,0.991699
358.000000,1500.000000,0.944336,1.000000,0.999023,0.975586,0.666504,0.988281
359.000000,1500.000000,0.942383,1.000000,1.000000,0.977051,0.659668,0.984863
360.000000,1500.000000,0.941406,1.000000,0.999512,0.974121,0.657715,0.989258
361.000000,1500.000000,0.944336,1.000000,1.000000,0.977051,0.665527,0.991699
362.000000,1500.000000,0.942383,1.000000,0.998047,0.975586,0.661621,0.990723
363.000000,1500.000000,0.941406,1.000000,0.998047,0.974121,0.656738,0.988281
364.000000,1500.000000,0.944824,1.000000,0.999512,0.979004,0.666992,0.988281
365.000000,1500.000000,0.945312,1.000000,1.000000,0.976074,0.670410,0.991699
366.000000,1500.000000,0.944336,1.000000,1.000000,0.975098,0.664551,0.992676
367.000000,1500.000000,0.940430,0.000000,0.996582,0.976562,0.654297,0.987793
368.000000,1500.000000,0.942383,1.000000,0.999512,0.977539,0.659668,0.987305
369.000000,1500.000000,0.942871,1.000000,1.000000,0.975586,0.661621,0.983398
370.000000,1500.000000,0.944336,1.000000,0.997070,0.975586,0.666992,0.990234
371.000000,1500.000000,0.939941,1.000000,0.999512,0.977051,0.650391,0.987305
372.000000,1500.000000,0.940918,1.000000,1.000000,0.974121,0.654785,0.992188
373.000000,1500.000000,0.939941,1.000000,1.000000,0.976074,0.654297,0.991699
374.000000,1500.000000,0.942871,1.000000,0.997559,0.975586,0.662109,0.990723
375.000000,1500.000000,0.941895,1.000000,0.998047,0.976074,0.662598,0.989746
376.000000,1500.000000,0.938477,0.000000,1.000000,0.975098,0.646973,0.989258
377.000000,1500.000000,0.940430,1.000000,1.000000,0.972656,0.654297,0.985352
378.000000,1500.000000,0.940918,1.000000,0.996582,0.975098,0.654785,0.985352
379.000000,1500.000000,0.943359,1.000000,0.998535,0.974121,0.661621,0.985840
380.000000,1500.000000,0.943359,1.000000,1.000000,0.977051,0.662109,0.992676
381.000000,1500.000000,0.941895,1.000000,0.998047,0.975586,0.657227,0.990723
382.000000,1500.000000,0.943359,1.000000,1.000000,0.974609,0.665527,0.992188
383.000000,1500.000000,0.946777,1.000000,0.988770,0.975586,0.672852,0.983887
384.000000,1500.000000,0.939941,1.000000,1.000000,0.974121,0.652832,0.989746
385.000000,1500.000000,0.944336,1.000000,1.000000,0.976562,0.666016,0.992676
386.000000,1500.000000,0.942871,1.000000,0.999023,0.976562,0.662109,0.990234
387.000000,1500.000000,0.943359,1.000000,0.998535,0.973633,0.664062,0.987305
388.000000,1500.000000,0.938965,1.000000,0.996094,0.973633,0.648438,0.982422
389.000000,1500.000000,0.940918,1.000000,1.000000,0.974609,0.653809,0.989258
390.000000,1500.000000,0.940430,1.000000,1.000000,0.973633,0.654297,0.983887
391.000000,1500.000000,0.943359,1.000000,1.000000,0.976074,0.663574,0.991699
392.000000,1500.000000,0.942383,1.000000,1.000000,0.976074,0.660156,0.991699
393.000000,1500.000000,0.944336,1.000000,1.000000,0.972656,0.664551,0.991699
394.000000,1500.000000,0.944824,1.000000,0.997070,0.974121,0.667969,0.990723
395.000000,1500.000000,0.940918,1.000000,0.987305,0.975098,0.655762,0.989746
396.000000,1500.000000,0.939453,1.000000,0.999512,0.977051,0.650391,0.983398
397.000000,1500.000000,0.945312,0.000000,1.000000,0.974121,0.670410,0.991699
398.000000,1500.000000,0.937012,1.000000,0.999512,0.973633,0.643555,0.982422
399.000000,1500.000000,0.942383,1.000000,0.998047,0.975098,0.657715,0.991699
400.000000,1500.000000,0.944824,1.000000,0.999512,0.975098,0.668457,0.989258
401.000000,1500.000000,0.941406,1.000000,0.999023,0.975098,0.656250,0.992676
402.000000,1500.000000,0.942871,1.000000,0.999512,0.977051,0.661133,0.989258
403.000000,1500.000000,0.943359,1.000000,0.997559,0.974609,0.662109,0.993652
404.000000,1500.000000,0.942871,1.000000,1.000000,0.975098,0.662109,0.991699
405.000000,1500.000000,0.946289,0.000000,0.995117,0.976074,0.671387,0.988770
406.000000,1500.000000,0.942383,1.000000,0.998535,0.973145,0.660156,0.991699
407.000000,1500.000000,0.941895,1.000000,1.000000,0.976562,0.659180,0.984375
408.000000,1500.000000,0.937012,1.000000,0.999023,0.974609,0.642578,0.988770
409.000000,1500.000000,0.942383,1.000000,0.993652,0.975098,0.659180,0.988770
410.000000,1500.000000,0.943359,1.000000,0.999512,0.975098,0.663574,0.988281
411.000000,1500.000000,0.940430,1.000000,0.998535,0.975098,0.653320,0.983398
412.000000,1500.000000,0.943848,1.000000,0.987305,0.974121,0.664062,0.987793
413.000000,1500.000000,0.943359,1.000000,0.996094,0.977051,0.662109,0.986328
414.000000,1500.000000,0.943359,1.000000,0.999512,0.973633,0.661621,0.981934
415.000000,1500.000000,0.938477,1.000000,0.999023,0.975098,0.648438,0.972168
416.000000,1500.000000,0.944824,1.000000,1.000000,0.975098,0.668457,0.992676
417.000000,1500.000000,0.942871,1.000000,0.995117,0.975098,0.659668,0.991699
418.000000,1500.000000,0.940430,1.000000,0.990234,0.975098,0.651855,0.988770
419.000000,1500.000000,0.945312,1.000000,1.000000,0.975586,0.667480,0.986816
420.000000,1500.000000,0.942871,1.000000,0.996582,0.975098,0.660156,0.992676
421.000000,1500.000000,0.947266,1.000000,0.995605,0.976562,0.677246,0.991211
422.000000,1500.000000,0.943359,1.000000,0.999512,0.977051,0.662109,0.988281
423.000000,1500.000000,0.941895,1.000000,1.000000,0.974609,0.658203,0.984863
424.000000,1500.000000,0.938477,1.000000,0.995605,0.976562,0.647461,0.992188
425.000000,1500.000000,0.947266,1.000000,1.000000,0.974609,0.675781,0.988281
426.000000,1500.000000,0.942383,1.000000,1.000000,0.977051,0.661133,0.989258
427.000000,1500.000000,0.943848,1.000000,0.999023,0.974609,0.662109,0.992188
428.000000,1500.000000,0.942871,1.000000,0.997070,0.972168,0.664062,0.991699
429.000000,1500.000000,0.943359,1.000000,1.000000,0.976562,0.664062,0.989746
430.000000,1500.000000,0.939941,1.000000,1.000000,0.975098,0.652344,0.982910
431.000000,1500.000000,0.944336,1.000000,0.994141,0.973145,0.667480,0.992188
432.000000,1500.000000,0.946289,1.000000,1.000000,0.974609,0.672852,0.983398
433.000000,1500.000000,0.947754,1.000000,0.994141,0.975098,0.676758,0.982422
434.000000,1500.000000,0.941406,1.000000,1.000000,0.975098,0.657715,0.988770
435.000000,1500.000000,0.944824,1.000000,0.996094,0.976074,0.666504,0.989258
436.000000,1500.000000,0.944336,1.000000,0.992676,0.974609,0.669922,0.992188
437.000000,1500.000000,0.945312,1.000000,0.998535,0.976074,0.666992,0.986328
438.000000,1500.000000,0.947754,1.000000,1.000000,0.972656,0.677246,0.991211
439.000000,1500.000000,0.945312,1.000000,0.999512,0.973633,0.667480,0.992188
440.000000,1500.000000,0.937500,1.000000,1.000000,0.977051,0.644043,0.984863
441.000000,1500.000000,0.946777,1.000000,1.000000,0.974609,0.673340,0.990723
442.000000,1500.000000,0.943848,1.000000,1.000000,0.974121,0.662598,0.991211
443.000000,1500.000000,0.942871,1.000000,1.000000,0.975586,0.662109,0.984375
444.000000,1500.000000,0.945312,1.000000,0.991699,0.975586,0.670410,0.989258
445.000000,1500.000000,0.941406,1.000000,0.998047,0.976562,0.655762,0.984863
446.000000,1500.000000,0.944824,1.000000,0.999512,0.975098,0.666016,0.990234
447.000000,1500.000000,0.943848,1.000000,0.999023,0.976074,0.664062,0.991211
448.000000,1500.000000,0.939941,1.000000,1.000000,0.976562,0.651367,0.986816
449.000000,1500.000000,0.945312,1.000000,1.000000,0.976074,0.668457,0.992188
450.000000,1500.000000,0.938965,1.000000,0.999512,0.974609,0.649414,0.981934
451.000000,1500.000000,0.942383,0.000000,1.000000,0.976074,0.661133,0.992676
452.000000,1500.000000,0.939453,1.000000,0.999512,0.975586,0.648438,0.985352
453.000000,1500.000000,0.944336,1.000000,1.000000,0.976074,0.666504,0.993164
454.000000,1500.000000,0.943359,1.000000,0.999023,0.973145,0.664062,0.990234
455.000000,1500.000000,0.942871,1.000000,0.999023,0.974609,0.660156,0.981934
456.000000,1500.000000,0.943359,1.000000,0.997070,0.970703,0.663574,0.992188
457.000000,1500.000000,0.938965,1.000000,0.997070,0.976074,0.649902,0.986328
458.000000,1500.000000,0.942383,1.000000,1.000000,0.975098,0.661133,0.992188
459.000000,1500.000000,0.944824,1.000000,0.998047,0.974121,0.667480,0.989746
460.000000,1500.000000,0.938477,0.000000,0.999023,0.977051,0.647949,0.992676
461.000000,1500.000000,0.940918,1.000000,1.000000,0.975098,0.655762,0.989258
462.000000,1500.000000,0.945801,1.000000,0.997070,0.974609,0.670410,0.992676
463.000000,1500.000000,0.939453,1.000000,1.000000,0.975098,0.650391,0.981934
464.000000,1500.000000,0.948730,1.000000,0.997070,0.975586,0.681152,0.991211
465.000000,1500.000000,0.943848,1.000000,1.000000,0.977539,0.664551,0.989258
466.000000,1500.000000,0.943848,0.000000,0.983887,0.977051,0.663086,0.988770
467.000000,1500.000000,0.942383,1.000000,0.999512,0.975098,0.660645,0.988281
468.000000,1500.000000,0.940918,1.000000,1.000000,0.976074,0.654785,0.986816
469.000000,1500.000000,0.943359,1.000000,0.995605,0.976074,0.661621,0.992188
470.000000,1500.000000,0.939941,1.000000,0.997559,0.975586,0.653809,0.991699
471.000000,1500.000000,0.941406,1.000000,1.000000,0.973633,0.658203,0.989746
472.000000,1500.000000,0.940430,1.000000,1.000000,0.973633,0.653320,0.990234
473.000000,1500.000000,0.940430,1.000000,0.999512,0.976074,0.655273,0.992188
474.000000,1500.000000,0.942871,1.000000,0.999512,0.976562,0.662598,0.990723
475.000000,1500.000000,0.942383,1.000000,0.999512,0.976562,0.659180,0.990234
476.000000,1500.000000,0.940918,1.000000,1.000000,0.974609,0.658691,0.985840
477.000000,1500.000000,0.941895,1.000000,0.997559,0.977051,0.658691,0.990723
478.000000,1500.000000,0.942871,1.000000,0.999512,0.974121,0.661133,0.993164
479.000000,1500.000000,0.941406,1.000000,0.997070,0.974121,0.657227,0.991211
480.000000,1500.000000,0.940918,1.000000,0.998047,0.972656,0.654297,0.990234
481.000000,1500.000000,0.944336,1.000000,1.000000,0.976074,0.664062,0.989258
482.000000,1500.000000,0.943359,1.000000,1.000000,0.976562,0.662598,0.988770
483.000000,1500.000000,0.942871,1.000000,0.998535,0.975586,0.662109,0.992676
484.000000,1500.000000,0.941406,1.000000,0.999023,0.974609,0.655273,0.983887
485.000000,1500.000000,0.942383,1.000000,1.000000,0.976074,0.660156,0.990234
486.000000,1500.000000,0.943359,1.000000,1.000000,0.976074,0.661133,0.983398
487.000000,1500.000000,0.943359,1.000000,0.990234,0.975586,0.663574,0.992188
488.000000,1500.000000,0.940918,1.000000,1.000000,0.974609,0.655273,0.980957
489.000000,1500.000000,0.942383,0.000000,1.000000,0.975586,0.660156,0.990234
490.000000,1500.000000,0.943848,1.000000,0.998535,0.975586,0.664062,0.988770
491.000000,1500.000000,0.941406,1.000000,0.999023,0.975586,0.657227,0.985840
492.000000,1500.000000,0.941406,1.000000,1.000000,0.972168,0.655273,0.984375
493.000000,1500.000000,0.942383,1.000000,0.999512,0.972656,0.661133,0.993164
494.000000,1500.000000,0.943848,1.000000,0.997070,0.976074,0.665527,0.984375
495.000000,1500.000000,0.944336,1.000000,0.993164,0.975098,0.666992,0.990723
496.000000,1500.000000,0.941406,0.000000,0.999023,0.973145,0.657227,0.986816
497.000000,1500.000000,0.942383,1.000000,1.000000,0.976074,0.660645,0.982422
498.000000,1500.000000,0.942383,1.000000,1.000000,0.976074,0.658691,0.990234
499.000000,1500.000000,0.944336,1.000000,0.999023,0.976074,0.665527,0.991699
500.000000,1500.000000,0.944824,1.000000,1.000000,0.974609,0.666016,0.990723
501.000000,1500.000000,0.946777,1.000000,0.998535,0.976074,0.674316,0.983398
502.000000,1500.000000,0.943359,1.000000,1.000000,0.975586,0.661133,0.986328
503.000000,1500.000000,0.948730,1.000000,1.000000,0.974121,0.678223,0.986328
504.000000,1500.000000,0.940430,1.000000,1.000000,0.975586,0.654785,0.989746
505.000000,1500.000000,0.944336,1.000000,1.000000,0.975098,0.666016,0.991699
506.000000,1500.000000,0.940918,1.000000,1.000000,0.976074,0.656250,0.990723
507.000000,1500.000000,0.942871,1.000000,0.999023,0.977051,0.660156,0.992188
508.000000,1500.000000,0.943359,1.000000,0.992676,0.972656,0.663086,0.991211
509.000000,1500.000000,0.944824,1.000000,0.995605,0.975098,0.667480,0.990234
510.000000,1500.000000,0.941406,1.000000,0.994141,0.974609,0.655273,0.981445
511.000000,1500.000000,0.940918,1.000000,0.997070,0.976074,0.652832,0.990723
512.000000,1500.000000,0.943848,1.000000,1.000000,0.974609,0.662598,0.983887
513.000000,1500.000000,0.943359,1.000000,0.992676,0.973145,0.664551,0.992188
514.000000,1500.000000,0.939941,1.000000,0.999512,0.975586,0.647461,0.984863
515.000000,1500.000000,0.946777,1.000000,0.999023,0.974609,0.673828,0.991699
516.000000,1500.000000,0.943848,0.000000,0.999512,0.974609,0.663086,0.987793
517.000000,1500.000000,0.940918,1.000000,1.000000,0.976562,0.656738,0.992188
518.000000,1500.000000,0.941406,1.000000,1.000000,0.976074,0.655273,0.992188
519.000000,1500.000000,0.943848,1.000000,0.999512,0.974609,0.666016,0.991211
520.000000,1500.000000,0.939453,1.000000,0.980469,0.975586,0.652832,0.989746
521.000000,1500.000000,0.943848,1.000000,0.994141,0.978027,0.663086,0.989258
522.000000,1500.000000,0.943848,1.000000,0.999023,0.976074,0.665039,0.987793
523.000000,1500.000000,0.940430,1.000000,0.999512,0.976074,0.652832,0.990723
524.000000,1500.000000,0.947266,1.000000,0.994629,0.976074,0.674316,0.992188
525.000000,1500.000000,0.941406,1.000000,1.000000,0.976074,0.656250,0.993164
526.000000,1500.000000,0.941895,1.000000,1.000000,0.976562,0.657715,0.991699
527.000000,1500.000000,0.945312,1.000000,0.999512,0.976074,0.667480,0.985352
528.000000,1500.000000,0.941406,1.000000,0.997070,0.978027,0.655273,0.992676
529.000000,1500.000000,0.938965,0.000000,0.999512,0.973145,0.650879,0.983887
530.000000,1500.000000,0.943359,1.000000,0.999512,0.975098,0.661133,0.985840
531.000000,1500.000000,0.937012,1.000000,1.000000,0.976074,0.641113,0.991211
532.000000,1500.000000,0.944824,1.000000,1.000000,0.975586,0.667969,0.991211
533.000000,1500.000000,0.942383,1.000000,1.000000,0.974609,0.659668,0.990723
534.000000,1500.000000,0.942871,1.000000,1.000000,0.975586,0.660645,0.989258
535.000000,1500.000000,0.943359,1.000000,0.995605,0.975098,0.663574,0.988770
536.000000,1500.000000,0.943848,1.000000,0.999512,0.976074,0.663574,0.991699
537.000000,1500.000000,0.944336,1.000000,0.999512,0.975098,0.666504,0.982910
538.000000,1500.000000,0.940430,1.000000,0.999512,0.975586,0.653809,0.990723
539.000000,1500.000000,0.942383,1.000000,0.999512,0.975098,0.659668,0.988281
540.000000,1500.000000,0.939941,1.000000,1.000000,0.976562,0.652832,0.989746
541.000000,1500.000000,0.940918,1.000000,0.997070,0.974121,0.655273,0.988281
542.000000,1500.000000,0.939941,1.000000,0.998047,0.975586,0.651855,0.988770
543.000000,1500.000000,0.947266,1.000000,0.998047,0.974609,0.674805,0.991699
544.000000,1500.000000,0.940430,1.000000,1.000000,0.972656,0.652344,0.988770
545.000000,1500.000000,0.944336,0.000000,0.996582,0.975098,0.666504,0.992676
546.000000,1500.000000,0.941406,1.000000,1.000000,0.977051,0.655762,0.990234
547.000000,1500.000000,0.942383,1.000000,0.999512,0.973145,0.659668,0.988281
548.000000,1500.000000,0.946289,0.000000,0.998535,0.975586,0.672363,0.983887
549.000000,1500.000000,0.942383,1.000000,1.000000,0.974609,0.658691,0.990234
550.000000,1500.000000,0.943359,1.000000,1.000000,0.973633,0.663086,0.984375
551.000000,1500.000000,0.939453,1.000000,0.999512,0.974609,0.649414,0.992188
552.000000,1500.000000,0.944336,1.000000,1.000000,0.974121,0.667480,0.992676
553.000000,1500.000000,0.943359,1.000000,1.000000,0.974121,0.664551,0.992188
554.000000,1500.000000,0.943359,1.000000,0.972656,0.976074,0.666504,0.990723
555.000000,1500.000000,0.940918,1.000000,1.000000,0.976074,0.655762,0.990234
556.000000,1500.000000,0.942871,1.000000,0.999512,0.976074,0.660645,0.991699
557.000000,1500.000000,0.944336,1.000000,0.994141,0.975098,0.667969,0.984863
558.000000,1500.000000,0.939941,1.000000,0.999023,0.975586,0.650879,0.991699
559.000000,1500.000000,0.939453,1.000000,0.999512,0.975586,0.649902,0.985352
560.000000,1500.000000,0.940430,1.000000,1.000000,0.974609,0.652832,0.988281
561.000000,1500.000000,0.943848,1.000000,1.000000,0.975098,0.665039,0.992676
562.000000,1500.000000,0.941895,1.000000,1.000000,0.974121,0.659668,0.984375
563.000000,1500.000000,0.941895,1.000000,0.996094,0.976074,0.658203,0.989258
564.000000,1500.000000,0.940430,1.000000,0.999023,0.974609,0.653320,0.989258
565.000000,1500.000000,0.941406,1.000000,0.998047,0.975098,0.656738,0.987793
566.000000,1500.000000,0.948242,1.000000,0.997559,0.977051,0.677734,0.994141
567.000000,1500.000000,0.944336,1.000000,0.991211,0.976074,0.664551,0.991699
568.000000,1500.000000,0.940430,1.000000,0.998047,0.974609,0.652832,0.991699
569.000000,1500.000000,0.941895,1.000000,1.000000,0.974609,0.658691,0.988770
570.000000,1500.000000,0.944336,1.000000,0.999512,0.976074,0.665039,0.986816
571.000000,1500.000000,0.945312,0.000000,0.999512,0.976074,0.666992,0.991699
572.000000,1500.000000,0.944336,1.000000,0.999512,0.975586,0.665527,0.984863
573.000000,1500.000000,0.943359,1.000000,0.999512,0.976074,0.663574,0.992676
574.000000,1500.000000,0.942871,1.000000,0.996094,0.975098,0.662109,0.983887
575.000000,1500.000000,0.945312,1.000000,0.998535,0.974121,0.669922,0.992188
576.000000,1500.000000,0.942871,1.000000,0.997559,0.977539,0.662598,0.982910
577.000000,1500.000000,0.944824,1.000000,0.999512,0.975098,0.668457,0.992188
578.000000,1500.000000,0.943848,1.000000,0.994141,0.974121,0.663574,0.987305
579.000000,1500.000000,0.942383,1.000000,0.998047,0.973145,0.658691,0.989258
580.000000,1500.000000,0.941895,1.000000,1.000000,0.975098,0.657715,0.986328
581.000000,1500.000000,0.939941,1.000000,0.997070,0.975098,0.651855,0.991699
582.000000,1500.000000,0.939941,0.000000,1.000000,0.977051,0.652344,0.992188
583.000000,1500.000000,0.945312,1.000000,0.996094,0.974609,0.670410,0.987793
584.000000,1500.000000,0.943359,1.000000,1.000000,0.975098,0.662598,0.992188
585.000000,1500.000000,0.938477,0.000000,0.996094,0.975098,0.648926,0.990723
586.000000,1500.000000,0.944336,1.000000,1.000000,0.975586,0.666504,0.986816
587.000000,1500.000000,0.940918,1.000000,1.000000,0.976074,0.655273,0.987305
588.000000,1500.000000,0.940918,1.000000,0.999023,0.974121,0.655762,0.989258
589.000000,1500.000000,0.941895,1.000000,0.999512,0.975098,0.659668,0.985840
590.000000,1500.000000,0.941895,1.000000,0.999512,0.977539,0.658203,0.991211
591.000000,1500.000000,0.942383,1.000000,0.991211,0.976074,0.658203,0.992188
592.000000,1500.000000,0.942871,1.000000,0.999512,0.974121,0.661133,0.991699
593.000000,1500.000000,0.942871,1.000000,0.999512,0.974609,0.661621,0.987793
594.000000,1500.000000,0.942383,0.000000,0.993164,0.974121,0.656738,0.991699
595.000000,1500.000000,0.939941,1.000000,0.996582,0.973145,0.651367,0.985352
596.000000,1500.000000,0.941895,1.000000,0.999023,0.975586,0.656738,0.984375
597.000000,1500.000000,0.940430,1.000000,0.999512,0.975586,0.653809,0.989258
598.000000,1500.000000,0.943848,1.000000,0.999512,0.974609,0.665039,0.990723
599.000000,1500.000000,0.939941,1.000000,0.996582,0.973145,0.649902,0.993164
600.000000,1500.000000,0.939453,1.000000,1.000000,0.973145,0.650879,0.991211
601.000000,1500.000000,0.946289,1.000000,0.999512,0.974609,0.673828,0.993164
602.000000,1500.000000,0.944336,1.000000,0.994629,0.978027,0.666504,0.989746
603.000000,1500.000000,0.943848,1.000000,0.990234,0.977051,0.665527,0.991211
604.000000,1500.000000,0.941895,1.000000,0.994141,0.974121,0.657715,0.992188
605.000000,1500.000000,0.942871,1.000000,0.997559,0.974609,0.662598,0.991211
606.000000,1500.000000,0.944336,1.000000,0.999512,0.976074,0.667480,0.986328
607.000000,1500.000000,0.939941,1.000000,1.000000,0.978027,0.652832,0.981934
608.000000,1500.000000,0.940918,1.000000,0.993164,0.974609,0.656738,0.992676
609.000000,1500.000000,0.941406,1.000000,1.000000,0.976562,0.655762,0.993164
610.000000,1500.000000,0.943359,1.000000,0.999023,0.976074,0.662598,0.989746
611.000000,1500.000000,0.943359,1.000000,1.000000,0.975586,0.660156,0.989258
612.000000,1500.000000,0.941406,1.000000,0.997070,0.973633,0.654785,0.991699
613.000000,1500.000000,0.943359,1.000000,1.000000,0.974609,0.664551,0.989746
614.000000,1500.000000,0.939453,1.000000,1.000000,0.976074,0.651367,0.992188
615.000000,1500.000000,0.944336,1.000000,0.999512,0.975098,0.665039,0.987793
616.000000,1500.000000,0.942871,1.000000,0.999512,0.975098,0.661621,0.987305
617.000000,1500.000000,0.943848,1.000000,0.994141,0.975586,0.666992,0.991211
618.000000,1500.000000,0.943359,1.000000,1.000000,0.976074,0.663574,0.990234
619.000000,1500.000000,0.946777,1.000000,0.999512,0.972656,0.674805,0.992188
620.000000,1500.000000,0.941406,1.000000,0.999512,0.975586,0.656250,0.990723
621.000000,1500.000000,0.943359,1.000000,0.998535,0.976074,0.660645,0.991211
622.000000,1500.000000,0.942871,1.000000,1.000000,0.976074,0.663086,0.991699
623.000000,1500.000000,0.947754,1.000000,1.000000,0.974609,0.675293,0.993652
624.000000,1500.000000,0.940918,1.000000,1.000000,0.975098,0.655273,0.992676
625.000000,1500.000000,0.941895,1.000000,0.998047,0.975098,0.654785,0.985352
626.000000,1500.000000,0.944336,1.000000,0.997070,0.974121,0.664551,0.974121
627.000000,1500.000000,0.943848,1.000000,0.998047,0.975098,0.664551,0.985352
628.000000,1500.000000,0.939453,1.000000,0.996094,0.977051,0.648926,0.986816
629.000000,1500.000000,0.944824,1.000000,0.999512,0.976074,0.666992,0.983887
630.000000,1500.000000,0.937012,1.000000,0.999023,0.978027,0.641602,0.989746
631.000000,1500.000000,0.939941,1.000000,0.998535,0.976074,0.652832,0.991699
632.000000,1500.000000,0.942383,1.000000,1.000000,0.975098,0.659180,0.992676
633.000000,1500.000000,0.942871,1.000000,1.000000,0.975098,0.658203,0.991699
634.000000,1500.000000,0.939941,1.000000,1.000000,0.977539,0.651855,0.989258
635.000000,1500.000000,0.942383,1.000000,0.997559,0.976074,0.659668,0.989258
636.000000,1500.000000,0.939453,1.000000,0.999512,0.974609,0.647949,0.991211
637.000000,1500.000000,0.942383,1.000000,0.988281,0.975586,0.660645,0.981934
638.000000,1500.000000,0.940918,1.000000,1.000000,0.974609,0.655273,0.992188
639.000000,1500.000000,0.942871,1.000000,1.000000,0.975586,0.659668,0.988770
640.000000,1500.000000,0.943359,1.000000,0.998047,0.974609,0.663574,0.991699
641.000000,1500.000000,0.942871,1.000000,0.999023,0.976074,0.660645,0.985352
642.000000,1500.000000,0.943848,1.000000,0.998047,0.975098,0.664062,0.993164
643.000000,1500.000000,0.941406,1.000000,0.994629,0.976074,0.658203,0.983398
644.000000,1500.000000,0.939453,1.000000,1.000000,0.976562,0.653809,0.991211
645.000000,1500.000000,0.943848,1.000000,0.997559,0.976074,0.666016,0.990234
646.000000,1500.000000,0.943848,1.000000,0.999512,0.974121,0.665039,0.991699
647.000000,1500.000000,0.944336,1.000000,0.998535,0.973633,0.665039,0.990234
648.000000,1500.000000,0.947266,1.000000,1.000000,0.975098,0.676758,0.983398
649.000000,1500.000000,0.943848,1.000000,1.000000,0.975098,0.664551,0.991699
650.000000,1500.000000,0.941406,1.000000,0.999512,0.975098,0.656250,0.993652
651.000000,1500.000000,0.948730,1.000000,0.999512,0.974609,0.681152,0.992676
652.000000,1500.000000,0.943848,1.000000,0.996582,0.974609,0.663574,0.990234
653.000000,1500.000000,0.939941,1.000000,0.994141,0.976562,0.651855,0.992188
654.000000,1500.000000,0.941406,1.000000,0.998047,0.974609,0.656738,0.990723
655.000000,1500.000000,0.942871,1.000000,1.000000,0.974121,0.662109,0.982422
656.000000,1500.000000,0.942871,1.000000,0.999023,0.973145,0.659180,0.988281
657.000000,1500.000000,0.944824,1.000000,0.991211,0.974609,0.666504,0.991211
658.000000,1500.000000,0.941895,1.000000,0.999512,0.976074,0.659180,0.988281
659.000000,1500.000000,0.941406,1.000000,0.996094,0.973633,0.653320,0.983887
660.000000,1500.000000,0.941406,1.000000,0.997559,0.976074,0.658203,0.992676
661.000000,1500.000000,0.943848,1.000000,1.000000,0.975098,0.661621,0.979980
662.000000,1500.000000,0.943359,1.000000,1.000000,0.974609,0.664062,0.990723
663.000000,1500.000000,0.947754,1.000000,1.000000,0.975098,0.675781,0.987305
664.000000,1500.000000,0.941406,1.000000,1.000000,0.974609,0.654785,0.988770
665.000000,1500.000000,0.942871,1.000000,0.999512,0.972656,0.659668,0.992188
666.000000,1500.000000,0.946777,1.000000,0.999023,0.974121,0.673828,0.992188
667.000000,1500.000000,0.943848,1.000000,0.991211,0.976562,0.663574,0.991211
668.000000,1500.000000,0.941895,1.000000,0.999512,0.976074,0.656738,0.991699
669.000000,1500.000000,0.944824,1.000000,0.998535,0.976562,0.667480,0.981445
670.000000,1500.000000,0.945312,1.000000,0.996582,0.976074,0.668457,0.985352
671.000000,1500.000000,0.944336,1.000000,1.000000,0.974121,0.666016,0.989746
672.000000,1500.000000,0.942871,1.000000,0.999512,0.977539,0.662598,0.989746
673.000000,1500.000000,0.946289,1.000000,0.999023,0.976074,0.671387,0.992676
674.000000,1500.000000,0.940430,1.000000,0.995605,0.976562,0.653809,0.983887
675.000000,1500.000000,0.942383,1.000000,1.000000,0.975098,0.658203,0.990234
676.000000,1500.000000,0.944336,1.000000,1.000000,0.975586,0.666016,0.988281
677.000000,1500.000000,0.938965,1.000000,0.998535,0.977051,0.649414,0.986816
678.000000,1500.000000,0.940918,1.000000,1.000000,0.971191,0.654785,0.984375
679.000000,1500.000000,0.943848,1.000000,0.996582,0.974609,0.663574,0.987305
680.000000,1500.000000,0.941895,1.000000,0.999512,0.975586,0.658203,0.989258
681.000000,1500.000000,0.942383,1.000000,0.999512,0.975586,0.659668,0.982422
682.000000,1500.000000,0.942871,1.000000,0.997559,0.974609,0.660645,0.991211
683.000000,1500.000000,0.943848,1.000000,0.999023,0.977051,0.665527,0.986816
684.000000,1500.000000,0.942383,1.000000,1.000000,0.972656,0.660645,0.991211
685.000000,1500.000000,0.941406,1.000000,1.000000,0.974609,0.657227,0.987305
686.000000,1500.000000,0.943359,1.000000,1.000000,0.975098,0.663574,0.991699
687.000000,1500.000000,0.938965,1.000000,0.995117,0.975098,0.649414,0.988281
688.000000,1500.000000,0.943359,1.000000,1.000000,0.975098,0.663086,0.991699
689.000000,1500.000000,0.939453,1.000000,1.000000,0.975098,0.650879,0.983887
690.000000,1500.000000,0.937988,1.000000,1.000000,0.973145,0.647461,0.988281
691.000000,1500.000000,0.942383,1.000000,0.999512,0.974609,0.657227,0.990234
692.000000,1500.000000,0.943848,1.000000,1.000000,0.975098,0.664551,0.991699
693.000000,1500.000000,0.942871,1.000000,0.999512,0.975098,0.661133,0.983398
694.000000,1500.000000,0.944336,1.000000,0.999512,0.977051,0.665527,0.987793
695.000000,1500.000000,0.944824,0.000000,0.999512,0.974121,0.667480,0.989258
696.000000,1500.000000,0.945801,1.000000,0.999023,0.974609,0.672363,0.989746
697.000000,1500.000000,0.945312,1.000000,0.999512,0.975098,0.670898,0.990234
698.000000,1500.000000,0.944336,0.000000,0.996094,0.974609,0.666992,0.992188
699.000000,1500.000000,0.939941,1.000000,0.996582,0.976074,0.651855,0.990234
700.000000,1500.000000,0.940430,0.000000,1.000000,0.976562,0.654785,0.992188
701.000000,1500.000000,0.943359,1.000000,0.998535,0.975098,0.663574,0.984863
702.000000,1500.000000,0.942871,1.000000,0.994629,0.977051,0.661621,0.988770
703.000000,1500.000000,0.945312,1.000000,1.000000,0.976074,0.668945,0.983398
704.000000,1500.000000,0.942383,1.000000,1.000000,0.975586,0.659180,0.992676
705.000000,1500.000000,0.941895,1.000000,0.999512,0.976562,0.659668,0.992188
706.000000,1500.000000,0.940430,0.000000,1.000000,0.971680,0.656250,0.986816
707.000000,1500.000000,0.942383,1.000000,0.999023,0.975586,0.659668,0.989746
708.000000,1500.000000,0.943359,1.000000,1.000000,0.977539,0.661621,0.986816
709.000000,1500.000000,0.944824,1.000000,0.998535,0.973633,0.668457,0.985840
710.000000,1500.000000,0.943359,1.000000,1.000000,0.975586,0.663574,0.981934
711.000000,1500.000000,0.942383,1.000000,1.000000,0.977051,0.659668,0.990234
712.000000,1500.000000,0.945312,1.000000,0.999512,0.973145,0.668945,0.992188
713.000000,1500.000000,0.940430,1.000000,0.997559,0.974121,0.652832,0.989258
714.000000,1500.000000,0.944824,1.000000,0.997559,0.974609,0.666504,0.987305
715.000000,1500.000000,0.944336,1.000000,0.998047,0.977051,0.666016,0.989258
716.000000,1500.000000,0.942871,1.000000,1.000000,0.975586,0.660156,0.987305
717.000000,1500.000000,0.944336,1.000000,0.996094,0.977051,0.667480,0.991699
718.000000,1500.000000,0.942871,1.000000,0.997070,0.975098,0.663574,0.990723
719.000000,1500.000000,0.940918,1.000000,0.997559,0.975586,0.655273,0.982910
720.000000,1500.000000,0.940430,1.000000,0.998535,0.975586,0.654785,0.989258
721.000000,1500.000000,0.945312,1.000000,0.996582,0.976074,0.669434,0.991699
722.000000,1500.000000,0.943359,1.000000,0.994141,0.975586,0.662109,0.984375
723.000000,1500.000000,0.942383,1.000000,1.000000,0.974121,0.660645,0.987793
724.000000,1500.000000,0.945801,1.000000,0.998047,0.973633,0.670898,0.989746
725.000000,1500.000000,0.943848,1.000000,0.999512,0.973145,0.663086,0.993652
726.000000,1500.000000,0.942383,1.000000,0.998047,0.973145,0.659180,0.986328
727.000000,1500.000000,0.943359,1.000000,0.999023,0.975586,0.663086,0.989746
728.000000,1500.000000,0.944336,1.000000,1.000000,0.973145,0.663574,0.988281
729.000000,1500.000000,0.944336,1.000000,0.997559,0.974609,0.662598,0.990234
730.000000,1500.000000,0.942871,1.000000,1.000000,0.975586,0.662109,0.991699
731.000000,1500.000000,0.947266,1.000000,0.995117,0.974609,0.674805,0.987305
732.000000,1500.000000,0.942383,1.000000,0.999512,0.976074,0.660156,0.986816
733.000000,1500.000000,0.938965,1.000000,1.000000,0.974609,0.649902,0.985840
734.000000,1500.000000,0.944336,1.000000,1.000000,0.976074,0.667480,0.990723
735.000000,1500.000000,0.943848,1.000000,1.000000,0.976562,0.664551,0.986816
736.000000,1500.000000,0.939453,1.000000,1.000000,0.974121,0.651855,0.985352
737.000000,1500.000000,0.938965,1.000000,1.000000,0.972656,0.648926,0.986328
738.000000,1500.000000,0.943848,1.000000,1.000000,0.974121,0.662109,0.992676
739.000000,1500.000000,0.943848,1.000000,1.000000,0.974609,0.664062,0.992676
740.000000,1500.000000,0.942383,1.000000,1.000000,0.976562,0.661133,0.989258
741.000000,1500.000000,0.942871,1.000000,0.996094,0.975586,0.661621,0.993164
742.000000,1500.000000,0.942871,1.000000,0.991699,0.975586,0.664551,0.987793
743.000000,1500.000000,0.945312,1.000000,0.999023,0.974609,0.667480,0.991211
744.000000,1500.000000,0.941895,1.000000,0.999023,0.973633,0.657715,0.988281
745.000000,1500.000000,0.944824,1.000000,0.997070,0.976074,0.664551,0.991211
746.000000,1500.000000,0.939941,1.000000,1.000000,0.974121,0.650879,0.991699
747.000000,1500.000000,0.943359,1.000000,0.998535,0.977051,0.662598,0.991211
748.000000,1500.000000,0.940918,1.000000,0.995605,0.974121,0.654297,0.984863
749.000000,1500.000000,0.940918,1.000000,0.994141,0.973145,0.655273,0.985840
750.000000,1500.000000,0.942871,1.000000,1.000000,0.976562,0.660156,0.991699
751.000000,1500.000000,0.944824,1.000000,0.996582,0.974609,0.667480,0.985840
752.000000,1500.000000,0.939453,1.000000,0.990234,0.977539,0.651367,0.992676
753.000000,1500.000000,0.943359,1.000000,1.000000,0.976074,0.664551,0.990234
754.000000,1500.000000,0.942383,0.000000,0.999512,0.973145,0.659668,0.989746
755.000000,1500.000000,0.945312,1.000000,0.999512,0.977051,0.670410,0.990723
756.000000,1500.000000,0.940918,1.000000,0.999512,0.975586,0.654785,0.989746
757.000000,1500.000000,0.944824,1.000000,0.999023,0.975586,0.667480,0.987305
758.000000,1500.000000,0.942871,1.000000,0.999512,0.975098,0.661133,0.992676
759.000000,1500.000000,0.941406,1.000000,0.996094,0.975098,0.655762,0.989258
760.000000,1500.000000,0.941406,1.000000,1.000000,0.975098,0.655273,0.989258
761.000000,1500.000000,0.947754,1.000000,0.998535,0.974121,0.676270,0.992188
762.000000,1500.000000,0.948242,1.000000,1.000000,0.974609,0.679688,0.983887
763.000000,1500.000000,0.942871,1.000000,0.997559,0.976074,0.659668,0.991211
764.000000,1500.000000,0.943359,1.000000,1.000000,0.974121,0.664551,0.982910
765.000000,1500.000000,0.941406,0.000000,0.997070,0.976074,0.657227,0.992188
766.000000,1500.000000,0.944336,1.000000,0.996582,0.974121,0.666504,0.991699
767.000000,1500.000000,0.946289,1.000000,0.998047,0.973145,0.670898,0.985352
768.000000,1500.000000,0.943848,1.000000,1.000000,0.976562,0.662598,0.992188
769.000000,1500.000000,0.944336,1.000000,1.000000,0.975098,0.665039,0.987793
770.000000,1500.000000,0.940918,1.000000,0.999512,0.975098,0.652344,0.992676
771.000000,1500.000000,0.943848,1.000000,0.999023,0.974121,0.663086,0.991699
772.000000,1500.000000,0.941895,1.000000,0.999512,0.974121,0.660645,0.984863
773.000000,1500.000000,0.940430,1.000000,0.999512,0.977539,0.656738,0.985352
774.000000,1500.000000,0.940430,1.000000,0.998535,0.975098,0.651367,0.991211
775.000000,1500.000000,0.940430,1.000000,0.986328,0.976562,0.653320,0.991211
776.000000,1500.000000,0.941406,1.000000,0.998535,0.977051,0.657227,0.991211
777.000000,1500.000000,0.939941,0.000000,1.000000,0.973633,0.653809,0.989258
778.000000,1500.000000,0.941406,1.000000,1.000000,0.975098,0.654785,0.991699
779.000000,1500.000000,0.944336,1.000000,0.998535,0.974121,0.667969,0.990234
780.000000,1500.000000,0.940918,1.000000,1.000000,0.975586,0.652832,0.992188
781.000000,1500.000000,0.940918,1.000000,0.999023,0.974609,0.653320,0.972168
782.000000,1500.000000,0.942383,1.000000,0.996582,0.977539,0.661621,0.983398
783.000000,1500.000000,0.942383,1.000000,1.000000,0.975098,0.663574,0.989258
784.000000,1500.000000,0.942871,1.000000,1.000000,0.976074,0.659668,0.991699
785.000000,1500.000000,0.941895,1.000000,0.991211,0.975098,0.657715,0.991699
786.000000,1500.000000,0.941895,1.000000,0.998535,0.976074,0.658203,0.986328
787.000000,1500.000000,0.943848,1.000000,0.999023,0.975098,0.666016,0.987305
788.000000,1500.000000,0.944336,1.000000,0.999023,0.973633,0.666504,0.988770
789.000000,1500.000000,0.940430,1.000000,0.996582,0.975586,0.654785,0.991699
790.000000,1500.000000,0.940430,1.000000,1.000000,0.975098,0.653320,0.989746
791.000000,1500.000000,0.947266,1.000000,0.998535,0.976562,0.675293,0.990723
792.000000,1500.000000,0.938477,1.000000,0.996582,0.974609,0.646484,0.991699
793.000000,1500.000000,0.937988,1.000000,1.000000,0.975098,0.645996,0.982422
794.000000,1500.000000,0.946777,1.000000,0.999512,0.975586,0.673828,0.991699
795.000000,1500.000000,0.942871,1.000000,1.000000,0.976074,0.662109,0.989746
796.000000,1500.000000,0.938965,1.000000,1.000000,0.974121,0.648926,0.987305
797.000000,1500.000000,0.943359,1.000000,0.989746,0.976074,0.664551,0.983398
798.000000,1500.000000,0.944336,1.000000,0.999023,0.976074,0.666016,0.991699
799.000000,1500.000000,0.940430,1.000000,1.000000,0.974121,0.654785,0.990234
800.000000,1500.000000,0.942383,1.000000,0.996094,0.975586,0.660645,0.992188
801.000000,1500.000000,0.941895,1.000000,0.999512,0.975098,0.656738,0.992188
802.000000,1500.000000,0.943848,1.000000,0.999512,0.973633,0.663086,0.989258
803.000000,1500.000000,0.939453,1.000000,0.999512,0.976074,0.653809,0.981934
804.000000,1500.000000,0.941406,1.000000,0.997070,0.976074,0.658203,0.985352
805.000000,1500.000000,0.939941,1.000000,1.000000,0.977051,0.653809,0.992188
806.000000,1500.000000,0.945312,1.000000,1.000000,0.975586,0.669922,0.990723
807.000000,1500.000000,0.939941,1.000000,0.999023,0.973633,0.652832,0.993164
808.000000,1500.000000,0.944824,1.000000,0.999023,0.975586,0.667480,0.987793
809.000000,1500.000000,0.944824,1.000000,0.998047,0.977051,0.667480,0.989746
810.000000,1500.000000,0.944336,1.000000,0.994141,0.974121,0.666992,0.990723
811.000000,1500.000000,0.940918,1.000000,0.996094,0.976562,0.656250,0.992188
812.000000,1500.000000,0.943359,1.000000,0.994141,0.975098,0.662598,0.990234
813.000000,1500.000000,0.944336,1.000000,0.998047,0.974609,0.665039,0.988770
814.000000,1500.000000,0.942871,1.000000,0.999512,0.975098,0.661621,0.984375
815.000000,1500.000000,0.944336,1.000000,0.999512,0.976562,0.665527,0.985840
816.000000,1500.000000,0.940430,1.000000,0.998047,0.974609,0.653320,0.982910
817.000000,1500.000000,0.945312,1.000000,1.000000,0.976074,0.667480,0.990723
818.000000,1500.000000,0.940918,1.000000,0.996582,0.974609,0.655273,0.989746
819.000000,1500.000000,0.938965,1.000000,0.999512,0.974609,0.649902,0.984375
820.000000,1500.000000,0.945801,1.000000,0.988770,0.973633,0.670410,0.987793
821.000000,1500.000000,0.942383,1.000000,0.995117,0.976074,0.661621,0.992188
822.000000,1500.000000,0.943359,1.000000,0.992676,0.974121,0.664062,0.983398
823.000000,1500.000000,0.942871,1.000000,1.000000,0.973633,0.662598,0.991699
824.000000,1500.000000,0.944336,1.000000,0.996582,0.976074,0.665527,0.988281
825.000000,1500.000000,0.942871,1.000000,0.998535,0.975586,0.662598,0.990234
826.000000,1500.000000,0.942383,1.000000,0.988770,0.974609,0.658691,0.992188
827.000000,1500.000000,0.944336,1.000000,0.999023,0.974121,0.666016,0.992188
828.000000,1500.000000,0.942383,1.000000,0.999023,0.975586,0.662109,0.983398
829.000000,1500.000000,0.943848,1.000000,1.000000,0.975586,0.664551,0.991699
830.000000,1500.000000,0.940918,1.000000,1.000000,0.973633,0.654785,0.981934
831.000000,1500.000000,0.940918,1.000000,0.982910,0.975586,0.655273,0.983887
832.000000,1500.000000,0.943848,1.000000,0.987305,0.975098,0.665039,0.992676
833.000000,1500.000000,0.946289,1.000000,1.000000,0.975586,0.672852,0.985352
834.000000,1500.000000,0.943848,1.000000,0.999512,0.975098,0.665527,0.991699
835.000000,1500.000000,0.940918,1.000000,1.000000,0.976074,0.656250,0.971680
836.000000,1500.000000,0.942383,1.000000,0.989746,0.975586,0.658691,0.987793
837.000000,1500.000000,0.942383,1.000000,1.000000,0.975098,0.657227,0.989746
838.000000,1500.000000,0.942383,1.000000,0.999512,0.975586,0.658691,0.989258
839.000000,1500.000000,0.940918,1.000000,0.999023,0.976074,0.655273,0.981445
840.000000,1500.000000,0.942383,1.000000,1.000000,0.974609,0.659668,0.991699
841.000000,1500.000000,0.940918,1.000000,0.999512,0.973633,0.656738,0.988770
842.000000,1500.000000,0.941406,1.000000,0.998535,0.975586,0.657715,0.982422
843.000000,1500.000000,0.941895,1.000000,0.998047,0.975586,0.657227,0.988770
844.000000,1500.000000,0.941406,1.000000,1.000000,0.974609,0.654785,0.990723
845.000000,1500.000000,0.939941,1.000000,0.998047,0.975586,0.651367,0.985352
846.000000,1500.000000,0.941406,1.000000,0.999512,0.976074,0.656250,0.984375
847.000000,1500.000000,0.943359,1.000000,1.000000,0.973145,0.661133,0.990234
848.000000,1500.000000,0.941895,1.000000,1.000000,0.975586,0.660156,0.982910
849.000000,1500.000000,0.947266,0.000000,0.991211,0.975098,0.674805,0.991699
850.000000,1500.000000,0.941895,1.000000,0.999023,0.977051,0.658203,0.986328
851.000000,1500.000000,0.943848,1.000000,1.000000,0.975586,0.665527,0.988770
852.000000,1500.000000,0.943848,1.000000,1.000000,0.975586,0.663574,0.989746
853.000000,1500.000000,0.946777,1.000000,1.000000,0.974609,0.674316,0.988770
854.000000,1500.000000,0.945312,1.000000,0.989746,0.974121,0.666992,0.993652
855.000000,1500.000000,0.940918,1.000000,0.992676,0.974609,0.652832,0.988770
856.000000,1500.000000,0.941895,1.000000,0.999512,0.977051,0.657227,0.991699
857.000000,1500.000000,0.942871,1.000000,0.999512,0.976074,0.661621,0.987793
858.000000,1500.000000,0.943359,1.000000,0.995605,0.977051,0.662109,0.992676
859.000000,1500.000000,0.942383,1.000000,0.994629,0.975098,0.661133,0.984375
860.000000,1500.000000,0.942871,1.000000,0.999023,0.974609,0.662598,0.987793
861.000000,1500.000000,0.938477,1.000000,0.996094,0.975586,0.648438,0.983887
862.000000,1500.000000,0.943848,1.000000,1.000000,0.976562,0.665039,0.984863
863.000000,1500.000000,0.946777,1.000000,0.999512,0.974609,0.673828,0.992188
864.000000,1500.000000,0.943848,1.000000,0.996582,0.974609,0.666992,0.983398
865.000000,1500.000000,0.936523,1.000000,0.998535,0.975586,0.643066,0.990234
866.000000,1500.000000,0.947754,1.000000,0.996582,0.975098,0.679199,0.989258
867.000000,1500.000000,0.945312,0.000000,1.000000,0.972656,0.670898,0.991211
868.000000,1500.000000,0.940430,1.000000,1.000000,0.974121,0.651855,0.992188
869.000000,1500.000000,0.943359,0.000000,0.999512,0.977051,0.663086,0.992676
870.000000,1500.000000,0.944336,1.000000,0.993652,0.976074,0.666992,0.986328
871.000000,1500.000000,0.943848,1.000000,1.000000,0.974121,0.663086,0.983398
872.000000,1500.000000,0.942871,1.000000,1.000000,0.976074,0.662109,0.990723
873.000000,1500.000000,0.942871,1.000000,0.999023,0.976562,0.662109,0.990723
874.000000,1500.000000,0.944336,1.000000,1.000000,0.975098,0.666504,0.991211
875.000000,1500.000000,0.943848,1.000000,0.999023,0.976074,0.665039,0.990723
876.000000,1500.000000,0.945312,1.000000,1.000000,0.973633,0.669922,0.983398
877.000000,1500.000000,0.941406,1.000000,0.999023,0.976562,0.656250,0.991699
878.000000,1500.000000,0.946777,1.000000,0.996582,0.973633,0.673828,0.991211
879.000000,1500.000000,0.941895,1.000000,1.000000,0.975586,0.657715,0.992676
880.000000,1500.000000,0.940430,1.000000,0.997559,0.975586,0.653320,0.992188
881.000000,1500.000000,0.938965,1.000000,1.000000,0.975098,0.649902,0.990723
882.000000,1500.000000,0.943359,1.000000,1.000000,0.976074,0.665527,0.991699
883.000000,1500.000000,0.945312,1.000000,0.999023,0.976562,0.669922,0.991211
884.000000,1500.000000,0.941406,1.000000,1.000000,0.973633,0.654785,0.992188
885.000000,1500.000000,0.941895,1.000000,0.998047,0.975098,0.658203,0.990234
886.000000,1500.000000,0.938477,1.000000,0.999512,0.975586,0.646973,0.984375
887.000000,1500.000000,0.938965,1.000000,1.000000,0.976074,0.647461,0.992188
888.000000,1500.000000,0.947266,1.000000,0.986328,0.974609,0.674316,0.993164
889.000000,1500.000000,0.944336,1.000000,1.000000,0.974609,0.664551,0.989258
890.000000,1500.000000,0.941895,1.000000,0.999512,0.975586,0.658691,0.984863
891.000000,1500.000000,0.944336,0.000000,0.999023,0.974121,0.665039,0.992188
892.000000,1500.000000,0.937988,1.000000,1.000000,0.974121,0.645508,0.987793
893.000000,1500.000000,0.945312,1.000000,0.993652,0.973633,0.668457,0.991699
894.000000,1500.000000,0.941895,1.000000,0.998047,0.975586,0.657715,0.984863
895.000000,1500.000000,0.944824,1.000000,0.996582,0.974121,0.667480,0.991699
896.000000,1500.000000,0.940918,1.000000,0.999512,0.973633,0.654785,0.989746
897.000000,1500.000000,0.940430,1.000000,0.992676,0.975098,0.656250,0.991211
898.000000,1500.000000,0.942383,1.000000,0.998047,0.974609,0.658691,0.992188
899.000000,1500.000000,0.940918,1.000000,0.991211,0.976074,0.654297,0.991211
900.000000,1500.000000,0.938477,1.000000,0.997070,0.974609,0.648438,0.991699
901.000000,1500.000000,0.943359,1.000000,0.998535,0.975586,0.662598,0.986816
902.000000,1500.000000,0.943359,1.000000,0.999512,0.974609,0.661621,0.989746
903.000000,1500.000000,0.945312,1.000000,1.000000,0.975098,0.669922,0.989746
904.000000,1500.000000,0.940918,1.000000,1.000000,0.974609,0.655273,0.987305
905.000000,1500.000000,0.940918,1.000000,1.000000,0.976074,0.655273,0.991211
906.000000,1500.000000,0.944336,1.000000,1.000000,0.975586,0.666504,0.993164
907.000000,1500.000000,0.942383,1.000000,0.999512,0.975586,0.660156,0.993164
908.000000,1500.000000,0.941895,1.000000,0.998535,0.975586,0.657715,0.991211
909.000000,1500.000000,0.946289,1.000000,1.000000,0.977051,0.673828,0.988281
910.000000,1500.000000,0.942871,1.000000,0.996094,0.974121,0.662598,0.981934
911.000000,1500.000000,0.944336,1.000000,0.996582,0.976074,0.665039,0.987793
912.000000,1500.000000,0.944824,1.000000,0.999512,0.975098,0.666992,0.989746
913.000000,1500.000000,0.943359,1.000000,1.000000,0.975586,0.661621,0.984375
914.000000,1500.000000,0.940430,1.000000,0.996582,0.976562,0.655762,0.989746
915.000000,1500.000000,0.942871,1.000000,0.997559,0.976562,0.662598,0.986816
916.000000,1500.000000,0.942871,1.000000,1.000000,0.972168,0.662109,0.992188
917.000000,1500.000000,0.944336,1.000000,0.998535,0.973633,0.666504,0.984863
918.000000,1500.000000,0.944336,1.000000,0.996582,0.975586,0.667969,0.989746
919.000000,1500.000000,0.939941,1.000000,1.000000,0.977051,0.649902,0.987305
920.000000,1500.000000,0.942871,1.000000,0.986328,0.977051,0.664551,0.985352
921.000000,1500.000000,0.943848,1.000000,0.999512,0.976074,0.664062,0.991699
922.000000,1500.000000,0.944336,1.000000,1.000000,0.976562,0.667969,0.991699
923.000000,1500.000000,0.940430,1.000000,0.998535,0.975586,0.653809,0.990723
924.000000,1500.000000,0.945801,1.000000,1.000000,0.975586,0.668457,0.992188
925.000000,1500.000000,0.940430,1.000000,1.000000,0.976562,0.654297,0.982422
926.000000,1500.000000,0.939453,1.000000,1.000000,0.973633,0.646973,0.990723
927.000000,1500.000000,0.940918,1.000000,1.000000,0.974609,0.654785,0.991699
928.000000,1500.000000,0.945801,1.000000,1.000000,0.974121,0.669922,0.991211
929.000000,1500.000000,0.944336,1.000000,0.999023,0.974609,0.667969,0.994141
930.000000,1500.000000,0.943848,1.000000,0.998535,0.975098,0.663574,0.989258
931.000000,1500.000000,0.943848,1.000000,0.988281,0.973145,0.664062,0.992188
932.000000,1500.000000,0.940918,1.000000,0.999512,0.974609,0.653809,0.987305
933.000000,1500.000000,0.942871,1.000000,0.999023,0.974121,0.664062,0.981934
934.000000,1500.000000,0.940918,1.000000,0.998535,0.974121,0.654297,0.991699
935.000000,1500.000000,0.941895,1.000000,0.997559,0.976074,0.659180,0.981445
936.000000,1500.000000,0.939941,1.000000,1.000000,0.974121,0.652832,0.981445
937.000000,1500.000000,0.940918,1.000000,1.000000,0.976562,0.658203,0.988281
938.000000,1500.000000,0.942383,1.000000,0.996582,0.975098,0.660645,0.984863
939.000000,1500.000000,0.940918,1.000000,0.997070,0.976074,0.656250,0.965332
940.000000,1500.000000,0.937012,1.000000,1.000000,0.973633,0.644043,0.988281
941.000000,1500.000000,0.943848,1.000000,0.999023,0.975586,0.666016,0.991699
942.000000,1500.000000,0.937500,1.000000,0.995605,0.975586,0.643066,0.989746
943.000000,1500.000000,0.944336,1.000000,0.999512,0.977051,0.665039,0.990234
944.000000,1500.000000,0.941406,1.000000,1.000000,0.975586,0.658203,0.989746
945.000000,1500.000000,0.940918,1.000000,0.999023,0.973633,0.654785,0.992676
946.000000,1500.000000,0.942871,1.000000,0.996582,0.973633,0.662109,0.991699
947.000000,1500.000000,0.941895,1.000000,0.998535,0.976074,0.657715,0.991699
948.000000,1500.000000,0.943848,1.000000,0.998047,0.973145,0.665527,0.991699
949.000000,1500.000000,0.942383,1.000000,0.998047,0.976074,0.659180,0.993164
950.000000,1500.000000,0.942383,1.000000,0.999512,0.975586,0.660156,0.990234
951.000000,1500.000000,0.942871,1.000000,0.994141,0.976074,0.661621,0.991211
952.000000,1500.000000,0.941895,1.000000,1.000000,0.976562,0.659180,0.985840
953.000000,1500.000000,0.939941,1.000000,1.000000,0.975098,0.653320,0.987305
954.000000,1500.000000,0.944336,1.000000,1.000000,0.975098,0.666992,0.988281
955.000000,1500.000000,0.942871,1.000000,0.996582,0.975586,0.660645,0.990234
956.000000,1500.000000,0.942383,1.000000,0.999512,0.975098,0.663086,0.989258
957.000000,1500.000000,0.942383,1.000000,0.999512,0.977539,0.661133,0.990723
958.000000,1500.000000,0.942383,1.000000,1.000000,0.977539,0.661133,0.992188
959.000000,1500.000000,0.944336,1.000000,1.000000,0.974121,0.667969,0.988770
960.000000,1500.000000,0.941406,1.000000,0.998535,0.976562,0.656738,0.989258
961.000000,1500.000000,0.944824,1.000000,1.000000,0.976074,0.668945,0.993164
962.000000,1500.000000,0.942383,1.000000,0.998535,0.974121,0.661133,0.990234
963.000000,1500.000000,0.943359,1.000000,1.000000,0.974609,0.663086,0.987793
964.000000,1500.000000,0.942383,1.000000,0.999023,0.974609,0.658691,0.991699
965.000000,1500.000000,0.942383,1.000000,1.000000,0.974121,0.656738,0.991699
966.000000,1500.000000,0.941406,1.000000,0.996094,0.975586,0.655762,0.982910
967.000000,1500.000000,0.942871,1.000000,1.000000,0.974609,0.663086,0.988281
968.000000,1500.000000,0.939941,1.000000,0.996582,0.974121,0.651855,0.975098
969.000000,1500.000000,0.944824,1.000000,0.997070,0.975098,0.666504,0.984863
970.000000,1500.000000,0.941895,1.000000,0.998535,0.977539,0.657715,0.984375
971.000000,1500.000000,0.940430,1.000000,0.999512,0.974609,0.651855,0.981934
972.000000,1500.000000,0.944824,1.000000,1.000000,0.975098,0.666504,0.992188
973.000000,1500.000000,0.940918,1.000000,0.997070,0.975586,0.654785,0.990234
974.000000,1500.000000,0.941895,1.000000,1.000000,0.975586,0.657715,0.989258
975.000000,1500.000000,0.941406,1.000000,0.991699,0.975586,0.657715,0.992188
976.000000,1500.000000,0.941895,1.000000,0.997070,0.975586,0.658691,0.992676
977.000000,1500.000000,0.947266,1.000000,0.999023,0.973145,0.674316,0.991699
978.000000,1500.000000,0.941895,1.000000,0.999023,0.975098,0.658691,0.986816
979.000000,1500.000000,0.946777,1.000000,0.999512,0.975586,0.676270,0.983887
980.000000,1500.000000,0.943848,1.000000,0.999512,0.973633,0.662109,0.988770
981.000000,1500.000000,0.943359,1.000000,0.999512,0.975586,0.663574,0.988770
982.000000,1500.000000,0.939453,1.000000,0.998535,0.973633,0.650391,0.989258
983.000000,1500.000000,0.945801,1.000000,1.000000,0.977051,0.671387,0.990234
984.000000,1500.000000,0.943848,1.000000,0.991211,0.975586,0.663086,0.988281
985.000000,1500.000000,0.942871,1.000000,0.999023,0.975586,0.660156,0.988770
986.000000,1500.000000,0.944824,1.000000,0.999512,0.973145,0.666504,0.985352
987.000000,1500.000000,0.943359,1.000000,0.999512,0.975586,0.663086,0.989258
988.000000,1500.000000,0.941895,1.000000,0.999512,0.975098,0.657227,0.988770
989.000000,1500.000000,0.941895,1.000000,1.000000,0.976074,0.657715,0.990723
990.000000,1500.000000,0.945312,1.000000,0.999512,0.976074,0.666992,0.991699
991.000000,1500.000000,0.943359,1.000000,0.999023,0.975098,0.662109,0.989258
992.000000,1500.000000,0.944336,1.000000,1.000000,0.976074,0.664551,0.989258
993.000000,1500.000000,0.942871,1.000000,0.996094,0.975586,0.658203,0.989258
994.000000,1500.000000,0.940918,1.000000,0.989746,0.975098,0.655762,0.982422
995.000000,1500.000000,0.940918,0.000000,1.000000,0.975098,0.653320,0.986816
996.000000,1500.000000,0.943359,1.000000,0.999023,0.976562,0.661133,0.990234
997.000000,1500.000000,0.947266,1.000000,0.999023,0.975098,0.674316,0.986816
998.000000,1500.000000,0.937500,1.000000,0.999512,0.975586,0.644043,0.989746
999.000000,1500.000000,0.942383,1.000000,1.000000,0.974609,0.659668,0.992676
1000.000000,1500.000000,0.941895,1.000000,0.999023,0.976074,0.659668,0.990723
