# seed,length,entropy,runs,pi,acf,uni,rep
1.000000,300.000000,0.794922,1.000000,0.976562,0.960938,0.252930,0.990723
2.000000,300.000000,0.791992,1.000000,0.997070,0.961426,0.250000,0.990723
3.000000,300.000000,0.792969,1.000000,0.981934,0.958984,0.250977,0.991699
4.000000,300.000000,0.794434,1.000000,1.000000,0.953613,0.252930,0.995605
5.000000,300.000000,0.797852,1.000000,0.996582,0.957520,0.256836,0.992188
6.000000,300.000000,0.794922,1.000000,1.000000,0.959961,0.254883,0.989746
7.000000,300.000000,0.796387,1.000000,0.948730,0.960449,0.256836,0.992188
8.000000,300.000000,0.787598,1.000000,1.000000,0.961426,0.244141,0.988770
9.000000,300.000000,0.794434,1.000000,0.976562,0.958496,0.253906,0.994629
10.000000,300.000000,0.792969,1.000000,0.988281,0.957520,0.250000,0.988281
11.000000,300.000000,0.796387,1.000000,0.997070,0.961426,0.254883,0.995117
12.000000,300.000000,0.792969,1.000000,0.966309,0.956543,0.251953,0.991211
13.000000,300.000000,0.796875,1.000000,0.988281,0.961914,0.255859,0.990723
14.000000,300.000000,0.799805,1.000000,0.986328,0.956543,0.259766,0.992676
15.000000,300.000000,0.798340,1.000000,0.996582,0.958008,0.257812,0.995117
16.000000,300.000000,0.794434,1.000000,0.983887,0.961914,0.252930,0.994141
17.000000,300.000000,0.796387,1.000000,1.000000,0.957520,0.253906,0.994141
18.000000,300.000000,0.793945,1.000000,0.986328,0.957031,0.252930,0.993652
19.000000,300.000000,0.798340,1.000000,0.999023,0.962402,0.258789,0.993652
20.000000,300.000000,0.795898,1.000000,0.986328,0.949219,0.254883,0.994629
21.000000,300.000000,0.792969,1.000000,0.976562,0.962891,0.250977,0.992676
22.000000,300.000000,0.795898,1.000000,1.000000,0.960938,0.254883,0.995117
23.000000,300.000000,0.798340,1.000000,0.999512,0.959961,0.257812,0.992676
24.000000,300.000000,0.792969,1.000000,0.991699,0.957031,0.250977,0.989746
25.000000,300.000000,0.795898,1.000000,0.997070,0.953125,0.255859,0.987793
26.000000,300.000000,0.790039,1.000000,0.994629,0.958008,0.246094,0.988281
27.000000,300.000000,0.795410,1.000000,0.976562,0.955078,0.253906,0.994629
28.000000,300.000000,0.800293,1.000000,0.998535,0.956543,0.260742,0.994629
29.000000,300.000000,0.794922,1.000000,0.999512,0.960449,0.253906,0.987305
30.000000,300.000000,0.793457,1.000000,0.994629,0.960938,0.252930,0.993652
31.000000,300.000000,0.788574,1.000000,0.997070,0.957520,0.246094,0.993164
32.000000,300.000000,0.796875,1.000000,0.994629,0.952637,0.255859,0.993652
33.000000,300.000000,0.800781,1.000000,0.999512,0.958008,0.260742,0.990723
34.000000,300.000000,0.797852,1.000000,0.999023,0.957520,0.257812,0.986328
35.000000,300.000000,0.794434,1.000000,0.997070,0.960449,0.251953,0.995117
36.000000,300.000000,0.788574,1.000000,0.999023,0.954590,0.246094,0.993652
37.000000,300.000000,0.798340,1.000000,0.990234,0.963867,0.257812,0.994629
38.000000,300.000000,0.795410,1.000000,0.998535,0.961914,0.253906,0.989258
39.000000,300.000000,0.801758,1.000000,0.994629,0.959473,0.262695,0.995605
40.000000,300.000000,0.797363,1.000000,0.996582,0.957520,0.256836,0.987305
41.000000,300.000000,0.784180,0.000000,0.994629,0.956055,0.239258,0.990234
42.000000,300.000000,0.800293,1.000000,0.990234,0.948242,0.260742,0.987793
43.000000,300.000000,0.793945,1.000000,1.000000,0.960449,0.251953,0.991211
44.000000,300.000000,0.796875,0.000000,0.998535,0.958496,0.255859,0.990723
45.000000,300.000000,0.798340,1.000000,1.000000,0.954590,0.258789,0.994629
46.000000,300.000000,0.793945,1.000000,0.999023,0.954102,0.251953,0.993652
47.000000,300.000000,0.793457,1.000000,0.997070,0.960449,0.250977,0.993652
48.000000,300.000000,0.800781,0.000000,1.000000,0.953613,0.261719,0.992188
49.000000,300.000000,0.789551,1.000000,0.999512,0.959473,0.247070,0.992676
50.000000,300.000000,0.792480,0.000000,0.997070,0.957031,0.250000,0.994629
51.000000,300.000000,0.795410,1.000000,0.986328,0.956543,0.253906,0.987305
52.000000,300.000000,0.797363,1.000000,0.990234,0.957031,0.256836,0.994141
53.000000,300.000000,0.798340,1.000000,1.000000,0.958008,0.257812,0.993652
54.000000,300.000000,0.801758,1.000000,1.000000,0.955566,0.262695,0.994629
55.000000,300.000000,0.789062,1.000000,1.000000,0.955566,0.245117,0.991211
56.000000,300.000000,0.790527,1.000000,0.978516,0.956055,0.247070,0.994141
57.000000,300.000000,0.794434,1.000000,0.997070,0.958496,0.252930,0.994141
58.000000,300.000000,0.791992,1.000000,0.988281,0.956055,0.250000,0.992188
59.000000,300.000000,0.797363,1.000000,1.000000,0.959473,0.256836,0.992676
60.000000,300.000000,0.795898,1.000000,1.000000,0.956055,0.253906,0.994629
61.000000,300.000000,0.797363,1.000000,0.993652,0.957520,0.256836,0.993164
62.000000,300.000000,0.791992,1.000000,0.999023,0.956543,0.248047,0.990723
63.000000,300.000000,0.794922,1.000000,0.998535,0.958496,0.252930,0.994629
64.000000,300.000000,0.796387,1.000000,0.990234,0.956055,0.255859,0.995117
65.000000,300.000000,0.791992,1.000000,0.976562,0.955566,0.250000,0.982422
66.000000,300.000000,0.797852,1.000000,0.999512,0.959961,0.256836,0.986816
67.000000,300.000000,0.798340,1.000000,0.994629,0.956543,0.256836,0.987793
68.000000,300.000000,0.798828,1.000000,0.966309,0.955566,0.258789,0.988770
69.000000,300.000000,0.798828,1.000000,1.000000,0.961914,0.258789,0.980957
70.000000,300.000000,0.790039,1.000000,0.997070,0.958008,0.246094,0.994629
71.000000,300.000000,0.792969,1.000000,0.991699,0.958008,0.250977,0.990723
72.000000,300.000000,0.793457,1.000000,0.990234,0.958008,0.251953,0.997070
73.000000,300.000000,0.796875,1.000000,0.994629,0.957031,0.256836,0.990723
74.000000,300.000000,0.795410,1.000000,0.983887,0.960449,0.253906,0.991211
75.000000,300.000000,0.798828,1.000000,0.999512,0.955078,0.258789,0.991699
76.000000,300.000000,0.799805,1.000000,1.000000,0.962891,0.259766,0.994629
77.000000,300.000000,0.799316,1.000000,1.000000,0.958496,0.258789,0.993164
78.000000,300.000000,0.797363,1.000000,0.998535,0.958008,0.256836,0.991211
79.000000,300.000000,0.798828,1.000000,0.986328,0.956543,0.258789,0.990723
80.000000,300.000000,0.787598,1.000000,1.000000,0.959473,0.244141,0.995117
81.000000,300.000000,0.800781,1.000000,0.998535,0.955078,0.261719,0.994629
82.000000,300.000000,0.794922,1.000000,0.993652,0.961914,0.253906,0.987793
83.000000,300.000000,0.797852,1.000000,0.956543,0.954102,0.256836,0.994141
84.000000,300.000000,0.793457,1.000000,0.981934,0.958008,0.251953,0.993652
85.000000,300.000000,0.799316,1.000000,0.978516,0.957520,0.258789,0.987793
86.000000,300.000000,0.795410,0.000000,0.956543,0.958984,0.253906,0.995117
87.000000,300.000000,0.800781,1.000000,0.994629,0.957520,0.260742,0.994141
88.000000,300.000000,0.799316,1.000000,1.000000,0.959961,0.258789,0.994629
89.000000,300.000000,0.791504,1.000000,0.994629,0.958008,0.248047,0.989746
90.000000,300.000000,0.796875,1.000000,1.000000,0.958496,0.255859,0.994141
91.000000,300.000000,0.791992,0.000000,0.999512,0.955566,0.250977,0.986328
92.000000,300.000000,0.795410,1.000000,0.978516,0.956055,0.254883,0.990723
93.000000,300.000000,0.792480,1.000000,0.993652,0.960449,0.250000,0.992188
94.000000,300.000000,0.791992,1.000000,1.000000,0.956055,0.250000,0.995117
95.000000,300.000000,0.794922,1.000000,0.990234,0.956543,0.253906,0.994629
96.000000,300.000000,0.794922,1.000000,0.999023,0.959473,0.253906,0.992188
97.000000,300.000000,0.797852,1.000000,0.988281,0.960449,0.257812,0.991699
98.000000,300.000000,0.788086,1.000000,0.998535,0.958008,0.245117,0.990234
99.000000,300.000000,0.800293,1.000000,0.999512,0.961914,0.260742,0.995117
100.000000,300.000000,0.792969,1.000000,0.999512,0.957520,0.250000,0.993652
101.000000,300.000000,0.792480,1.000000,0.997070,0.959473,0.251953,0.989746
102.000000,300.000000,0.794922,1.000000,0.972656,0.959961,0.253906,0.994629
103.000000,300.000000,0.801270,1.000000,1.000000,0.952148,0.262695,0.990234
104.000000,300.000000,0.797363,1.000000,0.999512,0.960449,0.256836,0.989258
105.000000,300.000000,0.796387,1.000000,0.996582,0.957031,0.255859,0.989746
106.000000,300.000000,0.791016,1.000000,0.998535,0.951660,0.247070,0.990234
107.000000,300.000000,0.800781,1.000000,0.998535,0.954102,0.260742,0.985352
108.000000,300.000000,0.793945,1.000000,0.986328,0.958008,0.250977,0.995605
109.000000,300.000000,0.792969,1.000000,0.981934,0.955078,0.250977,0.986816
110.000000,300.000000,0.795410,1.000000,1.000000,0.959961,0.253906,0.986816
111.000000,300.000000,0.796875,1.000000,0.988281,0.959473,0.256836,0.993164
112.000000,300.000000,0.794922,1.000000,0.986328,0.958984,0.252930,0.995117
113.000000,300.000000,0.794434,0.000000,1.000000,0.953613,0.251953,0.991211
114.000000,300.000000,0.792969,1.000000,0.978516,0.958008,0.250977,0.990723
115.000000,300.000000,0.796875,1.000000,0.999023,0.958008,0.255859,0.984863
116.000000,300.000000,0.796875,1.000000,1.000000,0.961426,0.256836,0.988770
117.000000,300.000000,0.793457,1.000000,0.994629,0.955566,0.251953,0.984375
118.000000,300.000000,0.793945,1.000000,0.988281,0.957031,0.250977,0.987793
119.000000,300.000000,0.788086,1.000000,1.000000,0.956055,0.244141,0.988281
120.000000,300.000000,0.795410,1.000000,0.986328,0.958984,0.252930,0.986816
121.000000,300.000000,0.789062,1.000000,0.988281,0.959473,0.246094,0.995117
122.000000,300.000000,0.800293,1.000000,0.997070,0.955566,0.260742,0.988770
123.000000,300.000000,0.798340,1.000000,0.988281,0.962402,0.257812,0.992676
124.000000,300.000000,0.793945,1.000000,0.997070,0.958008,0.251953,0.991211
125.000000,300.000000,0.796387,1.000000,1.000000,0.953613,0.255859,0.992188
126.000000,300.000000,0.796875,1.000000,0.976562,0.955078,0.255859,0.995605
127.000000,300.000000,0.794434,1.000000,0.976562,0.958984,0.253906,0.986328
128.000000,300.000000,0.792480,1.000000,0.943359,0.960449,0.250977,0.988770
129.000000,300.000000,0.792969,1.000000,0.998535,0.959961,0.250977,0.987305
130.000000,300.000000,0.795898,1.000000,0.998535,0.961914,0.254883,0.995605
131.000000,300.000000,0.794434,1.000000,0.996582,0.957520,0.252930,0.994141
132.000000,300.000000,0.797363,1.000000,0.999512,0.958496,0.255859,0.984863
133.000000,300.000000,0.794922,1.000000,1.000000,0.958984,0.252930,0.993164
134.000000,300.000000,0.793945,1.000000,0.996582,0.958008,0.251953,0.993164
135.000000,300.000000,0.791016,1.000000,0.948730,0.959961,0.247070,0.986328
136.000000,300.000000,0.799316,1.000000,0.998535,0.959473,0.258789,0.994141
137.000000,300.000000,0.795410,1.000000,0.994629,0.960449,0.253906,0.987793
138.000000,300.000000,0.802734,1.000000,0.993652,0.955078,0.264648,0.995605
139.000000,300.000000,0.793457,1.000000,0.993652,0.956055,0.251953,0.995605
140.000000,300.000000,0.792969,1.000000,0.966309,0.955078,0.250977,0.987793
141.000000,300.000000,0.792480,1.000000,1.000000,0.956543,0.249023,0.989746
142.000000,300.000000,0.796387,1.000000,1.000000,0.958496,0.255859,0.994141
143.000000,300.000000,0.795898,1.000000,0.997070,0.960449,0.254883,0.992676
144.000000,300.000000,0.790527,1.000000,1.000000,0.958008,0.247070,0.987793
145.000000,300.000000,0.801270,1.000000,0.988281,0.952148,0.261719,0.995117
146.000000,300.000000,0.797852,1.000000,0.997070,0.954590,0.256836,0.986328
147.000000,300.000000,0.800293,1.000000,0.994629,0.958496,0.260742,0.992676
148.000000,300.000000,0.794922,1.000000,0.998535,0.958984,0.252930,0.992188
149.000000,300.000000,0.793945,1.000000,0.991699,0.953125,0.252930,0.993164
150.000000,300.000000,0.791992,1.000000,0.990234,0.958496,0.249023,0.994141
151.000000,300.000000,0.793945,1.000000,0.991699,0.959961,0.252930,0.992188
152.000000,300.000000,0.794434,1.000000,0.993652,0.957520,0.252930,0.995117
153.000000,300.000000,0.795898,1.000000,0.988281,0.959961,0.254883,0.991699
154.000000,300.000000,0.789062,1.000000,0.986328,0.957520,0.245117,0.992676
155.000000,300.000000,0.795898,1.000000,0.986328,0.952637,0.254883,0.995117
156.000000,300.000000,0.800781,1.000000,0.978516,0.958496,0.260742,0.988770
157.000000,300.000000,0.801758,1.000000,0.999023,0.960449,0.262695,0.994629
158.000000,300.000000,0.798828,1.000000,0.999512,0.959473,0.258789,0.995117
159.000000,300.000000,0.792480,1.000000,0.996582,0.959473,0.250000,0.991211
160.000000,300.000000,0.797363,1.000000,1.000000,0.962891,0.255859,0.994629
161.000000,300.000000,0.795898,1.000000,0.998535,0.956055,0.253906,0.994141
162.000000,300.000000,0.797363,1.000000,0.993652,0.961426,0.257812,0.995117
163.000000,300.000000,0.792480,1.000000,1.000000,0.955078,0.250000,0.986816
164.000000,300.000000,0.792480,1.000000,0.994629,0.958008,0.250977,0.986816
165.000000,300.000000,0.792480,0.000000,0.999512,0.957031,0.250000,0.994629
166.000000,300.000000,0.799805,1.000000,0.988281,0.954590,0.259766,0.993164
167.000000,300.000000,0.790039,1.000000,0.999512,0.955078,0.247070,0.992676
168.000000,300.000000,0.795898,1.000000,0.999512,0.953613,0.254883,0.987793
169.000000,300.000000,0.790039,1.000000,1.000000,0.959961,0.246094,0.994629
170.000000,300.000000,0.790527,1.000000,1.000000,0.957031,0.247070,0.990234
171.000000,300.000000,0.788086,1.000000,0.978516,0.959961,0.244141,0.989258
172.000000,300.000000,0.798828,1.000000,0.999512,0.961914,0.258789,0.994141
173.000000,300.000000,0.796875,1.000000,0.994629,0.957031,0.255859,0.990723
174.000000,300.000000,0.795898,1.000000,0.988281,0.958496,0.254883,0.994629
175.000000,300.000000,0.800293,1.000000,0.998535,0.956055,0.260742,0.990234
176.000000,300.000000,0.800293,1.000000,0.988281,0.953613,0.260742,0.991211
177.000000,300.000000,0.787598,1.000000,0.988281,0.958008,0.244141,0.990723
178.000000,300.000000,0.798828,1.000000,0.993652,0.958008,0.258789,0.994141
179.000000,300.000000,0.791016,1.000000,0.976562,0.958984,0.248047,0.993652
180.000000,300.000000,0.792969,0.000000,1.000000,0.952148,0.250000,0.992676
181.000000,300.000000,0.797363,1.000000,1.000000,0.956055,0.255859,0.994629
182.000000,300.000000,0.793457,1.000000,0.986328,0.955078,0.252930,0.992676
183.000000,300.000000,0.796875,1.000000,0.934570,0.955078,0.255859,0.993164
184.000000,300.000000,0.794434,1.000000,0.998535,0.957031,0.253906,0.992188
185.000000,300.000000,0.799805,1.000000,0.991699,0.958008,0.259766,0.989258
186.000000,300.000000,0.793945,1.000000,0.996582,0.959473,0.252930,0.987305
187.000000,300.000000,0.792480,1.000000,1.000000,0.961426,0.251953,0.984863
188.000000,300.000000,0.798828,1.000000,0.996582,0.960449,0.257812,0.987793
189.000000,300.000000,0.798340,1.000000,0.991699,0.961426,0.258789,0.994141
190.000000,300.000000,0.798340,1.000000,0.999512,0.958008,0.258789,0.992188
191.000000,300.000000,0.791016,1.000000,0.994629,0.954102,0.249023,0.991699
192.000000,300.000000,0.786621,1.000000,0.983887,0.955566,0.243164,0.994141
193.000000,300.000000,0.793457,1.000000,0.997070,0.961914,0.251953,0.988281
194.000000,300.000000,0.791992,1.000000,0.981934,0.955566,0.250000,0.988281
195.000000,300.000000,0.792969,1.000000,0.970215,0.953125,0.251953,0.992676
196.000000,300.000000,0.794434,1.000000,0.978516,0.958008,0.251953,0.993164
197.000000,300.000000,0.795410,1.000000,0.976562,0.959473,0.253906,0.995117
198.000000,300.000000,0.791992,1.000000,0.999512,0.960938,0.249023,0.993164
199.000000,300.000000,0.796387,1.000000,0.994629,0.958496,0.256836,0.993164
200.000000,300.000000,0.792480,1.000000,0.999023,0.951660,0.250000,0.994141
201.000000,300.000000,0.788086,1.000000,0.996582,0.959961,0.246094,0.989746
202.000000,300.000000,0.792969,1.000000,0.988281,0.954102,0.250977,0.995117
203.000000,300.000000,0.795898,1.000000,0.991699,0.957031,0.254883,0.994141
204.000000,300.000000,0.793457,1.000000,0.986328,0.956055,0.251953,0.995605
205.000000,300.000000,0.799805,1.000000,0.988281,0.955078,0.259766,0.993652
206.000000,300.000000,0.794922,1.000000,0.988281,0.962891,0.253906,0.988281
207.000000,300.000000,0.793945,1.000000,0.996582,0.958008,0.251953,0.988770
208.000000,300.000000,0.794922,1.000000,0.998535,0.957520,0.254883,0.989258
209.000000,300.000000,0.796387,1.000000,0.991699,0.960449,0.254883,0.990234
210.000000,300.000000,0.792480,1.000000,0.999023,0.959961,0.250000,0.993164
211.000000,300.000000,0.798828,1.000000,0.939941,0.957031,0.258789,0.994141
212.000000,300.000000,0.793457,1.000000,0.997070,0.961426,0.250000,0.984863
213.000000,300.000000,0.796875,1.000000,0.988281,0.955078,0.255859,0.992676
214.000000,300.000000,0.790039,1.000000,0.999512,0.954102,0.247070,0.991699
215.000000,300.000000,0.792480,1.000000,0.981934,0.958008,0.249023,0.995117
216.000000,300.000000,0.798340,1.000000,0.998535,0.958984,0.257812,0.986816
217.000000,300.000000,0.799805,1.000000,0.990234,0.960938,0.260742,0.990723
218.000000,300.000000,0.795898,1.000000,0.998535,0.958984,0.254883,0.988281
219.000000,300.000000,0.796387,1.000000,0.999023,0.957520,0.254883,0.994629
220.000000,300.000000,0.801758,1.000000,0.996582,0.959961,0.262695,0.989258
221.000000,300.000000,0.795410,1.000000,0.996582,0.959961,0.255859,0.994629
222.000000,300.000000,0.801758,1.000000,0.998535,0.955566,0.262695,0.994141
223.000000,300.000000,0.794922,1.000000,0.998535,0.961914,0.252930,0.994141
224.000000,300.000000,0.788086,1.000000,1.000000,0.958984,0.246094,0.987305
225.000000,300.000000,0.797363,1.000000,0.943359,0.958496,0.257812,0.992676
226.000000,300.000000,0.795898,1.000000,0.986328,0.948730,0.254883,0.992188
227.000000,300.000000,0.792969,1.000000,0.991699,0.962402,0.250977,0.987305
228.000000,300.000000,0.792969,1.000000,0.996582,0.955566,0.250000,0.992676
229.000000,300.000000,0.793945,1.000000,0.991699,0.958008,0.251953,0.995605
230.000000,300.000000,0.792480,1.000000,0.991699,0.956055,0.249023,0.993652
231.000000,300.000000,0.798340,1.000000,0.999512,0.959473,0.257812,0.992188
232.000000,300.000000,0.788086,1.000000,0.999512,0.957031,0.243164,0.983398
233.000000,300.000000,0.792969,0.000000,0.983887,0.957031,0.250977,0.986328
234.000000,300.000000,0.791504,1.000000,0.999512,0.956543,0.250000,0.990723
235.000000,300.000000,0.792969,1.000000,0.978516,0.953125,0.250000,0.988281
236.000000,300.000000,0.793457,1.000000,0.956543,0.961426,0.251953,0.994629
237.000000,300.000000,0.799316,1.000000,0.998535,0.958008,0.259766,0.989746
238.000000,300.000000,0.798340,1.000000,1.000000,0.955078,0.258789,0.991211
239.000000,300.000000,0.789551,1.000000,0.998535,0.959961,0.247070,0.992188
240.000000,300.000000,0.791504,1.000000,0.981934,0.962891,0.248047,0.993652
241.000000,300.000000,0.795410,1.000000,0.994629,0.957031,0.253906,0.987793
242.000000,300.000000,0.795898,1.000000,0.996582,0.959473,0.254883,0.994141
243.000000,300.000000,0.800781,1.000000,0.991699,0.953613,0.261719,0.985352
244.000000,300.000000,0.799316,1.000000,0.999023,0.960449,0.258789,0.992188
245.000000,300.000000,0.795898,1.000000,0.991699,0.956055,0.255859,0.994629
246.000000,300.000000,0.795410,1.000000,0.966309,0.962891,0.253906,0.993652
247.000000,300.000000,0.792969,1.000000,0.988281,0.957520,0.250977,0.994629
248.000000,300.000000,0.795410,0.000000,1.000000,0.957031,0.252930,0.992676
249.000000,300.000000,0.797852,1.000000,0.997070,0.957031,0.258789,0.985840
250.000000,300.000000,0.798340,1.000000,0.999023,0.957520,0.258789,0.986816
251.000000,300.000000,0.796387,1.000000,1.000000,0.952148,0.256836,0.987793
252.000000,300.000000,0.789551,1.000000,0.993652,0.957031,0.246094,0.992676
253.000000,300.000000,0.791992,1.000000,0.996582,0.955566,0.249023,0.993164
254.000000,300.000000,0.789062,0.000000,0.924805,0.956055,0.246094,0.991211
255.000000,300.000000,0.794434,1.000000,0.978516,0.958496,0.253906,0.994629
256.000000,300.000000,0.797852,1.000000,0.983887,0.959961,0.257812,0.985352
257.000000,300.000000,0.796387,1.000000,0.999512,0.956055,0.254883,0.985352
258.000000,300.000000,0.792969,1.000000,0.999023,0.957031,0.250000,0.984375
259.000000,300.000000,0.803223,1.000000,0.959473,0.957520,0.264648,0.994629
260.000000,300.000000,0.796875,1.000000,0.999512,0.955566,0.255859,0.984375
261.000000,300.000000,0.796875,1.000000,0.986328,0.958984,0.256836,0.988770
262.000000,300.000000,0.789551,1.000000,0.990234,0.957520,0.247070,0.990723
263.000000,300.000000,0.791992,1.000000,0.983887,0.957031,0.250000,0.993164
264.000000,300.000000,0.794434,1.000000,0.993652,0.956055,0.252930,0.992188
265.000000,300.000000,0.801270,1.000000,0.986328,0.958496,0.261719,0.987305
266.000000,300.000000,0.797852,1.000000,0.963867,0.955566,0.256836,0.995605
267.000000,300.000000,0.793457,1.000000,0.999512,0.957520,0.250977,0.993164
268.000000,300.000000,0.789062,1.000000,1.000000,0.957031,0.246094,0.994141
269.000000,300.000000,0.797852,1.000000,0.998535,0.952637,0.257812,0.987305
270.000000,300.000000,0.791992,0.000000,0.994629,0.957520,0.250000,0.979492
271.000000,300.000000,0.790039,1.000000,0.994629,0.955566,0.247070,0.991211
272.000000,300.000000,0.794434,1.000000,0.988281,0.961914,0.252930,0.994141
273.000000,300.000000,0.795410,1.000000,1.000000,0.958496,0.253906,0.990234
274.000000,300.000000,0.793945,1.000000,1.000000,0.959473,0.250977,0.988281
275.000000,300.000000,0.797852,1.000000,0.996582,0.960449,0.256836,0.994141
276.000000,300.000000,0.797363,1.000000,0.997070,0.959961,0.256836,0.991699
277.000000,300.000000,0.792969,1.000000,0.999512,0.960938,0.251953,0.993652
278.000000,300.000000,0.800293,1.000000,1.000000,0.957520,0.260742,0.992676
279.000000,300.000000,0.792480,1.000000,0.999023,0.961914,0.250000,0.990234
280.000000,300.000000,0.798340,1.000000,0.999023,0.962891,0.258789,0.987305
281.000000,300.000000,0.789062,1.000000,0.956543,0.959961,0.246094,0.989258
282.000000,300.000000,0.792969,1.000000,0.991699,0.949707,0.251953,0.985352
283.000000,300.000000,0.794922,1.000000,0.999023,0.956055,0.252930,0.994141
284.000000,300.000000,0.798828,1.000000,0.990234,0.953125,0.258789,0.991699
285.000000,300.000000,0.793457,1.000000,0.999023,0.960938,0.252930,0.995117
286.000000,300.000000,0.798340,1.000000,0.999023,0.957031,0.258789,0.989746
287.000000,300.000000,0.793945,1.000000,0.998535,0.958008,0.251953,0.991211
288.000000,300.000000,0.797363,1.000000,0.970215,0.956055,0.256836,0.988770
289.000000,300.000000,0.792480,1.000000,1.000000,0.954102,0.249023,0.986816
290.000000,300.000000,0.793945,1.000000,0.994629,0.959961,0.251953,0.991699
291.000000,300.000000,0.798828,0.000000,0.993652,0.949707,0.258789,0.993164
292.000000,300.000000,0.786621,1.000000,0.996582,0.963379,0.243164,0.986328
293.000000,300.000000,0.798828,1.000000,0.997070,0.956055,0.257812,0.987793
294.000000,300.000000,0.793457,1.000000,0.994629,0.957031,0.250977,0.993164
295.000000,300.000000,0.797363,1.000000,0.997070,0.960938,0.257812,0.993164
296.000000,300.000000,0.792480,1.000000,0.998535,0.955566,0.250000,0.994141
297.000000,300.000000,0.789551,1.000000,0.997070,0.957520,0.246094,0.994629
298.000000,300.000000,0.794434,1.000000,0.998535,0.954590,0.252930,0.990234
299.000000,300.000000,0.792969,1.000000,0.994629,0.956055,0.250977,0.994141
300.000000,300.000000,0.796387,1.000000,0.999512,0.961914,0.254883,0.992188
301.000000,300.000000,0.801758,1.000000,0.997070,0.956543,0.262695,0.989258
302.000000,300.000000,0.796875,1.000000,0.998535,0.958496,0.255859,0.993652
303.000000,300.000000,0.793945,1.000000,1.000000,0.958008,0.250977,0.994141
304.000000,300.000000,0.790039,1.000000,0.970215,0.958496,0.248047,0.993164
305.000000,300.000000,0.797852,1.000000,0.998535,0.958008,0.256836,0.992676
306.000000,300.000000,0.794922,1.000000,0.999023,0.960449,0.252930,0.993652
307.000000,300.000000,0.792480,1.000000,0.991699,0.957520,0.250977,0.990723
308.000000,300.000000,0.793945,1.000000,0.983887,0.954590,0.251953,0.994629
309.000000,300.000000,0.800781,1.000000,0.963867,0.955566,0.261719,0.995605
310.000000,300.000000,0.798340,1.000000,0.951660,0.956055,0.257812,0.988770
311.000000,300.000000,0.800293,1.000000,0.999512,0.952148,0.260742,0.994629
312.000000,300.000000,0.790527,1.000000,0.983887,0.958984,0.247070,0.994629
313.000000,300.000000,0.791016,1.000000,0.999512,0.956055,0.248047,0.990723
314.000000,300.000000,0.799805,0.000000,0.983887,0.958984,0.259766,0.986816
315.000000,300.000000,0.791992,1.000000,0.990234,0.956055,0.249023,0.995117
316.000000,300.000000,0.794434,1.000000,0.991699,0.959473,0.251953,0.988770
317.000000,300.000000,0.794434,1.000000,1.000000,0.959473,0.251953,0.992188
318.000000,300.000000,0.801270,1.000000,0.996582,0.958984,0.261719,0.989746
319.000000,300.000000,0.791504,1.000000,0.998535,0.958496,0.250000,0.989746
320.000000,300.000000,0.790039,1.000000,0.988281,0.959473,0.246094,0.994629
321.000000,300.000000,0.791992,1.000000,0.999512,0.957520,0.250000,0.986328
322.000000,300.000000,0.793945,1.000000,0.997070,0.959961,0.251953,0.989258
323.000000,300.000000,0.799316,1.000000,0.993652,0.956055,0.259766,0.990723
324.000000,300.000000,0.791016,1.000000,0.999512,0.959473,0.248047,0.993652
325.000000,300.000000,0.796387,1.000000,0.997070,0.958984,0.254883,0.991699
326.000000,300.000000,0.800781,1.000000,1.000000,0.960449,0.260742,0.993652
327.000000,300.000000,0.794434,1.000000,0.915039,0.945312,0.252930,0.992676
328.000000,300.000000,0.785645,1.000000,0.998535,0.957520,0.242188,0.984863
329.000000,300.000000,0.793457,1.000000,0.972656,0.953613,0.251953,0.993652
330.000000,300.000000,0.794434,1.000000,0.991699,0.955566,0.252930,0.994141
331.000000,300.000000,0.804199,1.000000,0.978516,0.959473,0.265625,0.994141
332.000000,300.000000,0.789062,1.000000,0.990234,0.962891,0.245117,0.993652
333.000000,300.000000,0.794434,1.000000,0.986328,0.953125,0.252930,0.990723
334.000000,300.000000,0.788574,1.000000,0.999023,0.958496,0.244141,0.988770
335.000000,300.000000,0.804199,1.000000,0.972656,0.964844,0.265625,0.992188
336.000000,300.000000,0.786133,1.000000,0.993652,0.956543,0.242188,0.987305
337.000000,300.000000,0.789062,1.000000,0.994629,0.962891,0.246094,0.986328
338.000000,300.000000,0.797363,1.000000,0.999512,0.961426,0.255859,0.994141
339.000000,300.000000,0.800781,1.000000,0.972656,0.957031,0.260742,0.986328
340.000000,300.000000,0.797852,1.000000,0.991699,0.957031,0.256836,0.993164
341.000000,300.000000,0.800293,1.000000,0.996582,0.959961,0.260742,0.994629
342.000000,300.000000,0.799805,1.000000,0.998535,0.959961,0.259766,0.990234
343.000000,300.000000,0.795898,1.000000,1.000000,0.953613,0.254883,0.994141
344.000000,300.000000,0.797363,1.000000,1.000000,0.958008,0.255859,0.986816
345.000000,300.000000,0.794434,1.000000,0.996582,0.959961,0.251953,0.985840
346.000000,300.000000,0.797852,1.000000,0.983887,0.963867,0.257812,0.994141
347.000000,300.000000,0.793457,0.000000,0.998535,0.958496,0.251953,0.975586
348.000000,300.000000,0.797852,1.000000,0.999023,0.959961,0.257812,0.992188
349.000000,300.000000,0.796387,0.000000,0.996582,0.954102,0.254883,0.991699
350.000000,300.000000,0.794922,1.000000,0.991699,0.962402,0.252930,0.985840
351.000000,300.000000,0.795898,1.000000,0.996582,0.959473,0.253906,0.985352
352.000000,300.000000,0.790527,1.000000,0.993652,0.957031,0.247070,0.989746
353.000000,300.000000,0.789062,1.000000,0.981934,0.954102,0.245117,0.992676
354.000000,300.000000,0.802734,1.000000,0.996582,0.962891,0.263672,0.996094
355.000000,300.000000,0.791504,1.000000,1.000000,0.958984,0.250000,0.989258
356.000000,300.000000,0.798340,1.000000,1.000000,0.956543,0.257812,0.987793
357.000000,300.000000,0.798828,1.000000,0.998535,0.956055,0.258789,0.989746
358.000000,300.000000,0.793945,1.000000,0.994629,0.955566,0.252930,0.995117
359.000000,300.000000,0.791992,1.000000,0.996582,0.951660,0.249023,0.985840
360.000000,300.000000,0.797852,1.000000,1.000000,0.957520,0.257812,0.991211
361.000000,300.000000,0.791992,1.000000,1.000000,0.958496,0.250000,0.989258
362.000000,300.000000,0.787598,1.000000,0.988281,0.959473,0.242188,0.994629
363.000000,300.000000,0.799316,1.000000,0.966309,0.957031,0.259766,0.989746
364.000000,300.000000,0.794434,1.000000,0.998535,0.961426,0.253906,0.993164
365.000000,300.000000,0.801758,1.000000,0.988281,0.958496,0.262695,0.993652
366.000000,300.000000,0.791992,1.000000,1.000000,0.961914,0.249023,0.988770
367.000000,300.000000,0.800781,1.000000,0.999023,0.958496,0.261719,0.994141
368.000000,300.000000,0.796387,1.000000,1.000000,0.958984,0.255859,0.993652
369.000000,300.000000,0.801270,1.000000,1.000000,0.958984,0.262695,0.994141
370.000000,300.000000,0.788574,1.000000,0.990234,0.958496,0.245117,0.994141
371.000000,300.000000,0.804688,1.000000,1.000000,0.956543,0.266602,0.994141
372.000000,300.000000,0.791504,0.000000,1.000000,0.958984,0.248047,0.988770
373.000000,300.000000,0.800781,1.000000,0.996582,0.963867,0.260742,0.995117
374.000000,300.000000,0.801270,1.000000,0.999023,0.953613,0.261719,0.994629
375.000000,300.000000,0.801270,1.000000,0.996582,0.958008,0.261719,0.995605
376.000000,300.000000,0.795898,1.000000,0.970215,0.956543,0.255859,0.989258
377.000000,300.000000,0.791992,1.000000,0.999023,0.957520,0.249023,0.992676
378.000000,300.000000,0.795898,1.000000,0.990234,0.956055,0.254883,0.995605
379.000000,300.000000,0.799805,1.000000,0.999023,0.958496,0.259766,0.987793
380.000000,300.000000,0.795898,1.000000,0.991699,0.956543,0.254883,0.987793
381.000000,300.000000,0.796387,1.000000,0.994629,0.957520,0.254883,0.994141
382.000000,300.000000,0.798828,1.000000,0.990234,0.956543,0.259766,0.995117
383.000000,300.000000,0.789062,0.000000,0.994629,0.957520,0.246094,0.994141
384.000000,300.000000,0.797852,1.000000,0.999512,0.958496,0.256836,0.992188
385.000000,300.000000,0.793945,1.000000,0.996582,0.953613,0.251953,0.989258
386.000000,300.000000,0.796875,1.000000,1.000000,0.957520,0.255859,0.991211
387.000000,300.000000,0.797852,1.000000,0.988281,0.956543,0.256836,0.986816
388.000000,300.000000,0.792480,1.000000,0.993652,0.950195,0.250000,0.993164
389.000000,300.000000,0.800293,1.000000,0.998535,0.959961,0.260742,0.994629
390.000000,300.000000,0.792480,1.000000,0.991699,0.958984,0.250000,0.994629
391.000000,300.000000,0.799805,1.000000,0.990234,0.957520,0.261719,0.995605
392.000000,300.000000,0.800781,1.000000,0.983887,0.960938,0.260742,0.994141
393.000000,300.000000,0.799316,1.000000,0.999023,0.955078,0.258789,0.993652
394.000000,300.000000,0.790527,1.000000,0.996582,0.954590,0.248047,0.992676
395.000000,300.000000,0.801270,0.000000,0.999023,0.953125,0.262695,0.994141
396.000000,300.000000,0.792969,1.000000,0.991699,0.961426,0.250000,0.991211
397.000000,300.000000,0.792480,1.000000,1.000000,0.957031,0.250000,0.991699
398.000000,300.000000,0.789062,1.000000,0.996582,0.955566,0.245117,0.994629
399.000000,300.000000,0.797852,1.000000,0.999023,0.957520,0.257812,0.988281
400.000000,300.000000,0.784180,1.000000,0.999023,0.959961,0.239258,0.994141
401.000000,300.000000,0.799316,1.000000,0.943359,0.959961,0.259766,0.986816
402.000000,300.000000,0.800293,1.000000,0.990234,0.954102,0.260742,0.988770
403.000000,300.000000,0.795410,1.000000,0.991699,0.959961,0.253906,0.989746
404.000000,300.000000,0.796387,1.000000,1.000000,0.954102,0.254883,0.988770
405.000000,300.000000,0.796875,1.000000,1.000000,0.958008,0.255859,0.988770
406.000000,300.000000,0.791992,1.000000,0.999023,0.959473,0.250000,0.986816
407.000000,300.000000,0.793945,1.000000,1.000000,0.959473,0.251953,0.992676
408.000000,300.000000,0.800781,1.000000,0.999512,0.958008,0.260742,0.993164
409.000000,300.000000,0.801758,1.000000,1.000000,0.956055,0.262695,0.994629
410.000000,300.000000,0.799805,1.000000,1.000000,0.958496,0.260742,0.990723
411.000000,300.000000,0.794434,1.000000,1.000000,0.959473,0.252930,0.996094
412.000000,300.000000,0.798828,1.000000,0.978516,0.959473,0.258789,0.994629
413.000000,300.000000,0.796875,1.000000,0.996582,0.958496,0.255859,0.993652
414.000000,300.000000,0.793457,1.000000,0.999023,0.957031,0.250977,0.987793
415.000000,300.000000,0.795898,1.000000,0.998535,0.959961,0.254883,0.988281
416.000000,300.000000,0.789551,1.000000,0.983887,0.957520,0.248047,0.990723
417.000000,300.000000,0.791016,1.000000,0.963867,0.961426,0.248047,0.994629
418.000000,300.000000,0.795898,1.000000,0.999512,0.958984,0.254883,0.996094
419.000000,300.000000,0.794434,1.000000,0.993652,0.954590,0.252930,0.989746
420.000000,300.000000,0.794922,1.000000,0.986328,0.959961,0.253906,0.994629
421.000000,300.000000,0.790039,1.000000,1.000000,0.959473,0.246094,0.991699
422.000000,300.000000,0.799805,1.000000,0.996582,0.957031,0.260742,0.990723
423.000000,300.000000,0.795410,1.000000,0.981934,0.955078,0.253906,0.985352
424.000000,300.000000,0.793457,1.000000,0.983887,0.955078,0.250977,0.984863
425.000000,300.000000,0.800781,1.000000,1.000000,0.959961,0.261719,0.992188
426.000000,300.000000,0.796875,1.000000,0.997070,0.958496,0.255859,0.994141
427.000000,300.000000,0.794434,1.000000,0.998535,0.952637,0.254883,0.994629
428.000000,300.000000,0.793457,1.000000,0.993652,0.958008,0.251953,0.993652
429.000000,300.000000,0.797363,1.000000,0.988281,0.958984,0.256836,0.986816
430.000000,300.000000,0.797363,1.000000,0.996582,0.959473,0.256836,0.986328
431.000000,300.000000,0.798828,0.000000,0.986328,0.952148,0.258789,0.994629
432.000000,300.000000,0.794922,1.000000,0.999512,0.959473,0.252930,0.994629
433.000000,300.000000,0.795898,1.000000,0.981934,0.956543,0.253906,0.993164
434.000000,300.000000,0.795898,1.000000,0.988281,0.958008,0.255859,0.995605
435.000000,300.000000,0.796387,1.000000,0.983887,0.958496,0.256836,0.987305
436.000000,300.000000,0.796875,1.000000,0.996582,0.959961,0.255859,0.986816
437.000000,300.000000,0.796387,1.000000,0.976562,0.958496,0.255859,0.989746
438.000000,300.000000,0.787598,1.000000,1.000000,0.959473,0.244141,0.991211
439.000000,300.000000,0.793945,1.000000,0.999512,0.960449,0.252930,0.991699
440.000000,300.000000,0.793945,1.000000,0.983887,0.957031,0.252930,0.991699
441.000000,300.000000,0.793457,1.000000,0.997070,0.961426,0.250977,0.991699
442.000000,300.000000,0.790039,1.000000,0.999512,0.961426,0.247070,0.990234
443.000000,300.000000,0.806152,1.000000,0.997070,0.958984,0.268555,0.996582
444.000000,300.000000,0.798828,1.000000,0.999023,0.952637,0.258789,0.990723
445.000000,300.000000,0.795898,1.000000,0.990234,0.958496,0.253906,0.987793
446.000000,300.000000,0.795898,1.000000,0.981934,0.959473,0.254883,0.993652
447.000000,300.000000,0.792480,1.000000,0.996582,0.962402,0.250000,0.995117
448.000000,300.000000,0.802734,1.000000,0.999512,0.955078,0.263672,0.994141
449.000000,300.000000,0.790527,1.000000,0.999023,0.961914,0.247070,0.989258
450.000000,300.000000,0.796875,1.000000,0.988281,0.959473,0.255859,0.989258
451.000000,300.000000,0.797852,1.000000,1.000000,0.958008,0.256836,0.992188
452.000000,300.000000,0.795898,1.000000,0.988281,0.957520,0.254883,0.993164
453.000000,300.000000,0.789551,1.000000,1.000000,0.952637,0.246094,0.986328
454.000000,300.000000,0.799805,1.000000,0.993652,0.960449,0.261719,0.995117
455.000000,300.000000,0.792969,1.000000,1.000000,0.957031,0.250000,0.991211
456.000000,300.000000,0.795410,1.000000,0.990234,0.959961,0.254883,0.994141
457.000000,300.000000,0.805176,1.000000,0.976562,0.961914,0.267578,0.994141
458.000000,300.000000,0.798828,1.000000,0.999512,0.961426,0.258789,0.989746
459.000000,300.000000,0.790039,1.000000,0.998535,0.957520,0.246094,0.992188
460.000000,300.000000,0.793945,1.000000,1.000000,0.959473,0.252930,0.991699
461.000000,300.000000,0.795898,1.000000,0.986328,0.956055,0.254883,0.987793
462.000000,300.000000,0.793457,1.000000,0.991699,0.958008,0.251953,0.994141
463.000000,300.000000,0.799316,1.000000,0.993652,0.954590,0.258789,0.991699
464.000000,300.000000,0.800293,1.000000,0.991699,0.961426,0.260742,0.994629
465.000000,300.000000,0.795410,1.000000,1.000000,0.958496,0.253906,0.989258
466.000000,300.000000,0.794434,0.000000,0.986328,0.958008,0.252930,0.984375
467.000000,300.000000,0.795898,0.000000,1.000000,0.959473,0.254883,0.992188
468.000000,300.000000,0.789062,1.000000,0.997070,0.953125,0.245117,0.994141
469.000000,300.000000,0.794922,1.000000,0.999512,0.958496,0.253906,0.994141
470.000000,300.000000,0.794922,1.000000,0.998535,0.958008,0.254883,0.985352
471.000000,300.000000,0.793945,1.000000,0.981934,0.958984,0.253906,0.983398
472.000000,300.000000,0.790527,1.000000,0.997070,0.958496,0.247070,0.992188
473.000000,300.000000,0.796875,1.000000,0.993652,0.961914,0.255859,0.987305
474.000000,300.000000,0.794922,1.000000,1.000000,0.952637,0.253906,0.989258
475.000000,300.000000,0.796387,1.000000,0.999512,0.958008,0.254883,0.994141
476.000000,300.000000,0.797363,1.000000,0.996582,0.957520,0.255859,0.993652
477.000000,300.000000,0.791016,1.000000,0.998535,0.962402,0.248047,0.993652
478.000000,300.000000,0.795898,1.000000,0.943359,0.960449,0.254883,0.994141
479.000000,300.000000,0.797852,1.000000,0.998535,0.957520,0.256836,0.994141
480.000000,300.000000,0.791504,1.000000,0.994629,0.956055,0.248047,0.992676
481.000000,300.000000,0.792969,1.000000,0.951660,0.954590,0.250000,0.992188
482.000000,300.000000,0.799805,1.000000,1.000000,0.960938,0.259766,0.989258
483.000000,300.000000,0.796387,1.000000,0.951660,0.958008,0.254883,0.995117
484.000000,300.000000,0.793457,1.000000,0.999512,0.959473,0.250977,0.994141
485.000000,300.000000,0.792969,1.000000,0.999023,0.961426,0.250977,0.994629
486.000000,300.000000,0.795410,1.000000,0.997070,0.956055,0.255859,0.993652
487.000000,300.000000,0.795898,1.000000,0.999512,0.958008,0.254883,0.990723
488.000000,300.000000,0.794434,1.000000,0.972656,0.958496,0.252930,0.989746
489.000000,300.000000,0.790039,1.000000,0.986328,0.958496,0.247070,0.985352
490.000000,300.000000,0.792480,1.000000,0.999512,0.963379,0.250000,0.987793
491.000000,300.000000,0.796875,1.000000,0.997070,0.955566,0.255859,0.992676
492.000000,300.000000,0.793457,1.000000,0.993652,0.958984,0.250977,0.991699
493.000000,300.000000,0.794434,1.000000,1.000000,0.956543,0.251953,0.994629
494.000000,300.000000,0.798340,1.000000,0.994629,0.958496,0.258789,0.987793
495.000000,300.000000,0.792480,1.000000,0.990234,0.961426,0.250977,0.994629
496.000000,300.000000,0.796875,1.000000,0.998535,0.959473,0.255859,0.994629
497.000000,300.000000,0.798340,1.000000,0.999023,0.956055,0.258789,0.995117
498.000000,300.000000,0.795898,1.000000,1.000000,0.958008,0.253906,0.995117
499.000000,300.000000,0.792480,1.000000,0.994629,0.955566,0.250000,0.991211
500.000000,300.000000,0.793945,1.000000,0.994629,0.963379,0.252930,0.995117
501.000000,300.000000,0.801270,1.000000,0.993652,0.956055,0.262695,0.994141
502.000000,300.000000,0.795898,1.000000,0.998535,0.959961,0.253906,0.994629
503.000000,300.000000,0.791992,1.000000,0.996582,0.958984,0.250000,0.990723
504.000000,300.000000,0.792969,1.000000,1.000000,0.962402,0.250000,0.991699
505.000000,300.000000,0.803223,1.000000,0.956543,0.958984,0.264648,0.986816
506.000000,300.000000,0.797852,1.000000,0.988281,0.960449,0.256836,0.990723
507.000000,300.000000,0.799805,1.000000,1.000000,0.958496,0.259766,0.994141
508.000000,300.000000,0.790527,1.000000,0.999512,0.959473,0.246094,0.990234
509.000000,300.000000,0.787598,1.000000,0.966309,0.958008,0.244141,0.994141
510.000000,300.000000,0.803711,1.000000,0.999023,0.959961,0.264648,0.990234
511.000000,300.000000,0.792480,1.000000,0.963867,0.959961,0.250977,0.991211
512.000000,300.000000,0.799316,1.000000,0.999512,0.956055,0.258789,0.994141
513.000000,300.000000,0.790039,1.000000,0.999512,0.959473,0.246094,0.990234
514.000000,300.000000,0.797852,1.000000,0.994629,0.958008,0.257812,0.984375
515.000000,300.000000,0.792969,1.000000,0.951660,0.958008,0.250977,0.990723
516.000000,300.000000,0.798828,1.000000,0.999023,0.960938,0.258789,0.994629
517.000000,300.000000,0.791504,1.000000,0.986328,0.959961,0.250000,0.994141
518.000000,300.000000,0.786621,1.000000,0.996582,0.958984,0.243164,0.991699
519.000000,300.000000,0.792969,1.000000,0.976562,0.958008,0.251953,0.994629
520.000000,300.000000,0.794434,1.000000,0.993652,0.956055,0.251953,0.994629
521.000000,300.000000,0.794922,1.000000,1.000000,0.960449,0.252930,0.990723
522.000000,300.000000,0.794434,1.000000,0.981934,0.956543,0.253906,0.987305
523.000000,300.000000,0.796875,1.000000,1.000000,0.958496,0.256836,0.994141
524.000000,300.000000,0.800293,1.000000,0.988281,0.958008,0.260742,0.988770
525.000000,300.000000,0.799805,1.000000,0.998535,0.959961,0.260742,0.993164
526.000000,300.000000,0.795898,1.000000,0.986328,0.960449,0.253906,0.989746
527.000000,300.000000,0.796387,1.000000,1.000000,0.953613,0.253906,0.985840
528.000000,300.000000,0.785645,1.000000,0.999023,0.957031,0.241211,0.989258
529.000000,300.000000,0.790527,1.000000,0.998535,0.960449,0.248047,0.994141
530.000000,300.000000,0.795410,1.000000,0.999512,0.961914,0.253906,0.993652
531.000000,300.000000,0.796387,0.000000,0.993652,0.954102,0.254883,0.994141
532.000000,300.000000,0.791016,1.000000,0.990234,0.958496,0.249023,0.988770
533.000000,300.000000,0.799805,1.000000,0.997070,0.958496,0.259766,0.994629
534.000000,300.000000,0.794434,1.000000,1.000000,0.956055,0.252930,0.985352
535.000000,300.000000,0.791504,1.000000,0.990234,0.958984,0.249023,0.992188
536.000000,300.000000,0.791992,1.000000,0.999023,0.958496,0.250000,0.991699
537.000000,300.000000,0.795410,1.000000,0.978516,0.955078,0.253906,0.994141
538.000000,300.000000,0.799316,1.000000,0.993652,0.956543,0.258789,0.993652
539.000000,300.000000,0.793945,1.000000,0.999023,0.960449,0.251953,0.989258
540.000000,300.000000,0.797363,1.000000,0.991699,0.955566,0.256836,0.995117
541.000000,300.000000,0.796387,1.000000,0.997070,0.959473,0.255859,0.988281
542.000000,300.000000,0.798828,1.000000,0.997070,0.958496,0.257812,0.990234
543.000000,300.000000,0.799805,1.000000,0.988281,0.958008,0.260742,0.993652
544.000000,300.000000,0.796387,1.000000,1.000000,0.963379,0.254883,0.995605
545.000000,300.000000,0.796387,1.000000,0.959473,0.958008,0.254883,0.995117
546.000000,300.000000,0.794922,1.000000,0.993652,0.956055,0.253906,0.993164
547.000000,300.000000,0.795410,1.000000,0.988281,0.960938,0.253906,0.993652
548.000000,300.000000,0.794434,0.000000,0.990234,0.956543,0.251953,0.994141
549.000000,300.000000,0.793945,1.000000,0.998535,0.958496,0.251953,0.984863
550.000000,300.000000,0.803711,1.000000,1.000000,0.958984,0.265625,0.986816
551.000000,300.000000,0.795898,0.000000,0.998535,0.954102,0.253906,0.986328
552.000000,300.000000,0.796875,1.000000,0.970215,0.955566,0.255859,0.995117
553.000000,300.000000,0.797363,1.000000,1.000000,0.955566,0.256836,0.985352
554.000000,300.000000,0.799805,1.000000,0.998535,0.959473,0.259766,0.994629
555.000000,300.000000,0.794922,1.000000,1.000000,0.957520,0.253906,0.992676
556.000000,300.000000,0.799316,1.000000,0.981934,0.955078,0.258789,0.994629
557.000000,300.000000,0.791992,1.000000,0.998535,0.958984,0.250977,0.993652
558.000000,300.000000,0.796387,1.000000,0.959473,0.958496,0.255859,0.995117
559.000000,300.000000,0.799805,0.000000,0.972656,0.957520,0.259766,0.991699
560.000000,300.000000,0.795898,1.000000,0.996582,0.957520,0.253906,0.988770
561.000000,300.000000,0.797852,1.000000,0.986328,0.957520,0.256836,0.986816
562.000000,300.000000,0.794434,1.000000,0.976562,0.958008,0.251953,0.994629
563.000000,300.000000,0.798828,1.000000,0.999023,0.957520,0.258789,0.994141
564.000000,300.000000,0.791504,1.000000,0.993652,0.960938,0.250000,0.994629
565.000000,300.000000,0.800781,1.000000,0.999023,0.956543,0.260742,0.994141
566.000000,300.000000,0.796387,1.000000,0.998535,0.959473,0.255859,0.988281
567.000000,300.000000,0.794434,1.000000,1.000000,0.962402,0.251953,0.992676
568.000000,300.000000,0.795410,1.000000,0.993652,0.957031,0.253906,0.986328
569.000000,300.000000,0.791504,1.000000,0.996582,0.959961,0.249023,0.993164
570.000000,300.000000,0.800293,1.000000,0.999512,0.957520,0.261719,0.994629
571.000000,300.000000,0.795410,1.000000,1.000000,0.958008,0.253906,0.991211
572.000000,300.000000,0.791016,1.000000,0.983887,0.957520,0.249023,0.994629
573.000000,300.000000,0.793945,1.000000,0.999023,0.957031,0.252930,0.991699
574.000000,300.000000,0.795898,1.000000,0.991699,0.956055,0.254883,0.995605
575.000000,300.000000,0.798340,1.000000,0.998535,0.954590,0.257812,0.994629
576.000000,300.000000,0.795410,1.000000,0.999512,0.956543,0.252930,0.993164
577.000000,300.000000,0.793945,0.000000,0.996582,0.959961,0.251953,0.993164
578.000000,300.000000,0.792969,1.000000,0.997070,0.953613,0.251953,0.994141
579.000000,300.000000,0.798828,1.000000,0.978516,0.955078,0.258789,0.991211
580.000000,300.000000,0.790527,1.000000,0.981934,0.956055,0.248047,0.993652
581.000000,300.000000,0.793457,1.000000,0.999512,0.959473,0.250977,0.994629
582.000000,300.000000,0.800781,0.000000,0.993652,0.957031,0.260742,0.986328
583.000000,300.000000,0.798340,1.000000,1.000000,0.959473,0.257812,0.975586
584.000000,300.000000,0.793457,1.000000,1.000000,0.958496,0.251953,0.991211
585.000000,300.000000,0.795410,1.000000,0.994629,0.951172,0.253906,0.993652
586.000000,300.000000,0.801758,1.000000,0.978516,0.957031,0.262695,0.996094
587.000000,300.000000,0.800781,1.000000,0.988281,0.951172,0.260742,0.988770
588.000000,300.000000,0.794922,1.000000,0.990234,0.959961,0.252930,0.991699
589.000000,300.000000,0.798828,1.000000,1.000000,0.960938,0.258789,0.989746
590.000000,300.000000,0.796875,0.000000,0.993652,0.958496,0.256836,0.994629
591.000000,300.000000,0.796387,1.000000,1.000000,0.958008,0.255859,0.993652
592.000000,300.000000,0.789551,1.000000,0.997070,0.964844,0.247070,0.987793
593.000000,300.000000,0.798340,1.000000,0.966309,0.962891,0.259766,0.988770
594.000000,300.000000,0.796387,1.000000,0.994629,0.959473,0.254883,0.992188
595.000000,300.000000,0.796875,1.000000,1.000000,0.957520,0.255859,0.992188
596.000000,300.000000,0.796387,1.000000,0.999512,0.954102,0.254883,0.995117
597.000000,300.000000,0.790527,1.000000,0.999512,0.961914,0.247070,0.993652
598.000000,300.000000,0.794434,1.000000,0.999512,0.954590,0.251953,0.992676
599.000000,300.000000,0.795898,1.000000,0.990234,0.958008,0.255859,0.992188
600.000000,300.000000,0.796387,1.000000,0.970215,0.957520,0.254883,0.994141
601.000000,300.000000,0.794922,1.000000,0.997070,0.958008,0.252930,0.994629
602.000000,300.000000,0.796875,1.000000,0.991699,0.955566,0.255859,0.994141
603.000000,300.000000,0.797363,1.000000,0.994629,0.956055,0.256836,0.995117
604.000000,300.000000,0.791016,1.000000,0.999023,0.958984,0.248047,0.989746
605.000000,300.000000,0.791016,1.000000,0.994629,0.955566,0.249023,0.993164
606.000000,300.000000,0.791504,1.000000,0.943359,0.954590,0.249023,0.982910
607.000000,300.000000,0.791016,1.000000,1.000000,0.954590,0.250000,0.995117
608.000000,300.000000,0.796387,1.000000,0.978516,0.957520,0.255859,0.988770
609.000000,300.000000,0.794922,1.000000,1.000000,0.959961,0.253906,0.990723
610.000000,300.000000,0.787598,1.000000,0.948730,0.957031,0.243164,0.993164
611.000000,300.000000,0.799805,1.000000,1.000000,0.960938,0.260742,0.988281
612.000000,300.000000,0.792969,1.000000,0.996582,0.958008,0.250000,0.987793
613.000000,300.000000,0.800781,1.000000,0.993652,0.960938,0.261719,0.994629
614.000000,300.000000,0.795898,1.000000,0.997070,0.957520,0.254883,0.993164
615.000000,300.000000,0.789062,1.000000,0.993652,0.958496,0.246094,0.987793
616.000000,300.000000,0.791504,1.000000,0.993652,0.960449,0.250000,0.987793
617.000000,300.000000,0.795898,1.000000,0.996582,0.959473,0.253906,0.986816
618.000000,300.000000,0.791992,1.000000,1.000000,0.958008,0.250000,0.984375
619.000000,300.000000,0.795898,1.000000,1.000000,0.960938,0.255859,0.994141
620.000000,300.000000,0.796387,1.000000,0.999512,0.958984,0.255859,0.989746
621.000000,300.000000,0.795898,0.000000,0.996582,0.958008,0.253906,0.994629
622.000000,300.000000,0.791016,1.000000,0.998535,0.958008,0.248047,0.988281
623.000000,300.000000,0.788086,1.000000,0.998535,0.959961,0.246094,0.992676
624.000000,300.000000,0.790039,1.000000,0.986328,0.956543,0.247070,0.992188
625.000000,300.000000,0.795410,1.000000,0.996582,0.955566,0.253906,0.994629
626.000000,300.000000,0.802246,1.000000,0.996582,0.960938,0.263672,0.992676
627.000000,300.000000,0.795898,1.000000,1.000000,0.957031,0.253906,0.993164
628.000000,300.000000,0.791016,1.000000,0.994629,0.957520,0.249023,0.987305
629.000000,300.000000,0.794922,1.000000,0.983887,0.958008,0.253906,0.992676
630.000000,300.000000,0.794922,0.000000,0.983887,0.960938,0.253906,0.993164
631.000000,300.000000,0.798340,1.000000,0.999512,0.962402,0.258789,0.990723
632.000000,300.000000,0.788086,1.000000,0.999512,0.954590,0.243164,0.992188
633.000000,300.000000,0.795898,1.000000,0.999512,0.958008,0.254883,0.991211
634.000000,300.000000,0.795898,1.000000,1.000000,0.957520,0.255859,0.985352
635.000000,300.000000,0.793457,1.000000,0.948730,0.953613,0.250977,0.992188
636.000000,300.000000,0.792969,1.000000,0.981934,0.957520,0.250977,0.993652
637.000000,300.000000,0.797363,1.000000,0.997070,0.958008,0.256836,0.993652
638.000000,300.000000,0.801270,1.000000,1.000000,0.953125,0.261719,0.991699
639.000000,300.000000,0.795410,1.000000,0.990234,0.952637,0.253906,0.995605
640.000000,300.000000,0.797363,1.000000,0.990234,0.951660,0.257812,0.995605
641.000000,300.000000,0.799805,1.000000,0.994629,0.955566,0.259766,0.993164
642.000000,300.000000,0.795898,1.000000,0.970215,0.960449,0.253906,0.986816
643.000000,300.000000,0.800293,1.000000,0.993652,0.960449,0.261719,0.995117
644.000000,300.000000,0.797852,1.000000,0.994629,0.962891,0.258789,0.990723
645.000000,300.000000,0.798828,1.000000,0.997070,0.956543,0.258789,0.987305
646.000000,300.000000,0.800293,1.000000,0.997070,0.961914,0.260742,0.994629
647.000000,300.000000,0.799316,1.000000,0.999512,0.958984,0.259766,0.995117
648.000000,300.000000,0.789551,1.000000,0.993652,0.958984,0.245117,0.984863
649.000000,300.000000,0.800781,1.000000,0.994629,0.960449,0.260742,0.995605
650.000000,300.000000,0.794922,1.000000,0.994629,0.960449,0.253906,0.987305
651.000000,300.000000,0.798340,1.000000,0.993652,0.956543,0.257812,0.993652
652.000000,300.000000,0.789551,0.000000,0.999512,0.959961,0.246094,0.987793
653.000000,300.000000,0.793945,1.000000,0.997070,0.959961,0.251953,0.995605
654.000000,300.000000,0.793457,1.000000,0.997070,0.955078,0.251953,0.985352
655.000000,300.000000,0.796875,0.000000,1.000000,0.954102,0.255859,0.994629
656.000000,300.000000,0.800781,1.000000,0.998535,0.960449,0.260742,0.993164
657.000000,300.000000,0.802246,1.000000,0.991699,0.958496,0.263672,0.991699
658.000000,300.000000,0.791504,1.000000,0.970215,0.961426,0.247070,0.995117
659.000000,300.000000,0.796875,1.000000,0.999512,0.959473,0.256836,0.993652
660.000000,300.000000,0.798340,1.000000,0.986328,0.957031,0.257812,0.994629
661.000000,300.000000,0.801758,1.000000,0.988281,0.959473,0.262695,0.993652
662.000000,300.000000,0.789062,1.000000,0.990234,0.958984,0.246094,0.992188
663.000000,300.000000,0.793945,0.000000,0.997070,0.957520,0.251953,0.984863
664.000000,300.000000,0.795410,1.000000,0.999512,0.961914,0.253906,0.990723
665.000000,300.000000,0.787109,0.000000,0.991699,0.960938,0.243164,0.992188
666.000000,300.000000,0.797852,0.000000,0.998535,0.958008,0.256836,0.994141
667.000000,300.000000,0.795898,1.000000,0.997070,0.962891,0.254883,0.988770
668.000000,300.000000,0.799316,1.000000,0.998535,0.953125,0.258789,0.986328
669.000000,300.000000,0.799316,1.000000,0.994629,0.956543,0.258789,0.990234
670.000000,300.000000,0.799805,1.000000,0.990234,0.956543,0.260742,0.988281
671.000000,300.000000,0.799316,0.000000,0.976562,0.955078,0.259766,0.995605
672.000000,300.000000,0.795898,1.000000,0.970215,0.959961,0.254883,0.991211
673.000000,300.000000,0.794434,1.000000,0.976562,0.958496,0.252930,0.986328
674.000000,300.000000,0.801270,1.000000,1.000000,0.959961,0.261719,0.993652
675.000000,300.000000,0.795410,1.000000,0.998535,0.962402,0.253906,0.995605
676.000000,300.000000,0.797852,1.000000,0.998535,0.958496,0.257812,0.991211
677.000000,300.000000,0.785156,1.000000,1.000000,0.960938,0.240234,0.988281
678.000000,300.000000,0.785156,1.000000,0.993652,0.957031,0.242188,0.993652
679.000000,300.000000,0.793945,1.000000,0.986328,0.954590,0.251953,0.989258
680.000000,300.000000,0.805664,1.000000,0.996582,0.958496,0.267578,0.993652
681.000000,300.000000,0.793945,1.000000,0.999512,0.954102,0.251953,0.984375
682.000000,300.000000,0.801270,1.000000,0.976562,0.958008,0.262695,0.992188
683.000000,300.000000,0.793945,1.000000,0.956543,0.959473,0.251953,0.991211
684.000000,300.000000,0.798340,1.000000,0.991699,0.960449,0.257812,0.993652
685.000000,300.000000,0.802246,1.000000,1.000000,0.956055,0.263672,0.993652
686.000000,300.000000,0.800293,1.000000,0.994629,0.956055,0.261719,0.994629
687.000000,300.000000,0.795410,1.000000,0.998535,0.951660,0.254883,0.986816
688.000000,300.000000,0.793457,1.000000,1.000000,0.956055,0.251953,0.992188
689.000000,300.000000,0.795898,1.000000,0.999512,0.959473,0.254883,0.992188
690.000000,300.000000,0.797852,1.000000,0.997070,0.960938,0.256836,0.993652
691.000000,300.000000,0.791504,1.000000,0.993652,0.958496,0.248047,0.991211
692.000000,300.000000,0.795898,0.000000,0.998535,0.951660,0.254883,0.991211
693.000000,300.000000,0.796387,1.000000,0.991699,0.957520,0.255859,0.993164
694.000000,300.000000,0.798340,1.000000,0.943359,0.960449,0.257812,0.984375
695.000000,300.000000,0.791992,1.000000,0.963867,0.960449,0.250000,0.995117
696.000000,300.000000,0.792969,1.000000,0.997070,0.958008,0.250977,0.992676
697.000000,300.000000,0.794922,1.000000,0.997070,0.958984,0.253906,0.993164
698.000000,300.000000,0.795898,1.000000,0.959473,0.961426,0.254883,0.989258
699.000000,300.000000,0.796387,0.000000,1.000000,0.948730,0.255859,0.986328
700.000000,300.000000,0.791504,1.000000,0.999023,0.958496,0.250000,0.994629
701.000000,300.000000,0.801758,0.000000,0.978516,0.960449,0.262695,0.991211
702.000000,300.000000,0.792969,1.000000,0.988281,0.955566,0.250977,0.994141
703.000000,300.000000,0.800293,1.000000,0.981934,0.961426,0.260742,0.990723
704.000000,300.000000,0.800781,1.000000,0.943359,0.958984,0.261719,0.992676
705.000000,300.000000,0.798828,1.000000,0.996582,0.956543,0.258789,0.994141
706.000000,300.000000,0.791504,1.000000,0.998535,0.958008,0.249023,0.989746
707.000000,300.000000,0.804199,0.000000,0.999023,0.952637,0.266602,0.994141
708.000000,300.000000,0.797852,1.000000,0.991699,0.956055,0.257812,0.994629
709.000000,300.000000,0.788574,1.000000,0.993652,0.959961,0.244141,0.995117
710.000000,300.000000,0.797363,1.000000,0.993652,0.960938,0.256836,0.993652
711.000000,300.000000,0.793457,1.000000,0.986328,0.959473,0.250977,0.982910
712.000000,300.000000,0.792969,1.000000,1.000000,0.961914,0.251953,0.990723
713.000000,300.000000,0.795898,1.000000,0.998535,0.962891,0.254883,0.993652
714.000000,300.000000,0.789551,1.000000,0.993652,0.958984,0.246094,0.992188
715.000000,300.000000,0.790039,1.000000,0.994629,0.951660,0.246094,0.995117
716.000000,300.000000,0.796875,1.000000,0.924805,0.955078,0.255859,0.994629
717.000000,300.000000,0.794922,1.000000,0.997070,0.953613,0.251953,0.994629
718.000000,300.000000,0.795898,1.000000,1.000000,0.960938,0.253906,0.986328
719.000000,300.000000,0.795410,1.000000,0.988281,0.957520,0.254883,0.995117
720.000000,300.000000,0.805176,1.000000,0.999512,0.960449,0.268555,0.994141
721.000000,300.000000,0.802734,1.000000,0.983887,0.958984,0.263672,0.995117
722.000000,300.000000,0.791504,1.000000,0.997070,0.959473,0.248047,0.990723
723.000000,300.000000,0.791016,1.000000,0.999512,0.958008,0.249023,0.994629
724.000000,300.000000,0.797363,1.000000,0.966309,0.963379,0.257812,0.994141
725.000000,300.000000,0.793457,1.000000,0.981934,0.957520,0.250977,0.995605
726.000000,300.000000,0.788574,1.000000,0.999023,0.958984,0.245117,0.990723
727.000000,300.000000,0.795898,1.000000,0.988281,0.960449,0.254883,0.988770
728.000000,300.000000,0.798828,1.000000,0.997070,0.954590,0.259766,0.985352
729.000000,300.000000,0.797852,1.000000,0.986328,0.958496,0.256836,0.986816
730.000000,300.000000,0.793945,1.000000,1.000000,0.957031,0.251953,0.992676
731.000000,300.000000,0.799316,1.000000,0.999512,0.960938,0.259766,0.988770
732.000000,300.000000,0.788574,1.000000,0.993652,0.958984,0.245117,0.991699
733.000000,300.000000,0.799805,1.000000,0.998535,0.957520,0.259766,0.994141
734.000000,300.000000,0.792969,1.000000,0.993652,0.959961,0.250000,0.994141
735.000000,300.000000,0.793945,1.000000,0.986328,0.959473,0.252930,0.979004
736.000000,300.000000,0.793457,1.000000,0.991699,0.955566,0.252930,0.989258
737.000000,300.000000,0.792480,1.000000,0.978516,0.962402,0.250000,0.987793
738.000000,300.000000,0.787109,1.000000,0.996582,0.960938,0.243164,0.991699
739.000000,300.000000,0.795898,1.000000,0.990234,0.956543,0.255859,0.987793
740.000000,300.000000,0.797363,1.000000,0.990234,0.960938,0.255859,0.994141
741.000000,300.000000,0.793945,1.000000,0.999023,0.960938,0.251953,0.985840
742.000000,300.000000,0.795410,1.000000,0.999512,0.961426,0.254883,0.991699
743.000000,300.000000,0.804199,0.000000,0.990234,0.958984,0.265625,0.989258
744.000000,300.000000,0.796387,0.000000,0.998535,0.959473,0.255859,0.987793
745.000000,300.000000,0.794922,1.000000,1.000000,0.958008,0.252930,0.994629
746.000000,300.000000,0.798828,1.000000,1.000000,0.956055,0.259766,0.995605
747.000000,300.000000,0.802246,1.000000,1.000000,0.956055,0.262695,0.992188
748.000000,300.000000,0.797852,1.000000,1.000000,0.958496,0.256836,0.994141
749.000000,300.000000,0.794922,1.000000,0.999512,0.956055,0.254883,0.985840
750.000000,300.000000,0.799316,1.000000,0.990234,0.956543,0.259766,0.994629
751.000000,300.000000,0.794922,1.000000,0.996582,0.959473,0.252930,0.994141
752.000000,300.000000,0.795410,1.000000,0.998535,0.958008,0.254883,0.990234
753.000000,300.000000,0.799805,1.000000,0.998535,0.953613,0.259766,0.993164
754.000000,300.000000,0.796875,1.000000,0.993652,0.953613,0.255859,0.995117
755.000000,300.000000,0.794922,1.000000,0.998535,0.960449,0.252930,0.993652
756.000000,300.000000,0.800293,1.000000,0.998535,0.960449,0.260742,0.995117
757.000000,300.000000,0.799805,1.000000,0.986328,0.954102,0.259766,0.994629
758.000000,300.000000,0.805176,1.000000,1.000000,0.961426,0.267578,0.995117
759.000000,300.000000,0.791016,1.000000,1.000000,0.956055,0.249023,0.990234
760.000000,300.000000,0.794434,1.000000,0.997070,0.955566,0.252930,0.994141
761.000000,300.000000,0.798828,1.000000,0.983887,0.959473,0.258789,0.994141
762.000000,300.000000,0.791504,1.000000,1.000000,0.956543,0.249023,0.987305
763.000000,300.000000,0.796387,1.000000,1.000000,0.958496,0.255859,0.993164
764.000000,300.000000,0.795410,1.000000,0.970215,0.964355,0.253906,0.990723
765.000000,300.000000,0.798340,1.000000,0.972656,0.958496,0.257812,0.995117
766.000000,300.000000,0.793457,1.000000,1.000000,0.959961,0.250000,0.987793
767.000000,300.000000,0.792480,1.000000,0.999023,0.957520,0.250000,0.984863
768.000000,300.000000,0.799316,1.000000,0.993652,0.958984,0.258789,0.989258
769.000000,300.000000,0.797852,1.000000,1.000000,0.958008,0.257812,0.990234
770.000000,300.000000,0.791016,1.000000,0.997070,0.959961,0.248047,0.987793
771.000000,300.000000,0.792480,1.000000,1.000000,0.953613,0.251953,0.993164
772.000000,300.000000,0.790527,1.000000,0.988281,0.958496,0.247070,0.991699
773.000000,300.000000,0.795410,1.000000,1.000000,0.959473,0.253906,0.990234
774.000000,300.000000,0.799316,1.000000,0.991699,0.956055,0.258789,0.994629
775.000000,300.000000,0.793945,1.000000,0.997070,0.954102,0.251953,0.991699
776.000000,300.000000,0.791504,1.000000,0.993652,0.958496,0.249023,0.991699
777.000000,300.000000,0.794922,1.000000,0.988281,0.959473,0.252930,0.990234
778.000000,300.000000,0.796875,1.000000,0.999512,0.961914,0.256836,0.994141
779.000000,300.000000,0.801758,1.000000,0.993652,0.958496,0.262695,0.994141
780.000000,300.000000,0.797852,1.000000,0.996582,0.961426,0.256836,0.995605
781.000000,300.000000,0.798828,1.000000,0.994629,0.957031,0.259766,0.995117
782.000000,300.000000,0.797852,1.000000,0.976562,0.956543,0.256836,0.994141
783.000000,300.000000,0.789551,1.000000,0.986328,0.958496,0.247070,0.992676
784.000000,300.000000,0.802734,1.000000,0.970215,0.959961,0.263672,0.995605
785.000000,300.000000,0.791992,1.000000,0.997070,0.958008,0.250000,0.989746
786.000000,300.000000,0.800781,1.000000,0.999023,0.956543,0.260742,0.993652
787.000000,300.000000,0.792969,1.000000,0.999512,0.957031,0.250977,0.994629
788.000000,300.000000,0.798340,1.000000,0.988281,0.959961,0.258789,0.991211
789.000000,300.000000,0.799316,1.000000,1.000000,0.958496,0.259766,0.991211
790.000000,300.000000,0.801270,1.000000,1.000000,0.962402,0.262695,0.994629
791.000000,300.000000,0.794434,1.000000,0.999023,0.957520,0.252930,0.992676
792.000000,300.000000,0.796875,1.000000,0.999512,0.956543,0.255859,0.994141
793.000000,300.000000,0.788086,1.000000,1.000000,0.962402,0.245117,0.993652
794.000000,300.000000,0.794922,1.000000,0.998535,0.962402,0.254883,0.992676
795.000000,300.000000,0.797852,1.000000,0.998535,0.958984,0.257812,0.992188
796.000000,300.000000,0.793457,1.000000,0.983887,0.954102,0.251953,0.991211
797.000000,300.000000,0.798828,1.000000,0.981934,0.953613,0.258789,0.989746
798.000000,300.000000,0.789551,1.000000,0.998535,0.958496,0.247070,0.987305
799.000000,300.000000,0.793945,1.000000,0.981934,0.960449,0.251953,0.991699
800.000000,300.000000,0.791016,1.000000,0.994629,0.958008,0.250000,0.987793
801.000000,300.000000,0.797363,1.000000,0.986328,0.956543,0.256836,0.994141
802.000000,300.000000,0.792969,1.000000,0.996582,0.960449,0.250977,0.985840
803.000000,300.000000,0.790527,1.000000,0.976562,0.955078,0.248047,0.989746
804.000000,300.000000,0.790527,1.000000,0.986328,0.958496,0.247070,0.985840
805.000000,300.000000,0.792969,1.000000,0.993652,0.959961,0.250977,0.991211
806.000000,300.000000,0.801758,1.000000,0.997070,0.961914,0.262695,0.994141
807.000000,300.000000,0.802246,1.000000,0.978516,0.959961,0.262695,0.994141
808.000000,300.000000,0.792480,1.000000,0.999512,0.957031,0.250977,0.990723
809.000000,300.000000,0.798340,1.000000,0.994629,0.958496,0.258789,0.989746
810.000000,300.000000,0.791504,1.000000,1.000000,0.959961,0.250000,0.992188
811.000000,300.000000,0.788086,1.000000,1.000000,0.960938,0.245117,0.992676
812.000000,300.000000,0.801270,1.000000,0.998535,0.957031,0.262695,0.992188
813.000000,300.000000,0.797363,1.000000,0.999023,0.959961,0.256836,0.995605
814.000000,300.000000,0.791016,1.000000,0.991699,0.960449,0.250000,0.986816
815.000000,300.000000,0.798340,1.000000,1.000000,0.953125,0.257812,0.994141
816.000000,300.000000,0.795898,1.000000,0.990234,0.957520,0.253906,0.994141
817.000000,300.000000,0.798340,1.000000,0.991699,0.958984,0.257812,0.993652
818.000000,300.000000,0.798340,1.000000,0.999512,0.958496,0.257812,0.992676
819.000000,300.000000,0.798340,1.000000,0.978516,0.957520,0.257812,0.987305
820.000000,300.000000,0.798340,1.000000,0.999512,0.956543,0.257812,0.988770
821.000000,300.000000,0.792480,1.000000,0.999512,0.957520,0.250000,0.986328
822.000000,300.000000,0.797852,1.000000,0.994629,0.952148,0.256836,0.985352
823.000000,300.000000,0.797363,1.000000,0.998535,0.963867,0.255859,0.994629
824.000000,300.000000,0.797363,1.000000,0.994629,0.962891,0.256836,0.992676
825.000000,300.000000,0.795898,1.000000,0.951660,0.959961,0.253906,0.974609
826.000000,300.000000,0.796387,1.000000,0.970215,0.958984,0.255859,0.990723
827.000000,300.000000,0.788086,1.000000,0.978516,0.957520,0.245117,0.988770
828.000000,300.000000,0.798828,1.000000,0.972656,0.955078,0.258789,0.991211
829.000000,300.000000,0.794434,1.000000,0.993652,0.959961,0.253906,0.990234
830.000000,300.000000,0.791016,1.000000,0.986328,0.958008,0.248047,0.989746
831.000000,300.000000,0.798828,1.000000,0.983887,0.958496,0.259766,0.994141
832.000000,300.000000,0.792969,1.000000,1.000000,0.959961,0.250000,0.992188
833.000000,300.000000,0.790527,1.000000,1.000000,0.957031,0.247070,0.994629
834.000000,300.000000,0.798340,1.000000,0.994629,0.956543,0.257812,0.990723
835.000000,300.000000,0.801270,1.000000,0.996582,0.959473,0.262695,0.991211
836.000000,300.000000,0.798340,1.000000,0.976562,0.958008,0.257812,0.985352
837.000000,300.000000,0.799805,1.000000,0.993652,0.958496,0.259766,0.992676
838.000000,300.000000,0.797852,1.000000,1.000000,0.958496,0.256836,0.989746
839.000000,300.000000,0.793457,1.000000,1.000000,0.960938,0.250977,0.995117
840.000000,300.000000,0.796387,1.000000,0.963867,0.957520,0.255859,0.995117
841.000000,300.000000,0.790527,1.000000,0.988281,0.957031,0.248047,0.988281
842.000000,300.000000,0.798340,1.000000,0.988281,0.957520,0.257812,0.994141
843.000000,300.000000,0.794922,1.000000,0.988281,0.959473,0.253906,0.991699
844.000000,300.000000,0.791504,1.000000,1.000000,0.952148,0.249023,0.991699
845.000000,300.000000,0.786133,1.000000,0.994629,0.961426,0.240234,0.994629
846.000000,300.000000,0.794434,1.000000,0.993652,0.959473,0.252930,0.995605
847.000000,300.000000,0.793457,1.000000,0.999023,0.960449,0.251953,0.990234
848.000000,300.000000,0.791016,0.000000,0.993652,0.959473,0.248047,0.992676
849.000000,300.000000,0.798340,1.000000,0.993652,0.960938,0.258789,0.991699
850.000000,300.000000,0.793945,1.000000,0.994629,0.961426,0.250977,0.990723
851.000000,300.000000,0.791992,1.000000,0.994629,0.958496,0.250000,0.990723
852.000000,300.000000,0.793945,1.000000,0.934570,0.957031,0.250977,0.991699
853.000000,300.000000,0.800293,1.000000,0.956543,0.958984,0.260742,0.988281
854.000000,300.000000,0.792480,1.000000,0.996582,0.958984,0.249023,0.994629
855.000000,300.000000,0.793945,1.000000,0.994629,0.958984,0.251953,0.991211
856.000000,300.000000,0.796387,1.000000,1.000000,0.958984,0.255859,0.986816
857.000000,300.000000,0.797852,1.000000,0.976562,0.962891,0.256836,0.994141
858.000000,300.000000,0.802246,1.000000,0.997070,0.962402,0.262695,0.994141
859.000000,300.000000,0.791992,1.000000,0.991699,0.957520,0.250000,0.990234
860.000000,300.000000,0.791992,1.000000,0.997070,0.956543,0.249023,0.993652
861.000000,300.000000,0.796387,1.000000,0.999023,0.963867,0.254883,0.987305
862.000000,300.000000,0.800781,1.000000,0.998535,0.956055,0.260742,0.989746
863.000000,300.000000,0.790527,1.000000,0.991699,0.958496,0.246094,0.992676
864.000000,300.000000,0.795410,1.000000,0.970215,0.957031,0.253906,0.990234
865.000000,300.000000,0.789062,1.000000,0.997070,0.949707,0.245117,0.988770
866.000000,300.000000,0.800293,1.000000,0.983887,0.951660,0.261719,0.986816
867.000000,300.000000,0.797852,1.000000,0.994629,0.954102,0.257812,0.993652
868.000000,300.000000,0.792969,1.000000,0.999512,0.957520,0.250977,0.991699
869.000000,300.000000,0.799805,1.000000,1.000000,0.957031,0.259766,0.994629
870.000000,300.000000,0.790527,1.000000,0.993652,0.955078,0.248047,0.985352
871.000000,300.000000,0.798828,0.000000,0.997070,0.954590,0.258789,0.994629
872.000000,300.000000,0.798340,1.000000,0.990234,0.962402,0.257812,0.993652
873.000000,300.000000,0.803223,1.000000,0.999023,0.958496,0.264648,0.988281
874.000000,300.000000,0.797363,1.000000,0.978516,0.958008,0.257812,0.994629
875.000000,300.000000,0.795410,0.000000,0.976562,0.958008,0.254883,0.992676
876.000000,300.000000,0.792969,1.000000,0.999023,0.958984,0.251953,0.994629
877.000000,300.000000,0.799805,1.000000,1.000000,0.960938,0.259766,0.994141
878.000000,300.000000,0.794922,0.000000,1.000000,0.955078,0.253906,0.987305
879.000000,300.000000,0.796387,1.000000,0.997070,0.960938,0.254883,0.995117
880.000000,300.000000,0.794434,1.000000,0.997070,0.955078,0.250977,0.993652
881.000000,300.000000,0.803223,1.000000,0.998535,0.955566,0.264648,0.994629
882.000000,300.000000,0.795898,1.000000,0.998535,0.957520,0.254883,0.992676
883.000000,300.000000,0.787109,0.000000,1.000000,0.957520,0.243164,0.984863
884.000000,300.000000,0.793945,1.000000,0.997070,0.954590,0.250977,0.995117
885.000000,300.000000,0.790039,1.000000,0.998535,0.954102,0.246094,0.987305
886.000000,300.000000,0.798340,1.000000,0.978516,0.955078,0.257812,0.984375
887.000000,300.000000,0.804199,1.000000,1.000000,0.957520,0.266602,0.973633
888.000000,300.000000,0.797852,1.000000,0.988281,0.958496,0.256836,0.991211
889.000000,300.000000,0.791016,1.000000,0.991699,0.957031,0.248047,0.990234
890.000000,300.000000,0.794922,1.000000,0.959473,0.959473,0.253906,0.988770
891.000000,300.000000,0.792969,1.000000,0.981934,0.957520,0.250000,0.994629
892.000000,300.000000,0.794922,1.000000,0.981934,0.955566,0.252930,0.991211
893.000000,300.000000,0.798340,1.000000,0.983887,0.957520,0.258789,0.992188
894.000000,300.000000,0.793945,1.000000,0.988281,0.959961,0.250977,0.994629
895.000000,300.000000,0.794434,1.000000,0.998535,0.958008,0.252930,0.988770
896.000000,300.000000,0.796387,1.000000,0.996582,0.959961,0.255859,0.991211
897.000000,300.000000,0.793945,1.000000,0.999023,0.961426,0.251953,0.985840
898.000000,300.000000,0.795410,1.000000,0.990234,0.960449,0.253906,0.989746
899.000000,300.000000,0.801758,1.000000,0.951660,0.957031,0.262695,0.992676
900.000000,300.000000,0.798340,0.000000,0.999023,0.959961,0.258789,0.994629
901.000000,300.000000,0.792480,1.000000,0.998535,0.959961,0.251953,0.988770
902.000000,300.000000,0.800781,1.000000,0.986328,0.955566,0.260742,0.994629
903.000000,300.000000,0.801270,1.000000,0.956543,0.958496,0.261719,0.995117
904.000000,300.000000,0.797852,1.000000,0.998535,0.956055,0.257812,0.992676
905.000000,300.000000,0.797363,1.000000,1.000000,0.958496,0.256836,0.991211
906.000000,300.000000,0.799805,1.000000,0.990234,0.956543,0.259766,0.995117
907.000000,300.000000,0.791016,1.000000,1.000000,0.960449,0.248047,0.989746
908.000000,300.000000,0.797852,1.000000,0.978516,0.959961,0.256836,0.995605
909.000000,300.000000,0.799316,1.000000,0.997070,0.958984,0.259766,0.994141
910.000000,300.000000,0.795898,1.000000,0.983887,0.959961,0.255859,0.993652
911.000000,300.000000,0.794922,1.000000,0.972656,0.959961,0.252930,0.993652
912.000000,300.000000,0.794922,1.000000,0.999512,0.959473,0.253906,0.989746
913.000000,300.000000,0.799805,1.000000,0.996582,0.956055,0.259766,0.991211
914.000000,300.000000,0.801270,1.000000,0.999512,0.959473,0.261719,0.984863
915.000000,300.000000,0.795410,1.000000,1.000000,0.959961,0.253906,0.990723
916.000000,300.000000,0.794922,0.000000,1.000000,0.953125,0.252930,0.990723
917.000000,300.000000,0.800781,1.000000,0.990234,0.961426,0.260742,0.992676
918.000000,300.000000,0.795410,1.000000,0.983887,0.956543,0.252930,0.993164
919.000000,300.000000,0.797852,1.000000,0.997070,0.952148,0.257812,0.989746
920.000000,300.000000,0.793945,1.000000,0.948730,0.962402,0.251953,0.991699
921.000000,300.000000,0.785645,1.000000,0.993652,0.959473,0.240234,0.994629
922.000000,300.000000,0.801758,1.000000,1.000000,0.956543,0.261719,0.988770
923.000000,300.000000,0.791016,0.000000,0.988281,0.954102,0.248047,0.988770
924.000000,300.000000,0.790527,1.000000,0.996582,0.953125,0.248047,0.987793
925.000000,300.000000,0.791016,1.000000,0.998535,0.954102,0.247070,0.994141
926.000000,300.000000,0.789551,1.000000,0.998535,0.955566,0.247070,0.993164
927.000000,300.000000,0.793945,1.000000,0.991699,0.957031,0.251953,0.990723
928.000000,300.000000,0.790527,0.000000,1.000000,0.954590,0.248047,0.987793
929.000000,300.000000,0.791016,1.000000,0.991699,0.958984,0.248047,0.987793
930.000000,300.000000,0.792969,1.000000,0.998535,0.959473,0.250977,0.994629
931.000000,300.000000,0.796387,1.000000,0.996582,0.955566,0.254883,0.995117
932.000000,300.000000,0.798340,1.000000,0.988281,0.960938,0.257812,0.992188
933.000000,300.000000,0.800781,1.000000,0.978516,0.958984,0.261719,0.991699
934.000000,300.000000,0.797852,1.000000,0.997070,0.957520,0.257812,0.994629
935.000000,300.000000,0.794434,1.000000,0.996582,0.958008,0.252930,0.995117
936.000000,300.000000,0.789551,1.000000,0.997070,0.962402,0.245117,0.993652
937.000000,300.000000,0.798828,1.000000,0.991699,0.959961,0.259766,0.987305
938.000000,300.000000,0.796875,1.000000,0.986328,0.951660,0.255859,0.991699
939.000000,300.000000,0.791504,1.000000,0.991699,0.957031,0.249023,0.989258
940.000000,300.000000,0.796387,1.000000,1.000000,0.958984,0.255859,0.990234
941.000000,300.000000,0.795898,0.000000,1.000000,0.954102,0.255859,0.993652
942.000000,300.000000,0.792969,1.000000,0.976562,0.957031,0.250977,0.990234
943.000000,300.000000,0.795898,1.000000,1.000000,0.955566,0.253906,0.991211
944.000000,300.000000,0.800781,1.000000,0.986328,0.961914,0.260742,0.992676
945.000000,300.000000,0.794922,1.000000,0.999512,0.961426,0.252930,0.992188
946.000000,300.000000,0.794922,1.000000,0.959473,0.955078,0.253906,0.986328
947.000000,300.000000,0.796387,1.000000,0.993652,0.955078,0.255859,0.994141
948.000000,300.000000,0.799316,1.000000,0.999512,0.960938,0.258789,0.996582
949.000000,300.000000,0.797363,1.000000,0.994629,0.958496,0.256836,0.994141
950.000000,300.000000,0.792969,1.000000,0.999023,0.956543,0.250977,0.990723
951.000000,300.000000,0.794434,1.000000,0.999512,0.958496,0.252930,0.989746
952.000000,300.000000,0.798340,1.000000,0.997070,0.956543,0.257812,0.992676
953.000000,300.000000,0.798828,1.000000,0.997070,0.960938,0.259766,0.995605
954.000000,300.000000,0.791504,1.000000,0.996582,0.954590,0.249023,0.990234
955.000000,300.000000,0.798828,1.000000,0.996582,0.960938,0.257812,0.994629
956.000000,300.000000,0.796387,1.000000,0.951660,0.957031,0.254883,0.991211
957.000000,300.000000,0.791504,1.000000,0.990234,0.959473,0.248047,0.989746
958.000000,300.000000,0.794922,1.000000,0.999512,0.958008,0.253906,0.991211
959.000000,300.000000,0.791504,1.000000,0.998535,0.959473,0.248047,0.995117
960.000000,300.000000,0.791992,1.000000,0.999023,0.956543,0.249023,0.995117
961.000000,300.000000,0.797363,1.000000,0.996582,0.959473,0.256836,0.993164
962.000000,300.000000,0.791504,1.000000,0.948730,0.962891,0.250000,0.989258
963.000000,300.000000,0.796387,1.000000,0.976562,0.959961,0.255859,0.994629
964.000000,300.000000,0.798340,1.000000,0.986328,0.960938,0.257812,0.994141
965.000000,300.000000,0.798340,1.000000,0.999512,0.955566,0.258789,0.990723
966.000000,300.000000,0.794434,1.000000,0.993652,0.959961,0.252930,0.989258
967.000000,300.000000,0.791016,1.000000,0.997070,0.959961,0.249023,0.994141
968.000000,300.000000,0.790527,1.000000,0.999023,0.962402,0.247070,0.992676
969.000000,300.000000,0.793945,1.000000,0.991699,0.957520,0.253906,0.990234
970.000000,300.000000,0.794922,1.000000,0.999023,0.959961,0.253906,0.995117
971.000000,300.000000,0.788086,1.000000,0.999023,0.955078,0.245117,0.991211
972.000000,300.000000,0.790527,1.000000,0.951660,0.956055,0.249023,0.987793
973.000000,300.000000,0.801270,1.000000,0.999512,0.958008,0.261719,0.996094
974.000000,300.000000,0.797852,1.000000,1.000000,0.958496,0.256836,0.994629
975.000000,300.000000,0.795898,1.000000,0.999023,0.958008,0.254883,0.994629
976.000000,300.000000,0.791016,1.000000,0.993652,0.962402,0.248047,0.987793
977.000000,300.000000,0.801270,1.000000,0.978516,0.960449,0.262695,0.995117
978.000000,300.000000,0.797363,1.000000,0.948730,0.958984,0.256836,0.994141
979.000000,300.000000,0.795410,1.000000,0.996582,0.957520,0.254883,0.987305
980.000000,300.000000,0.796875,1.000000,0.999023,0.956543,0.256836,0.988770
981.000000,300.000000,0.795898,1.000000,1.000000,0.959961,0.255859,0.993652
982.000000,300.000000,0.790039,1.000000,0.956543,0.958008,0.246094,0.994141
983.000000,300.000000,0.792480,1.000000,1.000000,0.958008,0.250977,0.989258
984.000000,300.000000,0.796387,1.000000,1.000000,0.956543,0.255859,0.994141
985.000000,300.000000,0.790039,0.000000,0.959473,0.947754,0.246094,0.989746
986.000000,300.000000,0.798828,1.000000,0.998535,0.954590,0.257812,0.989746
987.000000,300.000000,0.795410,1.000000,0.904297,0.959473,0.254883,0.986328
988.000000,300.000000,0.792480,1.000000,0.999512,0.959961,0.250000,0.988281
989.000000,300.000000,0.798828,1.000000,0.990234,0.961426,0.259766,0.990723
990.000000,300.000000,0.793945,1.000000,0.993652,0.959473,0.250977,0.989258
991.000000,300.000000,0.793457,1.000000,1.000000,0.959961,0.251953,0.991699
992.000000,300.000000,0.792480,1.000000,1.000000,0.959961,0.249023,0.985352
993.000000,300.000000,0.795410,0.000000,1.000000,0.959961,0.253906,0.993652
994.000000,300.000000,0.798340,1.000000,0.999512,0.957031,0.258789,0.994141
995.000000,300.000000,0.792480,1.000000,0.999023,0.956055,0.250000,0.994629
996.000000,300.000000,0.791992,1.000000,0.983887,0.956543,0.250000,0.994629
997.000000,300.000000,0.797363,1.000000,0.998535,0.957520,0.257812,0.995117
998.000000,300.000000,0.794922,1.000000,0.988281,0.958984,0.253906,0.992676
999.000000,300.000000,0.796875,1.000000,0.997070,0.951172,0.255859,0.992188
1000.000000,300.000000,0.790527,1.000000,0.999023,0.956543,0.247070,0.992188
1.000000,600.000000,0.869141,1.000000,0.993652,0.966309,0.437500,0.992676
2.000000,600.000000,0.870117,1.000000,0.990234,0.966797,0.440430,0.993164
3.000000,600.000000,0.873535,1.000000,0.999512,0.967773,0.449219,0.993164
4.000000,600.000000,0.866699,1.000000,0.998047,0.963867,0.432617,0.993164
5.000000,600.000000,0.872070,1.000000,0.994629,0.965332,0.447266,0.992676
6.000000,600.000000,0.874023,1.000000,0.999512,0.966309,0.454102,0.988281
7.000000,600.000000,0.872559,1.000000,0.970215,0.967773,0.448242,0.987793
8.000000,600.000000,0.865234,1.000000,0.999023,0.965332,0.427734,0.991699
9.000000,600.000000,0.868652,1.000000,0.993652,0.965332,0.438477,0.985352
10.000000,600.000000,0.864746,1.000000,0.999512,0.963379,0.429688,0.994141
11.000000,600.000000,0.870605,1.000000,0.991699,0.966797,0.440430,0.993164
12.000000,600.000000,0.872559,1.000000,1.000000,0.965332,0.447266,0.992676
13.000000,600.000000,0.867188,1.000000,1.000000,0.964844,0.435547,0.993652
14.000000,600.000000,0.871094,1.000000,1.000000,0.965332,0.446289,0.993164
15.000000,600.000000,0.869141,1.000000,1.000000,0.965820,0.440430,0.991699
16.000000,600.000000,0.870605,1.000000,0.994629,0.964844,0.441406,0.993652
17.000000,600.000000,0.873047,1.000000,0.999512,0.965820,0.446289,0.992676
18.000000,600.000000,0.870117,1.000000,0.998047,0.962891,0.443359,0.983887
19.000000,600.000000,0.870117,1.000000,0.999023,0.965332,0.443359,0.983887
20.000000,600.000000,0.869141,1.000000,1.000000,0.962891,0.441406,0.988281
21.000000,600.000000,0.870605,1.000000,0.999023,0.965820,0.443359,0.994141
22.000000,600.000000,0.869629,1.000000,0.999512,0.965820,0.439453,0.990234
23.000000,600.000000,0.868164,1.000000,0.992188,0.967773,0.434570,0.986328
24.000000,600.000000,0.865723,0.000000,1.000000,0.965820,0.426758,0.985352
25.000000,600.000000,0.871582,1.000000,0.999023,0.965332,0.443359,0.993652
26.000000,600.000000,0.868652,1.000000,0.999023,0.967285,0.437500,0.993164
27.000000,600.000000,0.869629,1.000000,0.996582,0.963379,0.441406,0.984375
28.000000,600.000000,0.868652,1.000000,0.997070,0.968750,0.438477,0.989746
29.000000,600.000000,0.868652,0.000000,0.999512,0.964844,0.440430,0.990723
30.000000,600.000000,0.868652,1.000000,1.000000,0.964844,0.439453,0.992676
31.000000,600.000000,0.867188,1.000000,0.997559,0.964844,0.436523,0.985840
32.000000,600.000000,0.873535,1.000000,0.985840,0.965820,0.451172,0.986328
33.000000,600.000000,0.876953,1.000000,0.992188,0.965820,0.458984,0.988281
34.000000,600.000000,0.868164,1.000000,0.996094,0.963379,0.439453,0.993164
35.000000,600.000000,0.870605,1.000000,0.994629,0.962891,0.441406,0.992188
36.000000,600.000000,0.861816,1.000000,0.999512,0.963379,0.424805,0.987793
37.000000,600.000000,0.867676,1.000000,0.970215,0.964844,0.438477,0.992676
38.000000,600.000000,0.868652,1.000000,0.994629,0.967773,0.436523,0.992676
39.000000,600.000000,0.874512,1.000000,0.999512,0.963379,0.452148,0.991699
40.000000,600.000000,0.874512,1.000000,0.999512,0.964355,0.454102,0.989746
41.000000,600.000000,0.870117,1.000000,0.988281,0.962402,0.441406,0.993164
42.000000,600.000000,0.869629,1.000000,0.998535,0.965820,0.439453,0.993164
43.000000,600.000000,0.867676,1.000000,0.999023,0.965332,0.437500,0.991699
44.000000,600.000000,0.874023,1.000000,0.988281,0.965820,0.451172,0.993652
45.000000,600.000000,0.873535,1.000000,0.997070,0.963867,0.449219,0.989258
46.000000,600.000000,0.873047,1.000000,0.999512,0.961914,0.449219,0.992676
47.000000,600.000000,0.865234,1.000000,1.000000,0.967285,0.428711,0.984375
48.000000,600.000000,0.868652,1.000000,0.988281,0.962891,0.438477,0.994141
49.000000,600.000000,0.869629,1.000000,0.997559,0.965820,0.443359,0.985352
50.000000,600.000000,0.873047,1.000000,0.997070,0.964355,0.450195,0.989746
51.000000,600.000000,0.872559,1.000000,1.000000,0.963867,0.447266,0.985840
52.000000,600.000000,0.871094,1.000000,0.997070,0.965820,0.442383,0.992676
53.000000,600.000000,0.872070,1.000000,1.000000,0.967285,0.449219,0.990723
54.000000,600.000000,0.871094,1.000000,1.000000,0.962891,0.442383,0.985840
55.000000,600.000000,0.869629,1.000000,0.998535,0.965332,0.442383,0.992676
56.000000,600.000000,0.869141,1.000000,0.999023,0.964844,0.441406,0.983887
57.000000,600.000000,0.873047,1.000000,0.985840,0.964844,0.450195,0.988770
58.000000,600.000000,0.870117,1.000000,0.994629,0.969238,0.445312,0.992676
59.000000,600.000000,0.870117,1.000000,0.996582,0.963867,0.440430,0.990234
60.000000,600.000000,0.870605,1.000000,0.985840,0.965332,0.441406,0.991699
61.000000,600.000000,0.871582,1.000000,0.995117,0.965820,0.447266,0.992676
62.000000,600.000000,0.869141,1.000000,1.000000,0.965820,0.440430,0.992188
63.000000,600.000000,0.868652,1.000000,0.993652,0.965820,0.443359,0.990234
64.000000,600.000000,0.867188,1.000000,1.000000,0.965332,0.432617,0.992676
65.000000,600.000000,0.874512,1.000000,0.981934,0.963867,0.450195,0.991699
66.000000,600.000000,0.870605,1.000000,0.999512,0.964355,0.441406,0.990234
67.000000,600.000000,0.866211,1.000000,0.999023,0.966309,0.431641,0.993164
68.000000,600.000000,0.868652,1.000000,0.996094,0.963867,0.440430,0.991699
69.000000,600.000000,0.873535,1.000000,0.995117,0.967773,0.451172,0.992188
70.000000,600.000000,0.864258,1.000000,1.000000,0.962891,0.424805,0.986816
71.000000,600.000000,0.869141,1.000000,1.000000,0.964844,0.439453,0.991211
72.000000,600.000000,0.867676,1.000000,0.976562,0.964355,0.435547,0.989258
73.000000,600.000000,0.868164,1.000000,0.997070,0.964355,0.436523,0.992676
74.000000,600.000000,0.871582,1.000000,0.999023,0.962891,0.446289,0.984863
75.000000,600.000000,0.866699,1.000000,1.000000,0.962891,0.433594,0.989258
76.000000,600.000000,0.873535,1.000000,0.983887,0.966309,0.452148,0.991699
77.000000,600.000000,0.875977,1.000000,0.996582,0.967773,0.456055,0.992676
78.000000,600.000000,0.879883,1.000000,1.000000,0.967773,0.464844,0.985352
79.000000,600.000000,0.871094,1.000000,0.984375,0.962402,0.445312,0.983398
80.000000,600.000000,0.865723,1.000000,1.000000,0.969727,0.434570,0.985840
81.000000,600.000000,0.872070,1.000000,0.996582,0.964844,0.447266,0.992676
82.000000,600.000000,0.866699,1.000000,0.998047,0.967285,0.433594,0.988281
83.000000,600.000000,0.872559,1.000000,0.986328,0.963867,0.447266,0.993164
84.000000,600.000000,0.866699,1.000000,0.999512,0.965820,0.432617,0.992676
85.000000,600.000000,0.873535,1.000000,1.000000,0.966797,0.449219,0.993164
86.000000,600.000000,0.863281,1.000000,0.986328,0.966797,0.425781,0.987305
87.000000,600.000000,0.874512,1.000000,0.994629,0.965820,0.451172,0.992676
88.000000,600.000000,0.873047,1.000000,0.999512,0.965332,0.448242,0.978516
89.000000,600.000000,0.865723,1.000000,0.988281,0.964844,0.432617,0.993164
90.000000,600.000000,0.868164,1.000000,0.993652,0.969238,0.435547,0.993164
91.000000,600.000000,0.866211,1.000000,0.995117,0.965332,0.432617,0.991699
92.000000,600.000000,0.870605,1.000000,0.996094,0.966309,0.442383,0.995117
93.000000,600.000000,0.867188,1.000000,0.990234,0.965332,0.435547,0.987305
94.000000,600.000000,0.870605,1.000000,0.999512,0.966797,0.443359,0.989746
95.000000,600.000000,0.872559,1.000000,0.990234,0.966797,0.449219,0.992676
96.000000,600.000000,0.869629,1.000000,0.994629,0.965820,0.441406,0.988770
97.000000,600.000000,0.874512,1.000000,0.999512,0.966797,0.454102,0.992676
98.000000,600.000000,0.870605,1.000000,0.998535,0.963867,0.444336,0.986816
99.000000,600.000000,0.876953,1.000000,0.996582,0.967773,0.458984,0.992676
100.000000,600.000000,0.864746,1.000000,1.000000,0.966797,0.425781,0.985840
101.000000,600.000000,0.867188,1.000000,0.999512,0.963379,0.439453,0.993164
102.000000,600.000000,0.870605,1.000000,0.975586,0.966797,0.446289,0.991699
103.000000,600.000000,0.875000,1.000000,1.000000,0.961914,0.455078,0.992188
104.000000,600.000000,0.872559,1.000000,0.998047,0.966309,0.448242,0.992676
105.000000,600.000000,0.874512,1.000000,0.994629,0.964355,0.453125,0.989746
106.000000,600.000000,0.867188,1.000000,0.995117,0.963379,0.434570,0.985352
107.000000,600.000000,0.874023,1.000000,0.994629,0.965820,0.449219,0.991211
108.000000,600.000000,0.868164,1.000000,0.997559,0.967285,0.436523,0.985352
109.000000,600.000000,0.872070,1.000000,0.984375,0.966309,0.445312,0.989746
110.000000,600.000000,0.869629,1.000000,0.999512,0.967285,0.441406,0.989746
111.000000,600.000000,0.875488,1.000000,0.999512,0.965820,0.454102,0.992676
112.000000,600.000000,0.872070,1.000000,0.973633,0.963379,0.446289,0.990723
113.000000,600.000000,0.873535,0.000000,0.999023,0.964355,0.448242,0.990723
114.000000,600.000000,0.869629,1.000000,0.997070,0.968262,0.440430,0.991211
115.000000,600.000000,0.872070,1.000000,1.000000,0.967285,0.447266,0.986816
116.000000,600.000000,0.869629,1.000000,0.999023,0.967773,0.442383,0.993652
117.000000,600.000000,0.871094,1.000000,0.983887,0.963379,0.446289,0.989746
118.000000,600.000000,0.867188,1.000000,0.999023,0.963379,0.434570,0.992188
119.000000,600.000000,0.867676,1.000000,0.988281,0.966309,0.435547,0.989258
120.000000,600.000000,0.873535,1.000000,0.999512,0.967285,0.450195,0.992676
121.000000,600.000000,0.866211,1.000000,0.999512,0.964844,0.433594,0.984375
122.000000,600.000000,0.871582,1.000000,0.983887,0.962402,0.443359,0.989258
123.000000,600.000000,0.874023,1.000000,0.999512,0.968262,0.452148,0.991699
124.000000,600.000000,0.870117,1.000000,0.999512,0.963867,0.440430,0.989746
125.000000,600.000000,0.868164,1.000000,0.998047,0.963379,0.437500,0.992676
126.000000,600.000000,0.868652,1.000000,0.988770,0.965332,0.436523,0.988770
127.000000,600.000000,0.865723,1.000000,0.988770,0.969238,0.435547,0.987305
128.000000,600.000000,0.861816,1.000000,0.998047,0.965820,0.422852,0.992188
129.000000,600.000000,0.869141,1.000000,0.992188,0.965332,0.442383,0.993164
130.000000,600.000000,0.870117,1.000000,0.994629,0.967285,0.442383,0.992188
131.000000,600.000000,0.868652,1.000000,1.000000,0.962402,0.439453,0.988281
132.000000,600.000000,0.869141,1.000000,0.995117,0.967285,0.435547,0.992676
133.000000,600.000000,0.872559,1.000000,0.995117,0.964355,0.449219,0.992188
134.000000,600.000000,0.867188,1.000000,0.996094,0.961914,0.434570,0.982910
135.000000,600.000000,0.868652,1.000000,0.996582,0.966309,0.439453,0.993164
136.000000,600.000000,0.873535,1.000000,0.996582,0.965820,0.450195,0.989258
137.000000,600.000000,0.873047,1.000000,1.000000,0.964355,0.449219,0.992188
138.000000,600.000000,0.875977,1.000000,0.998047,0.963379,0.458008,0.982910
139.000000,600.000000,0.869629,1.000000,0.997559,0.965820,0.440430,0.993164
140.000000,600.000000,0.876465,1.000000,0.998047,0.965332,0.457031,0.992188
141.000000,600.000000,0.866211,1.000000,0.998535,0.962891,0.431641,0.989258
142.000000,600.000000,0.875000,1.000000,0.998535,0.968262,0.453125,0.993652
143.000000,600.000000,0.874023,1.000000,0.998047,0.966309,0.453125,0.990723
144.000000,600.000000,0.868652,1.000000,0.996582,0.964355,0.441406,0.992676
145.000000,600.000000,0.874023,1.000000,0.999512,0.962891,0.451172,0.992676
146.000000,600.000000,0.873535,1.000000,1.000000,0.968262,0.451172,0.987305
147.000000,600.000000,0.875000,1.000000,0.992188,0.967285,0.457031,0.992676
148.000000,600.000000,0.874512,1.000000,1.000000,0.962891,0.453125,0.992676
149.000000,600.000000,0.869141,1.000000,0.997070,0.963379,0.438477,0.984375
150.000000,600.000000,0.868652,1.000000,0.999512,0.968262,0.436523,0.994629
151.000000,600.000000,0.875977,1.000000,0.996582,0.967285,0.456055,0.991211
152.000000,600.000000,0.871094,1.000000,0.998535,0.962402,0.444336,0.987793
153.000000,600.000000,0.871582,1.000000,0.998047,0.966797,0.443359,0.988281
154.000000,600.000000,0.868652,1.000000,0.998047,0.965332,0.438477,0.990234
155.000000,600.000000,0.870117,1.000000,0.990234,0.964355,0.440430,0.984375
156.000000,600.000000,0.872559,1.000000,0.998047,0.963867,0.449219,0.992676
157.000000,600.000000,0.876953,1.000000,1.000000,0.967285,0.459961,0.994141
158.000000,600.000000,0.873047,1.000000,0.992188,0.966309,0.451172,0.992676
159.000000,600.000000,0.865723,1.000000,0.993652,0.967285,0.429688,0.993164
160.000000,600.000000,0.869629,1.000000,0.998535,0.963867,0.438477,0.991699
161.000000,600.000000,0.866211,1.000000,0.999023,0.963867,0.430664,0.986328
162.000000,600.000000,0.870605,1.000000,0.988770,0.965820,0.444336,0.985840
163.000000,600.000000,0.868652,1.000000,0.996582,0.962891,0.437500,0.989258
164.000000,600.000000,0.868164,1.000000,0.996582,0.965820,0.438477,0.990234
165.000000,600.000000,0.868164,1.000000,0.990234,0.964844,0.440430,0.993164
166.000000,600.000000,0.875000,1.000000,0.992188,0.963379,0.452148,0.985840
167.000000,600.000000,0.870605,1.000000,1.000000,0.965820,0.443359,0.991699
168.000000,600.000000,0.873535,1.000000,1.000000,0.965820,0.450195,0.988770
169.000000,600.000000,0.869141,1.000000,0.993652,0.965820,0.437500,0.982422
170.000000,600.000000,0.870117,1.000000,0.999512,0.963867,0.446289,0.993652
171.000000,600.000000,0.864258,1.000000,0.999512,0.966797,0.428711,0.992188
172.000000,600.000000,0.873047,0.000000,0.999512,0.965332,0.449219,0.990723
173.000000,600.000000,0.869141,1.000000,1.000000,0.965332,0.438477,0.991699
174.000000,600.000000,0.869629,1.000000,0.999512,0.964844,0.442383,0.993164
175.000000,600.000000,0.872559,1.000000,0.999512,0.966309,0.450195,0.992676
176.000000,600.000000,0.871582,1.000000,1.000000,0.962891,0.447266,0.993652
177.000000,600.000000,0.868164,1.000000,0.991699,0.966797,0.440430,0.985840
178.000000,600.000000,0.873047,1.000000,0.998535,0.966797,0.449219,0.990723
179.000000,600.000000,0.871094,1.000000,1.000000,0.964844,0.445312,0.984375
180.000000,600.000000,0.866211,0.000000,1.000000,0.958008,0.431641,0.992676
181.000000,600.000000,0.868652,1.000000,0.999512,0.962402,0.437500,0.991211
182.000000,600.000000,0.873535,1.000000,0.996582,0.966797,0.450195,0.989746
183.000000,600.000000,0.873535,1.000000,1.000000,0.963867,0.450195,0.991699
184.000000,600.000000,0.864258,1.000000,0.996582,0.963379,0.428711,0.992188
185.000000,600.000000,0.875488,1.000000,0.999023,0.967773,0.452148,0.993164
186.000000,600.000000,0.867676,1.000000,1.000000,0.964355,0.437500,0.993652
187.000000,600.000000,0.863770,1.000000,1.000000,0.963379,0.425781,0.992188
188.000000,600.000000,0.873535,1.000000,0.988770,0.968262,0.448242,0.989258
189.000000,600.000000,0.872070,1.000000,0.998535,0.966309,0.445312,0.992188
190.000000,600.000000,0.873535,1.000000,0.999512,0.965332,0.451172,0.991699
191.000000,600.000000,0.871094,1.000000,0.962891,0.965332,0.444336,0.989746
192.000000,600.000000,0.863281,1.000000,0.996582,0.968262,0.428711,0.987793
193.000000,600.000000,0.869629,1.000000,0.997070,0.966797,0.443359,0.992188
194.000000,600.000000,0.867676,1.000000,0.990234,0.964355,0.439453,0.985352
195.000000,600.000000,0.866699,1.000000,0.988770,0.964844,0.433594,0.989746
196.000000,600.000000,0.871582,1.000000,0.999023,0.965332,0.445312,0.993164
197.000000,600.000000,0.874512,1.000000,0.999023,0.967285,0.450195,0.993164
198.000000,600.000000,0.870117,1.000000,1.000000,0.967773,0.442383,0.993652
199.000000,600.000000,0.871094,1.000000,0.990234,0.962402,0.445312,0.986816
200.000000,600.000000,0.875000,1.000000,0.999023,0.963867,0.453125,0.983887
201.000000,600.000000,0.869141,0.000000,0.998535,0.966309,0.443359,0.993164
202.000000,600.000000,0.869629,1.000000,0.988281,0.965332,0.439453,0.986816
203.000000,600.000000,0.871094,1.000000,0.991699,0.963379,0.447266,0.990723
204.000000,600.000000,0.870117,1.000000,1.000000,0.966797,0.443359,0.985840
205.000000,600.000000,0.874512,1.000000,1.000000,0.963867,0.452148,0.990723
206.000000,600.000000,0.869141,1.000000,1.000000,0.969238,0.440430,0.982910
207.000000,600.000000,0.873535,1.000000,0.999023,0.964355,0.449219,0.994141
208.000000,600.000000,0.873535,0.000000,0.993652,0.963379,0.451172,0.992188
209.000000,600.000000,0.872559,1.000000,0.994629,0.968262,0.446289,0.992676
210.000000,600.000000,0.865723,1.000000,0.998535,0.965332,0.428711,0.983398
211.000000,600.000000,0.873535,1.000000,0.997559,0.966797,0.448242,0.990234
212.000000,600.000000,0.868652,1.000000,0.991699,0.967773,0.437500,0.989746
213.000000,600.000000,0.871094,1.000000,0.990234,0.967285,0.446289,0.992676
214.000000,600.000000,0.869141,1.000000,1.000000,0.965820,0.440430,0.992676
215.000000,600.000000,0.870117,0.000000,1.000000,0.965332,0.441406,0.983887
216.000000,600.000000,0.873047,1.000000,0.997559,0.962891,0.449219,0.991211
217.000000,600.000000,0.874023,0.000000,0.995117,0.966309,0.449219,0.993164
218.000000,600.000000,0.873535,1.000000,0.990234,0.964355,0.450195,0.992676
219.000000,600.000000,0.868652,1.000000,0.990234,0.967285,0.436523,0.988281
220.000000,600.000000,0.871582,1.000000,0.995117,0.965332,0.444336,0.988281
221.000000,600.000000,0.869629,1.000000,0.998535,0.969238,0.444336,0.987793
222.000000,600.000000,0.873535,1.000000,0.998535,0.961914,0.449219,0.987793
223.000000,600.000000,0.871094,1.000000,0.988770,0.968750,0.444336,0.989746
224.000000,600.000000,0.867676,1.000000,0.993652,0.964844,0.438477,0.988770
225.000000,600.000000,0.868164,1.000000,0.962891,0.966309,0.436523,0.992188
226.000000,600.000000,0.873535,1.000000,0.999512,0.960938,0.450195,0.990723
227.000000,600.000000,0.874023,1.000000,1.000000,0.967285,0.455078,0.992676
228.000000,600.000000,0.870117,1.000000,0.990234,0.965332,0.440430,0.992676
229.000000,600.000000,0.873047,1.000000,1.000000,0.964355,0.449219,0.993164
230.000000,600.000000,0.871582,1.000000,1.000000,0.963867,0.448242,0.989258
231.000000,600.000000,0.874023,1.000000,1.000000,0.965820,0.450195,0.989746
232.000000,600.000000,0.869141,1.000000,0.997559,0.964355,0.439453,0.991211
233.000000,600.000000,0.869629,1.000000,0.996094,0.964355,0.440430,0.985352
234.000000,600.000000,0.869629,1.000000,1.000000,0.964844,0.442383,0.994141
235.000000,600.000000,0.862305,1.000000,0.994629,0.962402,0.422852,0.988770
236.000000,600.000000,0.872559,1.000000,0.988770,0.966797,0.449219,0.990234
237.000000,600.000000,0.877930,1.000000,0.999512,0.961914,0.461914,0.994629
238.000000,600.000000,0.871094,1.000000,0.996094,0.964844,0.446289,0.990723
239.000000,600.000000,0.864258,1.000000,0.999512,0.965820,0.427734,0.993164
240.000000,600.000000,0.865234,1.000000,0.996094,0.965820,0.432617,0.992188
241.000000,600.000000,0.873535,1.000000,1.000000,0.965332,0.452148,0.988770
242.000000,600.000000,0.873535,1.000000,0.998535,0.966309,0.451172,0.993652
243.000000,600.000000,0.867188,1.000000,1.000000,0.966309,0.435547,0.985840
244.000000,600.000000,0.873047,1.000000,0.993652,0.966797,0.447266,0.982910
245.000000,600.000000,0.872070,1.000000,0.999512,0.962402,0.447266,0.992676
246.000000,600.000000,0.868164,1.000000,1.000000,0.964355,0.435547,0.990234
247.000000,600.000000,0.865234,1.000000,0.988281,0.968262,0.428711,0.984375
248.000000,600.000000,0.871582,1.000000,0.998047,0.965332,0.446289,0.993652
249.000000,600.000000,0.874512,1.000000,1.000000,0.964355,0.455078,0.981445
250.000000,600.000000,0.872559,1.000000,0.994629,0.964355,0.448242,0.992188
251.000000,600.000000,0.869629,1.000000,0.999512,0.963867,0.440430,0.980469
252.000000,600.000000,0.871094,1.000000,0.963867,0.965332,0.442383,0.989746
253.000000,600.000000,0.867188,1.000000,0.994629,0.965820,0.431641,0.992676
254.000000,600.000000,0.862305,0.000000,0.972656,0.965332,0.423828,0.985840
255.000000,600.000000,0.874512,1.000000,1.000000,0.968262,0.458008,0.993164
256.000000,600.000000,0.867676,1.000000,1.000000,0.964844,0.439453,0.991699
257.000000,600.000000,0.871582,1.000000,0.981934,0.964355,0.444336,0.992188
258.000000,600.000000,0.864258,1.000000,0.991699,0.963379,0.425781,0.992188
259.000000,600.000000,0.874023,1.000000,0.999023,0.965332,0.452148,0.992188
260.000000,600.000000,0.874023,0.000000,1.000000,0.962891,0.452148,0.991699
261.000000,600.000000,0.870605,1.000000,0.996582,0.967285,0.446289,0.993652
262.000000,600.000000,0.867188,1.000000,1.000000,0.964844,0.435547,0.992676
263.000000,600.000000,0.871582,1.000000,0.998047,0.967285,0.448242,0.992676
264.000000,600.000000,0.866699,1.000000,1.000000,0.967773,0.435547,0.982910
265.000000,600.000000,0.878906,1.000000,0.999512,0.968262,0.461914,0.991699
266.000000,600.000000,0.873535,1.000000,0.999023,0.964355,0.448242,0.992676
267.000000,600.000000,0.865234,1.000000,0.996094,0.963379,0.429688,0.991211
268.000000,600.000000,0.867676,1.000000,0.999512,0.965332,0.436523,0.993652
269.000000,600.000000,0.874512,1.000000,0.993652,0.961426,0.453125,0.992676
270.000000,600.000000,0.869141,1.000000,1.000000,0.965820,0.439453,0.992676
271.000000,600.000000,0.869141,1.000000,0.999512,0.968262,0.438477,0.992188
272.000000,600.000000,0.863281,1.000000,1.000000,0.965332,0.424805,0.988770
273.000000,600.000000,0.868652,1.000000,0.997070,0.963379,0.436523,0.989258
274.000000,600.000000,0.869141,1.000000,0.999023,0.965820,0.438477,0.988281
275.000000,600.000000,0.868652,1.000000,0.997559,0.966797,0.438477,0.987305
276.000000,600.000000,0.872559,1.000000,0.999512,0.968750,0.447266,0.988281
277.000000,600.000000,0.871582,1.000000,0.998047,0.967285,0.446289,0.985352
278.000000,600.000000,0.872559,1.000000,0.999512,0.962891,0.449219,0.986816
279.000000,600.000000,0.870117,1.000000,1.000000,0.963867,0.441406,0.983887
280.000000,600.000000,0.876465,1.000000,0.996582,0.965820,0.456055,0.984375
281.000000,600.000000,0.872070,1.000000,0.996582,0.968262,0.445312,0.993652
282.000000,600.000000,0.868652,1.000000,0.999512,0.961426,0.442383,0.987793
283.000000,600.000000,0.874023,1.000000,0.995117,0.964355,0.449219,0.990234
284.000000,600.000000,0.872070,1.000000,0.992188,0.960449,0.446289,0.987793
285.000000,600.000000,0.869141,1.000000,1.000000,0.967285,0.441406,0.989258
286.000000,600.000000,0.873535,0.000000,0.969727,0.961914,0.452148,0.988770
287.000000,600.000000,0.873535,1.000000,0.996582,0.967773,0.454102,0.992188
288.000000,600.000000,0.873047,1.000000,0.999023,0.964355,0.450195,0.982422
289.000000,600.000000,0.874512,1.000000,0.999512,0.964355,0.454102,0.993652
290.000000,600.000000,0.870117,1.000000,0.999023,0.967773,0.439453,0.992676
291.000000,600.000000,0.870605,1.000000,0.999512,0.963379,0.442383,0.989746
292.000000,600.000000,0.862305,1.000000,0.999512,0.967285,0.424805,0.988770
293.000000,600.000000,0.871094,1.000000,0.998047,0.966797,0.442383,0.988770
294.000000,600.000000,0.868652,1.000000,0.988281,0.961426,0.437500,0.993164
295.000000,600.000000,0.882324,1.000000,0.999512,0.966797,0.474609,0.992676
296.000000,600.000000,0.874023,1.000000,0.998535,0.965332,0.452148,0.988770
297.000000,600.000000,0.867676,1.000000,0.996582,0.960938,0.436523,0.993164
298.000000,600.000000,0.871582,1.000000,1.000000,0.964844,0.443359,0.993164
299.000000,600.000000,0.865723,1.000000,0.955566,0.965332,0.429688,0.986328
300.000000,600.000000,0.871094,1.000000,0.999512,0.966797,0.443359,0.993164
301.000000,600.000000,0.874512,1.000000,0.998047,0.964355,0.450195,0.992676
302.000000,600.000000,0.870117,1.000000,0.998047,0.965332,0.439453,0.992676
303.000000,600.000000,0.870117,1.000000,0.994629,0.966797,0.439453,0.992676
304.000000,600.000000,0.864746,1.000000,1.000000,0.965820,0.429688,0.991699
305.000000,600.000000,0.867676,1.000000,1.000000,0.968750,0.435547,0.992676
306.000000,600.000000,0.869629,0.000000,1.000000,0.966309,0.442383,0.983398
307.000000,600.000000,0.869141,1.000000,0.988281,0.963379,0.436523,0.993652
308.000000,600.000000,0.870117,1.000000,0.998047,0.964355,0.439453,0.991699
309.000000,600.000000,0.875488,1.000000,1.000000,0.962891,0.457031,0.993164
310.000000,600.000000,0.869141,1.000000,0.959473,0.962891,0.440430,0.990723
311.000000,600.000000,0.868652,1.000000,1.000000,0.965332,0.437500,0.993164
312.000000,600.000000,0.870117,1.000000,0.985840,0.965820,0.443359,0.991699
313.000000,600.000000,0.867676,1.000000,0.998047,0.965332,0.432617,0.987305
314.000000,600.000000,0.869629,1.000000,0.998047,0.964355,0.440430,0.989746
315.000000,600.000000,0.871582,1.000000,0.986328,0.964844,0.444336,0.992676
316.000000,600.000000,0.865723,1.000000,1.000000,0.967773,0.429688,0.991211
317.000000,600.000000,0.870117,1.000000,1.000000,0.963867,0.439453,0.992188
318.000000,600.000000,0.874512,1.000000,0.990234,0.968750,0.453125,0.986816
319.000000,600.000000,0.867676,1.000000,0.979004,0.966309,0.435547,0.992676
320.000000,600.000000,0.869141,0.000000,1.000000,0.966309,0.439453,0.984375
321.000000,600.000000,0.870117,1.000000,0.999512,0.966797,0.438477,0.988281
322.000000,600.000000,0.869629,1.000000,0.999512,0.966309,0.440430,0.990234
323.000000,600.000000,0.874512,1.000000,0.999512,0.967285,0.451172,0.990723
324.000000,600.000000,0.871094,1.000000,1.000000,0.966797,0.446289,0.994141
325.000000,600.000000,0.871094,1.000000,0.994629,0.967773,0.444336,0.992676
326.000000,600.000000,0.876953,1.000000,1.000000,0.967285,0.458008,0.991699
327.000000,600.000000,0.876465,1.000000,0.993652,0.962891,0.457031,0.991211
328.000000,600.000000,0.870117,1.000000,0.996094,0.960449,0.442383,0.991699
329.000000,600.000000,0.873535,1.000000,1.000000,0.964355,0.452148,0.986328
330.000000,600.000000,0.870117,1.000000,0.999512,0.964355,0.439453,0.991211
331.000000,600.000000,0.875000,1.000000,0.999512,0.964844,0.451172,0.991699
332.000000,600.000000,0.865234,1.000000,0.992188,0.964355,0.429688,0.986328
333.000000,600.000000,0.869141,1.000000,0.995117,0.965820,0.437500,0.991211
334.000000,600.000000,0.867676,1.000000,1.000000,0.963379,0.435547,0.988281
335.000000,600.000000,0.877441,1.000000,0.972656,0.965820,0.457031,0.993652
336.000000,600.000000,0.864746,1.000000,0.996582,0.966309,0.428711,0.992676
337.000000,600.000000,0.874023,1.000000,1.000000,0.965820,0.453125,0.990234
338.000000,600.000000,0.873047,1.000000,1.000000,0.966309,0.447266,0.993164
339.000000,600.000000,0.873047,1.000000,0.998047,0.965332,0.448242,0.992676
340.000000,600.000000,0.869141,1.000000,0.999512,0.965820,0.441406,0.992676
341.000000,600.000000,0.871582,1.000000,0.995117,0.962402,0.446289,0.991211
342.000000,600.000000,0.871094,1.000000,1.000000,0.967285,0.445312,0.993652
343.000000,600.000000,0.870605,1.000000,0.998047,0.966309,0.443359,0.993164
344.000000,600.000000,0.876953,0.000000,0.999512,0.967773,0.459961,0.992676
345.000000,600.000000,0.874023,1.000000,0.996094,0.967773,0.452148,0.993164
346.000000,600.000000,0.867188,1.000000,0.980957,0.968750,0.436523,0.987305
347.000000,600.000000,0.873047,1.000000,1.000000,0.965820,0.451172,0.985352
348.000000,600.000000,0.869141,1.000000,0.988281,0.966309,0.443359,0.992188
349.000000,600.000000,0.868652,1.000000,1.000000,0.962402,0.437500,0.993164
350.000000,600.000000,0.873047,1.000000,0.997070,0.968750,0.449219,0.993652
351.000000,600.000000,0.872070,1.000000,0.996582,0.968262,0.449219,0.982910
352.000000,600.000000,0.871094,1.000000,0.999023,0.963867,0.444336,0.992188
353.000000,600.000000,0.868164,1.000000,0.998535,0.966309,0.436523,0.992676
354.000000,600.000000,0.875488,1.000000,0.999512,0.965332,0.455078,0.990234
355.000000,600.000000,0.866699,1.000000,0.991699,0.961914,0.431641,0.989746
356.000000,600.000000,0.873535,1.000000,0.998047,0.966309,0.451172,0.988770
357.000000,600.000000,0.870605,1.000000,0.999023,0.965332,0.443359,0.983887
358.000000,600.000000,0.866699,1.000000,0.990234,0.966797,0.434570,0.982910
359.000000,600.000000,0.871582,1.000000,0.999512,0.966309,0.446289,0.990723
360.000000,600.000000,0.873047,1.000000,0.990234,0.960449,0.451172,0.977539
361.000000,600.000000,0.868652,1.000000,0.998047,0.963379,0.438477,0.988281
362.000000,600.000000,0.863770,1.000000,0.993652,0.966797,0.428711,0.988770
363.000000,600.000000,0.876953,1.000000,0.985840,0.965820,0.459961,0.988281
364.000000,600.000000,0.871582,1.000000,0.996582,0.968750,0.446289,0.985840
365.000000,600.000000,0.867188,1.000000,0.998047,0.967773,0.435547,0.985840
366.000000,600.000000,0.865234,1.000000,0.999023,0.967773,0.431641,0.990723
367.000000,600.000000,0.876953,1.000000,0.999023,0.964355,0.458984,0.991699
368.000000,600.000000,0.869629,1.000000,1.000000,0.965332,0.439453,0.992676
369.000000,600.000000,0.871094,1.000000,0.999512,0.964844,0.444336,0.993164
370.000000,600.000000,0.859375,1.000000,1.000000,0.962402,0.415039,0.983398
371.000000,600.000000,0.874512,1.000000,0.997070,0.963867,0.454102,0.993164
372.000000,600.000000,0.866211,1.000000,0.995117,0.965820,0.432617,0.986816
373.000000,600.000000,0.872070,1.000000,0.979004,0.965332,0.441406,0.991211
374.000000,600.000000,0.878906,1.000000,0.997070,0.964844,0.464844,0.990234
375.000000,600.000000,0.875977,1.000000,0.992188,0.964355,0.455078,0.988281
376.000000,600.000000,0.869141,1.000000,0.990234,0.966797,0.443359,0.986328
377.000000,600.000000,0.868652,1.000000,1.000000,0.965820,0.440430,0.989258
378.000000,600.000000,0.868652,1.000000,0.993652,0.962402,0.436523,0.984375
379.000000,600.000000,0.875977,1.000000,1.000000,0.963867,0.457031,0.993652
380.000000,600.000000,0.875000,0.000000,0.998535,0.964355,0.453125,0.990234
381.000000,600.000000,0.877930,1.000000,1.000000,0.962891,0.461914,0.992676
382.000000,600.000000,0.873535,0.000000,0.994629,0.966309,0.451172,0.994141
383.000000,600.000000,0.872559,1.000000,0.998047,0.963867,0.447266,0.992676
384.000000,600.000000,0.874023,1.000000,1.000000,0.969238,0.449219,0.986328
385.000000,600.000000,0.870117,1.000000,0.993652,0.963379,0.440430,0.991211
386.000000,600.000000,0.873047,1.000000,0.994629,0.964844,0.447266,0.993652
387.000000,600.000000,0.874023,1.000000,0.997559,0.966309,0.450195,0.989746
388.000000,600.000000,0.865723,1.000000,0.990234,0.965332,0.429688,0.991211
389.000000,600.000000,0.874512,1.000000,0.997070,0.963379,0.452148,0.992188
390.000000,600.000000,0.869629,1.000000,1.000000,0.966309,0.441406,0.989746
391.000000,600.000000,0.863770,1.000000,0.998535,0.961426,0.429688,0.982910
392.000000,600.000000,0.867676,1.000000,0.997070,0.964355,0.436523,0.992188
393.000000,600.000000,0.875488,1.000000,0.999023,0.966309,0.455078,0.988281
394.000000,600.000000,0.865723,1.000000,0.996094,0.962891,0.431641,0.986816
395.000000,600.000000,0.872070,0.000000,0.999023,0.963867,0.446289,0.992676
396.000000,600.000000,0.868164,1.000000,0.990234,0.966309,0.435547,0.993164
397.000000,600.000000,0.873535,1.000000,0.991699,0.963867,0.449219,0.993652
398.000000,600.000000,0.865723,1.000000,0.999512,0.963867,0.429688,0.990234
399.000000,600.000000,0.876465,1.000000,0.993652,0.965332,0.458008,0.992676
400.000000,600.000000,0.870605,1.000000,0.999512,0.965820,0.445312,0.989258
401.000000,600.000000,0.870605,1.000000,0.993652,0.963867,0.443359,0.988770
402.000000,600.000000,0.870605,1.000000,0.995117,0.961426,0.443359,0.993652
403.000000,600.000000,0.871094,1.000000,1.000000,0.966309,0.446289,0.986328
404.000000,600.000000,0.863281,1.000000,0.998535,0.966797,0.424805,0.991211
405.000000,600.000000,0.872070,1.000000,1.000000,0.963379,0.447266,0.992676
406.000000,600.000000,0.868164,1.000000,0.993652,0.965332,0.436523,0.992676
407.000000,600.000000,0.871094,1.000000,0.995117,0.960938,0.444336,0.986328
408.000000,600.000000,0.876465,1.000000,0.999023,0.966309,0.455078,0.992676
409.000000,600.000000,0.870605,1.000000,0.994629,0.960938,0.443359,0.991699
410.000000,600.000000,0.874512,1.000000,0.997070,0.964355,0.451172,0.988770
411.000000,600.000000,0.869629,1.000000,1.000000,0.967285,0.438477,0.990234
412.000000,600.000000,0.869629,1.000000,0.998535,0.966797,0.438477,0.993652
413.000000,600.000000,0.871582,1.000000,0.999023,0.967285,0.445312,0.991211
414.000000,600.000000,0.865723,1.000000,0.999023,0.964844,0.431641,0.986328
415.000000,600.000000,0.866699,1.000000,0.999512,0.965332,0.430664,0.991211
416.000000,600.000000,0.865234,1.000000,1.000000,0.961914,0.435547,0.993652
417.000000,600.000000,0.874023,1.000000,0.992188,0.966309,0.450195,0.993164
418.000000,600.000000,0.874512,1.000000,0.997070,0.966797,0.455078,0.989746
419.000000,600.000000,0.867676,1.000000,0.999512,0.964355,0.436523,0.991699
420.000000,600.000000,0.869141,1.000000,0.993652,0.963867,0.439453,0.991699
421.000000,600.000000,0.868652,1.000000,0.993652,0.965332,0.437500,0.991211
422.000000,600.000000,0.873047,1.000000,0.996582,0.963867,0.451172,0.982422
423.000000,600.000000,0.870117,1.000000,0.997070,0.965332,0.441406,0.993164
424.000000,600.000000,0.870605,1.000000,0.995117,0.966797,0.443359,0.990723
425.000000,600.000000,0.871094,1.000000,0.992188,0.966797,0.443359,0.991699
426.000000,600.000000,0.870117,1.000000,0.983887,0.966797,0.441406,0.985352
427.000000,600.000000,0.873535,1.000000,0.999023,0.962402,0.451172,0.985352
428.000000,600.000000,0.869629,1.000000,1.000000,0.965820,0.442383,0.988281
429.000000,600.000000,0.872559,1.000000,0.980957,0.963867,0.447266,0.993164
430.000000,600.000000,0.874023,1.000000,0.990234,0.964355,0.455078,0.990723
431.000000,600.000000,0.869629,0.000000,0.996094,0.963379,0.440430,0.993652
432.000000,600.000000,0.870117,1.000000,0.999512,0.967773,0.445312,0.993164
433.000000,600.000000,0.870117,1.000000,0.997559,0.966309,0.441406,0.991211
434.000000,600.000000,0.864746,1.000000,0.994629,0.964844,0.429688,0.991699
435.000000,600.000000,0.870605,0.000000,0.998535,0.968262,0.444336,0.992676
436.000000,600.000000,0.869629,1.000000,0.997070,0.969238,0.439453,0.992676
437.000000,600.000000,0.872559,1.000000,1.000000,0.963867,0.450195,0.981445
438.000000,600.000000,0.873047,1.000000,0.998535,0.966309,0.449219,0.993652
439.000000,600.000000,0.875000,1.000000,0.998535,0.966309,0.455078,0.990234
440.000000,600.000000,0.873047,1.000000,0.999023,0.962402,0.451172,0.990234
441.000000,600.000000,0.864746,1.000000,0.999512,0.966797,0.430664,0.994141
442.000000,600.000000,0.868652,1.000000,1.000000,0.966309,0.439453,0.992676
443.000000,600.000000,0.874023,1.000000,0.978516,0.965332,0.452148,0.992188
444.000000,600.000000,0.873047,1.000000,1.000000,0.963867,0.448242,0.990234
445.000000,600.000000,0.867676,1.000000,0.995117,0.967285,0.436523,0.983887
446.000000,600.000000,0.868164,1.000000,0.993652,0.965820,0.439453,0.987305
447.000000,600.000000,0.868164,1.000000,0.999512,0.968750,0.435547,0.993164
448.000000,600.000000,0.874023,1.000000,1.000000,0.963867,0.450195,0.988770
449.000000,600.000000,0.871582,1.000000,0.998535,0.966797,0.443359,0.991211
450.000000,600.000000,0.869141,1.000000,0.995117,0.964844,0.439453,0.987305
451.000000,600.000000,0.869141,1.000000,1.000000,0.965820,0.436523,0.993164
452.000000,600.000000,0.873535,1.000000,0.994629,0.965820,0.451172,0.990234
453.000000,600.000000,0.864746,1.000000,1.000000,0.964844,0.431641,0.993652
454.000000,600.000000,0.873535,1.000000,0.997070,0.963379,0.451172,0.991699
455.000000,600.000000,0.873535,1.000000,0.996582,0.963379,0.451172,0.989746
456.000000,600.000000,0.871094,1.000000,0.998047,0.966797,0.445312,0.990234
457.000000,600.000000,0.878418,1.000000,0.975586,0.967285,0.462891,0.992676
458.000000,600.000000,0.874512,1.000000,0.984375,0.967773,0.452148,0.992676
459.000000,600.000000,0.871094,1.000000,1.000000,0.961914,0.444336,0.987793
460.000000,600.000000,0.871582,1.000000,0.988281,0.969238,0.448242,0.991699
461.000000,600.000000,0.867676,1.000000,0.995117,0.965332,0.438477,0.990723
462.000000,600.000000,0.876465,1.000000,0.998047,0.963379,0.458984,0.991699
463.000000,600.000000,0.868652,1.000000,0.996094,0.966797,0.437500,0.989746
464.000000,600.000000,0.877441,1.000000,1.000000,0.965332,0.460938,0.988770
465.000000,600.000000,0.866699,1.000000,1.000000,0.962402,0.436523,0.991211
466.000000,600.000000,0.871094,1.000000,0.999512,0.966309,0.443359,0.992188
467.000000,600.000000,0.868652,0.000000,0.998047,0.959473,0.439453,0.989746
468.000000,600.000000,0.870605,1.000000,1.000000,0.965332,0.444336,0.992676
469.000000,600.000000,0.871094,1.000000,1.000000,0.967285,0.442383,0.985840
470.000000,600.000000,0.870605,1.000000,0.993652,0.962402,0.445312,0.984863
471.000000,600.000000,0.874512,1.000000,0.998535,0.960938,0.454102,0.993164
472.000000,600.000000,0.868164,1.000000,1.000000,0.963867,0.435547,0.990723
473.000000,600.000000,0.874512,1.000000,1.000000,0.966797,0.453125,0.993652
474.000000,600.000000,0.871094,1.000000,0.998047,0.963867,0.444336,0.988770
475.000000,600.000000,0.868652,1.000000,0.993652,0.966309,0.438477,0.992676
476.000000,600.000000,0.872070,1.000000,0.999023,0.965820,0.446289,0.984375
477.000000,600.000000,0.865723,1.000000,1.000000,0.963379,0.428711,0.988281
478.000000,600.000000,0.873535,1.000000,1.000000,0.964355,0.452148,0.992188
479.000000,600.000000,0.873535,1.000000,0.993652,0.965820,0.449219,0.993164
480.000000,600.000000,0.871094,1.000000,0.993652,0.965332,0.446289,0.993164
481.000000,600.000000,0.868164,1.000000,0.998047,0.965332,0.435547,0.992188
482.000000,600.000000,0.871094,1.000000,1.000000,0.964355,0.444336,0.992676
483.000000,600.000000,0.866699,1.000000,0.991699,0.963379,0.432617,0.990234
484.000000,600.000000,0.874023,1.000000,0.999023,0.964355,0.451172,0.993164
485.000000,600.000000,0.868164,1.000000,0.997559,0.965820,0.437500,0.991211
486.000000,600.000000,0.869629,1.000000,0.996094,0.964844,0.441406,0.987305
487.000000,600.000000,0.868164,1.000000,0.994629,0.965332,0.436523,0.991211
488.000000,600.000000,0.869141,1.000000,0.978516,0.965820,0.442383,0.986816
489.000000,600.000000,0.866699,1.000000,0.976562,0.961914,0.432617,0.991699
490.000000,600.000000,0.867188,1.000000,0.994629,0.969727,0.433594,0.984863
491.000000,600.000000,0.872559,1.000000,1.000000,0.965332,0.446289,0.992676
492.000000,600.000000,0.870117,1.000000,0.998535,0.964844,0.441406,0.990723
493.000000,600.000000,0.873535,1.000000,0.994629,0.964355,0.449219,0.993652
494.000000,600.000000,0.875488,1.000000,0.996094,0.966309,0.457031,0.988770
495.000000,600.000000,0.871094,1.000000,0.997559,0.966797,0.448242,0.992676
496.000000,600.000000,0.869629,1.000000,0.999512,0.966797,0.439453,0.983887
497.000000,600.000000,0.869629,1.000000,0.994629,0.964844,0.438477,0.991211
498.000000,600.000000,0.873535,1.000000,0.999512,0.964355,0.449219,0.983398
499.000000,600.000000,0.867188,1.000000,0.985840,0.966797,0.433594,0.992188
500.000000,600.000000,0.868652,1.000000,1.000000,0.963379,0.441406,0.993652
501.000000,600.000000,0.866211,1.000000,1.000000,0.963379,0.432617,0.984863
502.000000,600.000000,0.876465,1.000000,0.995117,0.964355,0.456055,0.991699
503.000000,600.000000,0.866699,1.000000,1.000000,0.965332,0.434570,0.989258
504.000000,600.000000,0.870117,1.000000,0.998047,0.966309,0.441406,0.991699
505.000000,600.000000,0.872559,1.000000,0.986328,0.967773,0.447266,0.993164
506.000000,600.000000,0.866211,1.000000,0.978516,0.968262,0.432617,0.985352
507.000000,600.000000,0.872070,1.000000,0.999512,0.966797,0.447266,0.992188
508.000000,600.000000,0.871094,1.000000,0.993652,0.965820,0.445312,0.992188
509.000000,600.000000,0.863281,1.000000,1.000000,0.966309,0.428711,0.991699
510.000000,600.000000,0.871582,1.000000,0.990234,0.967285,0.445312,0.987305
511.000000,600.000000,0.864746,0.000000,0.992188,0.964355,0.429688,0.989746
512.000000,600.000000,0.875977,0.000000,0.998047,0.965820,0.457031,0.991699
513.000000,600.000000,0.872070,1.000000,1.000000,0.965820,0.446289,0.989258
514.000000,600.000000,0.870605,1.000000,0.999023,0.963867,0.441406,0.992676
515.000000,600.000000,0.872559,1.000000,0.999512,0.964355,0.447266,0.992676
516.000000,600.000000,0.868652,1.000000,1.000000,0.964844,0.438477,0.990723
517.000000,600.000000,0.868164,1.000000,0.999512,0.963379,0.436523,0.993652
518.000000,600.000000,0.864746,1.000000,0.988770,0.963867,0.429688,0.981934
519.000000,600.000000,0.866699,1.000000,0.993652,0.966797,0.433594,0.989746
520.000000,600.000000,0.872559,1.000000,0.995117,0.965820,0.448242,0.989258
521.000000,600.000000,0.869629,1.000000,0.978516,0.967285,0.441406,0.986816
522.000000,600.000000,0.869629,1.000000,0.979004,0.964844,0.441406,0.982910
523.000000,600.000000,0.871094,1.000000,0.999023,0.964844,0.444336,0.991699
524.000000,600.000000,0.872559,1.000000,1.000000,0.965332,0.448242,0.992676
525.000000,600.000000,0.871582,1.000000,0.994629,0.965820,0.446289,0.990723
526.000000,600.000000,0.873047,1.000000,0.992188,0.966797,0.449219,0.989746
527.000000,600.000000,0.871094,1.000000,0.998535,0.964844,0.443359,0.987305
528.000000,600.000000,0.863770,1.000000,1.000000,0.964844,0.427734,0.987305
529.000000,600.000000,0.871094,1.000000,0.999023,0.963867,0.447266,0.986328
530.000000,600.000000,0.868652,1.000000,0.994629,0.965820,0.439453,0.993164
531.000000,600.000000,0.867188,1.000000,0.999023,0.965332,0.437500,0.990234
532.000000,600.000000,0.867676,1.000000,0.993652,0.969238,0.435547,0.993652
533.000000,600.000000,0.875488,1.000000,0.999023,0.963379,0.456055,0.986328
534.000000,600.000000,0.867676,1.000000,0.999023,0.965820,0.435547,0.985352
535.000000,600.000000,0.872559,1.000000,0.996582,0.967285,0.448242,0.993164
536.000000,600.000000,0.867676,1.000000,0.999512,0.963867,0.437500,0.993164
537.000000,600.000000,0.870117,1.000000,0.985840,0.961914,0.440430,0.984863
538.000000,600.000000,0.873535,1.000000,1.000000,0.965820,0.450195,0.992676
539.000000,600.000000,0.874023,1.000000,1.000000,0.963867,0.450195,0.987793
540.000000,600.000000,0.873535,1.000000,0.999512,0.967773,0.450195,0.993652
541.000000,600.000000,0.874023,1.000000,0.993652,0.965332,0.452148,0.993652
542.000000,600.000000,0.876465,1.000000,0.992188,0.966309,0.456055,0.991211
543.000000,600.000000,0.872559,1.000000,0.984375,0.964355,0.449219,0.991699
544.000000,600.000000,0.872070,1.000000,1.000000,0.968262,0.448242,0.993164
545.000000,600.000000,0.869629,1.000000,0.999023,0.961914,0.438477,0.991699
546.000000,600.000000,0.872559,1.000000,0.996094,0.963379,0.447266,0.992676
547.000000,600.000000,0.871582,1.000000,1.000000,0.965820,0.445312,0.993164
548.000000,600.000000,0.868164,0.000000,0.992188,0.966797,0.433594,0.989258
549.000000,600.000000,0.869629,1.000000,0.985840,0.965332,0.439453,0.990723
550.000000,600.000000,0.871094,1.000000,1.000000,0.966797,0.442383,0.983887
551.000000,600.000000,0.874023,1.000000,1.000000,0.965332,0.450195,0.985352
552.000000,600.000000,0.871582,1.000000,0.998535,0.962891,0.447266,0.993652
553.000000,600.000000,0.873535,1.000000,0.999023,0.968262,0.448242,0.989746
554.000000,600.000000,0.875488,1.000000,0.999512,0.963867,0.453125,0.993164
555.000000,600.000000,0.877930,1.000000,0.990234,0.963379,0.459961,0.990234
556.000000,600.000000,0.877441,1.000000,0.993652,0.963379,0.459961,0.991699
557.000000,600.000000,0.871094,1.000000,0.999023,0.964844,0.447266,0.992188
558.000000,600.000000,0.871582,1.000000,0.993652,0.964355,0.445312,0.989746
559.000000,600.000000,0.870117,1.000000,0.998535,0.965820,0.442383,0.988770
560.000000,600.000000,0.871094,1.000000,0.993652,0.965332,0.442383,0.991699
561.000000,600.000000,0.864746,1.000000,0.999023,0.966797,0.428711,0.986816
562.000000,600.000000,0.868652,1.000000,0.999512,0.969238,0.436523,0.987305
563.000000,600.000000,0.871094,1.000000,1.000000,0.967285,0.445312,0.990723
564.000000,600.000000,0.866211,1.000000,0.999023,0.966797,0.435547,0.992676
565.000000,600.000000,0.874512,1.000000,0.991699,0.965820,0.450195,0.992188
566.000000,600.000000,0.870117,1.000000,0.998535,0.966797,0.440430,0.988281
567.000000,600.000000,0.869629,1.000000,0.988281,0.964844,0.442383,0.988770
568.000000,600.000000,0.870117,1.000000,1.000000,0.965820,0.442383,0.993164
569.000000,600.000000,0.873047,1.000000,1.000000,0.968750,0.450195,0.987305
570.000000,600.000000,0.873535,1.000000,1.000000,0.964355,0.450195,0.992188
571.000000,600.000000,0.868164,1.000000,0.999023,0.964844,0.437500,0.991211
572.000000,600.000000,0.867188,1.000000,0.955566,0.966797,0.433594,0.992676
573.000000,600.000000,0.873535,1.000000,0.985840,0.964844,0.447266,0.992676
574.000000,600.000000,0.869629,0.000000,1.000000,0.965820,0.440430,0.988770
575.000000,600.000000,0.874023,1.000000,0.996582,0.965820,0.450195,0.989258
576.000000,600.000000,0.868164,1.000000,0.997559,0.964844,0.435547,0.992676
577.000000,600.000000,0.869141,1.000000,0.998047,0.968262,0.440430,0.985840
578.000000,600.000000,0.869629,1.000000,1.000000,0.959473,0.440430,0.989258
579.000000,600.000000,0.867188,1.000000,0.999512,0.966309,0.434570,0.985352
580.000000,600.000000,0.867676,1.000000,0.990234,0.963379,0.438477,0.987793
581.000000,600.000000,0.871094,1.000000,0.998047,0.965820,0.443359,0.989258
582.000000,600.000000,0.874023,1.000000,0.993652,0.965332,0.449219,0.995117
583.000000,600.000000,0.861816,1.000000,0.993652,0.965332,0.420898,0.989258
584.000000,600.000000,0.872559,1.000000,0.999512,0.967773,0.447266,0.991211
585.000000,600.000000,0.868164,1.000000,1.000000,0.964844,0.437500,0.990723
586.000000,600.000000,0.874023,1.000000,0.994629,0.967285,0.451172,0.981934
587.000000,600.000000,0.874512,0.000000,0.998535,0.963379,0.452148,0.991699
588.000000,600.000000,0.870605,0.000000,0.998047,0.964355,0.442383,0.992188
589.000000,600.000000,0.873535,1.000000,1.000000,0.970215,0.448242,0.992188
590.000000,600.000000,0.868164,1.000000,0.995117,0.968750,0.439453,0.992676
591.000000,600.000000,0.868652,1.000000,0.998047,0.966309,0.438477,0.992676
592.000000,600.000000,0.868652,1.000000,0.991699,0.970215,0.442383,0.994629
593.000000,600.000000,0.871094,1.000000,0.990234,0.965332,0.444336,0.993164
594.000000,600.000000,0.866699,1.000000,1.000000,0.964355,0.433594,0.991699
595.000000,600.000000,0.868164,1.000000,0.993652,0.967285,0.435547,0.987305
596.000000,600.000000,0.876465,1.000000,0.995117,0.962891,0.457031,0.994141
597.000000,600.000000,0.868164,1.000000,0.995117,0.968262,0.439453,0.990723
598.000000,600.000000,0.872559,1.000000,0.997559,0.965332,0.447266,0.988281
599.000000,600.000000,0.876465,1.000000,0.981934,0.962891,0.460938,0.992676
600.000000,600.000000,0.874023,1.000000,0.999023,0.966309,0.449219,0.992676
601.000000,600.000000,0.871582,1.000000,0.996094,0.965332,0.443359,0.990234
602.000000,600.000000,0.875000,1.000000,1.000000,0.966309,0.450195,0.990723
603.000000,600.000000,0.877441,1.000000,0.999512,0.961914,0.458008,0.994141
604.000000,600.000000,0.868652,1.000000,0.999023,0.962402,0.435547,0.993164
605.000000,600.000000,0.868652,1.000000,0.985840,0.965820,0.438477,0.984863
606.000000,600.000000,0.872070,1.000000,0.993652,0.967285,0.446289,0.992676
607.000000,600.000000,0.870605,1.000000,1.000000,0.963379,0.443359,0.993164
608.000000,600.000000,0.868652,1.000000,0.993652,0.966797,0.437500,0.974121
609.000000,600.000000,0.871582,1.000000,1.000000,0.963867,0.444336,0.992676
610.000000,600.000000,0.869629,1.000000,0.984375,0.965332,0.442383,0.991211
611.000000,600.000000,0.873535,1.000000,0.996094,0.965332,0.453125,0.984863
612.000000,600.000000,0.868164,1.000000,0.990234,0.965820,0.436523,0.990234
613.000000,600.000000,0.875488,1.000000,0.997559,0.965820,0.453125,0.993164
614.000000,600.000000,0.869141,1.000000,0.996582,0.965820,0.439453,0.988281
615.000000,600.000000,0.870117,1.000000,0.997559,0.963867,0.441406,0.989746
616.000000,600.000000,0.869629,1.000000,0.993652,0.963379,0.443359,0.990723
617.000000,600.000000,0.871094,1.000000,0.996094,0.963379,0.442383,0.993164
618.000000,600.000000,0.866699,1.000000,0.998047,0.966309,0.433594,0.987793
619.000000,600.000000,0.868652,1.000000,0.995117,0.964844,0.438477,0.992188
620.000000,600.000000,0.870605,1.000000,1.000000,0.964355,0.440430,0.986328
621.000000,600.000000,0.872070,0.000000,0.997559,0.960938,0.447266,0.987793
622.000000,600.000000,0.871582,0.000000,0.997559,0.963867,0.444336,0.992676
623.000000,600.000000,0.868652,1.000000,0.990234,0.967285,0.442383,0.991211
624.000000,600.000000,0.867188,1.000000,0.994629,0.963867,0.434570,0.989746
625.000000,600.000000,0.871094,1.000000,0.995117,0.963867,0.445312,0.994629
626.000000,600.000000,0.872559,1.000000,0.981934,0.964844,0.449219,0.985840
627.000000,600.000000,0.867676,1.000000,0.995117,0.965820,0.435547,0.992676
628.000000,600.000000,0.870117,1.000000,0.980957,0.962402,0.444336,0.993164
629.000000,600.000000,0.872070,1.000000,0.990234,0.966797,0.447266,0.991211
630.000000,600.000000,0.871094,0.000000,0.993652,0.964844,0.443359,0.990723
631.000000,600.000000,0.873047,0.000000,0.994629,0.965820,0.450195,0.992676
632.000000,600.000000,0.872559,1.000000,0.998047,0.965820,0.447266,0.987305
633.000000,600.000000,0.868652,1.000000,0.999023,0.967285,0.437500,0.983398
634.000000,600.000000,0.870117,1.000000,0.985840,0.967285,0.444336,0.982910
635.000000,600.000000,0.866699,1.000000,0.998535,0.966797,0.431641,0.990234
636.000000,600.000000,0.869141,1.000000,0.995117,0.966309,0.440430,0.985352
637.000000,600.000000,0.869141,1.000000,0.985840,0.964844,0.441406,0.986816
638.000000,600.000000,0.869141,1.000000,0.988281,0.963867,0.442383,0.985352
639.000000,600.000000,0.873535,1.000000,1.000000,0.962402,0.449219,0.992188
640.000000,600.000000,0.875000,0.000000,0.996582,0.965820,0.454102,0.987305
641.000000,600.000000,0.871582,1.000000,0.994629,0.965332,0.443359,0.992676
642.000000,600.000000,0.871094,1.000000,0.999023,0.967285,0.442383,0.990234
643.000000,600.000000,0.869629,1.000000,0.969727,0.968262,0.442383,0.993652
644.000000,600.000000,0.871094,1.000000,1.000000,0.968262,0.444336,0.991211
645.000000,600.000000,0.876465,1.000000,0.998535,0.964355,0.456055,0.988770
646.000000,600.000000,0.876465,1.000000,0.996094,0.966309,0.458008,0.988770
647.000000,600.000000,0.873047,1.000000,0.997559,0.969238,0.451172,0.990723
648.000000,600.000000,0.870605,1.000000,0.997070,0.964844,0.440430,0.988281
649.000000,600.000000,0.870605,1.000000,0.997559,0.966309,0.441406,0.986328
650.000000,600.000000,0.869141,1.000000,0.997070,0.966309,0.441406,0.989258
651.000000,600.000000,0.872559,1.000000,0.999512,0.965820,0.446289,0.993164
652.000000,600.000000,0.870117,1.000000,1.000000,0.966797,0.441406,0.993652
653.000000,600.000000,0.869141,1.000000,0.996094,0.966309,0.440430,0.991211
654.000000,600.000000,0.870605,1.000000,0.999023,0.968262,0.444336,0.993164
655.000000,600.000000,0.874512,0.000000,1.000000,0.960938,0.453125,0.992188
656.000000,600.000000,0.876465,1.000000,0.998535,0.970215,0.457031,0.983398
657.000000,600.000000,0.870605,1.000000,0.999512,0.966309,0.444336,0.986328
658.000000,600.000000,0.870117,1.000000,0.995117,0.968262,0.441406,0.992188
659.000000,600.000000,0.874023,1.000000,0.999023,0.965332,0.451172,0.985840
660.000000,600.000000,0.871582,1.000000,0.997559,0.964844,0.444336,0.993164
661.000000,600.000000,0.873535,0.000000,0.996094,0.967285,0.447266,0.993164
662.000000,600.000000,0.869629,1.000000,0.998535,0.966309,0.442383,0.991211
663.000000,600.000000,0.866699,1.000000,0.998047,0.964355,0.433594,0.986816
664.000000,600.000000,0.873047,1.000000,0.995117,0.964355,0.448242,0.992676
665.000000,600.000000,0.866699,0.000000,0.997070,0.968750,0.433594,0.990234
666.000000,600.000000,0.873535,1.000000,0.999512,0.964844,0.450195,0.992676
667.000000,600.000000,0.871582,1.000000,1.000000,0.965820,0.446289,0.993652
668.000000,600.000000,0.869141,0.000000,0.997070,0.964355,0.440430,0.993652
669.000000,600.000000,0.867676,1.000000,0.999512,0.965820,0.434570,0.985352
670.000000,600.000000,0.875488,1.000000,0.999512,0.963867,0.458008,0.984863
671.000000,600.000000,0.872070,1.000000,0.999023,0.966797,0.445312,0.992676
672.000000,600.000000,0.868164,1.000000,1.000000,0.966797,0.435547,0.986816
673.000000,600.000000,0.868652,1.000000,0.988281,0.961426,0.439453,0.993164
674.000000,600.000000,0.872070,1.000000,0.998535,0.965332,0.445312,0.992676
675.000000,600.000000,0.872070,1.000000,1.000000,0.969238,0.447266,0.991211
676.000000,600.000000,0.871094,1.000000,0.999023,0.965332,0.445312,0.992676
677.000000,600.000000,0.867676,1.000000,0.998535,0.967285,0.436523,0.992188
678.000000,600.000000,0.867676,1.000000,0.998535,0.963867,0.440430,0.987305
679.000000,600.000000,0.864746,1.000000,0.998535,0.964355,0.427734,0.993652
680.000000,600.000000,0.871094,1.000000,0.999512,0.969238,0.441406,0.993164
681.000000,600.000000,0.863770,1.000000,1.000000,0.963867,0.425781,0.989258
682.000000,600.000000,0.873535,1.000000,0.995117,0.967773,0.451172,0.991699
683.000000,600.000000,0.868164,1.000000,1.000000,0.967773,0.439453,0.991211
684.000000,600.000000,0.874512,1.000000,1.000000,0.968750,0.452148,0.991211
685.000000,600.000000,0.872070,1.000000,0.995117,0.965820,0.447266,0.992188
686.000000,600.000000,0.875000,1.000000,0.995117,0.965820,0.455078,0.992676
687.000000,600.000000,0.869141,0.000000,0.992188,0.959961,0.441406,0.991699
688.000000,600.000000,0.871582,1.000000,0.999512,0.965332,0.445312,0.993164
689.000000,600.000000,0.872559,1.000000,0.999023,0.966797,0.448242,0.987793
690.000000,600.000000,0.874023,1.000000,0.999512,0.966797,0.453125,0.988281
691.000000,600.000000,0.874023,1.000000,1.000000,0.965332,0.450195,0.993652
692.000000,600.000000,0.872559,1.000000,1.000000,0.963379,0.450195,0.993164
693.000000,600.000000,0.874023,1.000000,1.000000,0.965332,0.451172,0.992676
694.000000,600.000000,0.872559,1.000000,0.998047,0.964355,0.449219,0.985840
695.000000,600.000000,0.874023,1.000000,0.988770,0.963867,0.450195,0.987793
696.000000,600.000000,0.869629,1.000000,1.000000,0.966797,0.439453,0.990234
697.000000,600.000000,0.875488,0.000000,0.999023,0.968262,0.456055,0.991699
698.000000,600.000000,0.875000,1.000000,0.975586,0.966797,0.455078,0.991699
699.000000,600.000000,0.873047,1.000000,1.000000,0.961426,0.451172,0.992676
700.000000,600.000000,0.866699,0.000000,0.993652,0.964844,0.437500,0.991699
701.000000,600.000000,0.875488,1.000000,0.978516,0.965332,0.455078,0.983887
702.000000,600.000000,0.865234,1.000000,0.994629,0.963867,0.431641,0.990723
703.000000,600.000000,0.873535,1.000000,0.999512,0.967773,0.451172,0.992188
704.000000,600.000000,0.876465,1.000000,1.000000,0.966797,0.457031,0.990723
705.000000,600.000000,0.874023,1.000000,0.998535,0.966797,0.453125,0.991699
706.000000,600.000000,0.870605,1.000000,0.981934,0.967773,0.443359,0.994141
707.000000,600.000000,0.869141,1.000000,0.995117,0.962891,0.442383,0.989746
708.000000,600.000000,0.873047,1.000000,0.997070,0.966309,0.448242,0.992676
709.000000,600.000000,0.867188,1.000000,0.995117,0.963867,0.434570,0.987305
710.000000,600.000000,0.868652,1.000000,1.000000,0.964355,0.438477,0.991211
711.000000,600.000000,0.869141,1.000000,0.992188,0.965820,0.440430,0.985352
712.000000,600.000000,0.870605,1.000000,0.988281,0.965332,0.443359,0.987793
713.000000,600.000000,0.872559,0.000000,0.993652,0.968750,0.447266,0.992676
714.000000,600.000000,0.868164,1.000000,0.993652,0.966797,0.437500,0.994141
715.000000,600.000000,0.870605,1.000000,0.999023,0.965820,0.442383,0.992188
716.000000,600.000000,0.870605,1.000000,0.998047,0.962402,0.443359,0.992676
717.000000,600.000000,0.868164,1.000000,0.991699,0.965332,0.437500,0.991211
718.000000,600.000000,0.868652,1.000000,0.990234,0.969238,0.439453,0.983887
719.000000,600.000000,0.873535,1.000000,1.000000,0.964355,0.451172,0.994141
720.000000,600.000000,0.874512,1.000000,1.000000,0.965332,0.452148,0.985840
721.000000,600.000000,0.874512,1.000000,0.999023,0.967285,0.450195,0.993164
722.000000,600.000000,0.867188,1.000000,1.000000,0.964844,0.434570,0.992188
723.000000,600.000000,0.866211,1.000000,0.998047,0.963867,0.431641,0.991699
724.000000,600.000000,0.870605,1.000000,0.993652,0.966309,0.443359,0.993164
725.000000,600.000000,0.869629,1.000000,0.973633,0.965820,0.443359,0.983398
726.000000,600.000000,0.870117,1.000000,0.998047,0.965332,0.443359,0.990234
727.000000,600.000000,0.875977,1.000000,0.994629,0.964844,0.457031,0.993164
728.000000,600.000000,0.875977,1.000000,0.994629,0.965820,0.457031,0.982910
729.000000,600.000000,0.875488,1.000000,0.997559,0.964355,0.454102,0.988770
730.000000,600.000000,0.866211,1.000000,0.993652,0.962891,0.430664,0.992188
731.000000,600.000000,0.872559,1.000000,0.998535,0.965820,0.450195,0.992676
732.000000,600.000000,0.866211,1.000000,0.999512,0.966309,0.436523,0.982422
733.000000,600.000000,0.872070,1.000000,0.996582,0.964844,0.448242,0.991211
734.000000,600.000000,0.870605,1.000000,0.995117,0.965820,0.442383,0.991699
735.000000,600.000000,0.870605,1.000000,0.995117,0.965332,0.441406,0.991211
736.000000,600.000000,0.868164,1.000000,1.000000,0.964844,0.438477,0.988281
737.000000,600.000000,0.867188,1.000000,0.999023,0.967773,0.433594,0.992676
738.000000,600.000000,0.870117,1.000000,0.986328,0.968262,0.440430,0.992188
739.000000,600.000000,0.873535,1.000000,0.993652,0.967285,0.450195,0.990234
740.000000,600.000000,0.870117,1.000000,0.999023,0.965820,0.440430,0.987305
741.000000,600.000000,0.873535,1.000000,0.993652,0.966309,0.450195,0.982422
742.000000,600.000000,0.868164,1.000000,0.999023,0.967773,0.437500,0.984375
743.000000,600.000000,0.870117,1.000000,0.995117,0.965332,0.440430,0.984863
744.000000,600.000000,0.872559,0.000000,0.997559,0.965820,0.448242,0.992188
745.000000,600.000000,0.872559,1.000000,1.000000,0.967773,0.445312,0.993652
746.000000,600.000000,0.871582,1.000000,0.980957,0.966309,0.449219,0.987305
747.000000,600.000000,0.873535,0.000000,0.996094,0.963867,0.448242,0.992676
748.000000,600.000000,0.874512,1.000000,0.975586,0.967773,0.450195,0.992676
749.000000,600.000000,0.873535,0.000000,0.997559,0.964355,0.453125,0.991699
750.000000,600.000000,0.871582,1.000000,0.999023,0.967285,0.444336,0.993164
751.000000,600.000000,0.867676,1.000000,0.999023,0.968750,0.435547,0.985352
752.000000,600.000000,0.867188,1.000000,0.995117,0.961914,0.434570,0.991699
753.000000,600.000000,0.874512,1.000000,0.992188,0.965332,0.451172,0.991699
754.000000,600.000000,0.869629,1.000000,0.997559,0.963379,0.439453,0.988281
755.000000,600.000000,0.869141,1.000000,0.990234,0.961426,0.439453,0.988281
756.000000,600.000000,0.872070,1.000000,1.000000,0.965820,0.448242,0.985840
757.000000,600.000000,0.873047,1.000000,0.986328,0.961914,0.450195,0.989258
758.000000,600.000000,0.875977,1.000000,0.997070,0.969238,0.458008,0.987305
759.000000,600.000000,0.870605,1.000000,0.988281,0.965820,0.442383,0.988770
760.000000,600.000000,0.870117,1.000000,0.996582,0.966797,0.442383,0.993164
761.000000,600.000000,0.866699,1.000000,0.994629,0.966309,0.430664,0.991211
762.000000,600.000000,0.873535,1.000000,0.999512,0.961914,0.453125,0.992676
763.000000,600.000000,0.871582,1.000000,0.996582,0.964844,0.448242,0.983887
764.000000,600.000000,0.869141,1.000000,1.000000,0.968262,0.437500,0.992188
765.000000,600.000000,0.875000,1.000000,0.978516,0.967285,0.453125,0.993164
766.000000,600.000000,0.867676,1.000000,1.000000,0.961426,0.435547,0.987793
767.000000,600.000000,0.865234,1.000000,0.994629,0.964355,0.429688,0.990723
768.000000,600.000000,0.870117,0.000000,0.998535,0.967773,0.441406,0.993164
769.000000,600.000000,0.869629,1.000000,0.998535,0.966797,0.444336,0.990234
770.000000,600.000000,0.868164,1.000000,0.996094,0.965820,0.437500,0.993652
771.000000,600.000000,0.870605,1.000000,0.988770,0.963867,0.445312,0.988770
772.000000,600.000000,0.869141,1.000000,1.000000,0.965332,0.439453,0.992676
773.000000,600.000000,0.871582,1.000000,1.000000,0.965820,0.444336,0.992676
774.000000,600.000000,0.874512,1.000000,0.997559,0.966309,0.452148,0.985352
775.000000,600.000000,0.866699,1.000000,0.998535,0.962891,0.430664,0.989258
776.000000,600.000000,0.872559,1.000000,1.000000,0.965820,0.448242,0.984863
777.000000,600.000000,0.870605,1.000000,0.999023,0.969238,0.440430,0.991211
778.000000,600.000000,0.873535,1.000000,0.999512,0.967773,0.451172,0.987793
779.000000,600.000000,0.875977,0.000000,1.000000,0.964844,0.452148,0.992188
780.000000,600.000000,0.872070,1.000000,1.000000,0.968750,0.445312,0.983887
781.000000,600.000000,0.872070,1.000000,0.998047,0.967285,0.447266,0.984375
782.000000,600.000000,0.876953,1.000000,0.997559,0.965820,0.460938,0.989258
783.000000,600.000000,0.871582,1.000000,0.999023,0.967773,0.446289,0.991211
784.000000,600.000000,0.874512,1.000000,1.000000,0.963379,0.453125,0.982910
785.000000,600.000000,0.871582,1.000000,0.969727,0.966309,0.445312,0.987305
786.000000,600.000000,0.873047,1.000000,0.999512,0.967285,0.448242,0.984375
787.000000,600.000000,0.873047,1.000000,0.999512,0.966309,0.447266,0.992676
788.000000,600.000000,0.877441,1.000000,0.988281,0.967773,0.460938,0.993164
789.000000,600.000000,0.871094,1.000000,0.990234,0.964355,0.442383,0.992188
790.000000,600.000000,0.872070,1.000000,0.991699,0.965820,0.449219,0.989746
791.000000,600.000000,0.874023,1.000000,0.999023,0.965332,0.453125,0.990234
792.000000,600.000000,0.874512,1.000000,0.998047,0.964355,0.454102,0.991699
793.000000,600.000000,0.867676,1.000000,0.997070,0.961426,0.434570,0.990723
794.000000,600.000000,0.872070,1.000000,0.993652,0.967773,0.448242,0.984375
795.000000,600.000000,0.869141,1.000000,1.000000,0.963379,0.439453,0.990234
796.000000,600.000000,0.867676,1.000000,1.000000,0.965332,0.439453,0.993164
797.000000,600.000000,0.873047,1.000000,0.988770,0.966797,0.448242,0.993164
798.000000,600.000000,0.868164,1.000000,0.996582,0.963379,0.439453,0.986816
799.000000,600.000000,0.870605,1.000000,0.976562,0.968262,0.440430,0.993164
800.000000,600.000000,0.870117,1.000000,1.000000,0.965332,0.443359,0.993164
801.000000,600.000000,0.874023,1.000000,0.998535,0.962891,0.452148,0.983887
802.000000,600.000000,0.868164,1.000000,0.984375,0.965332,0.439453,0.991699
803.000000,600.000000,0.867676,1.000000,1.000000,0.962891,0.436523,0.988770
804.000000,600.000000,0.869141,1.000000,0.991699,0.965332,0.437500,0.991699
805.000000,600.000000,0.869141,1.000000,0.999023,0.964844,0.439453,0.992676
806.000000,600.000000,0.872559,0.000000,1.000000,0.966309,0.447266,0.992188
807.000000,600.000000,0.875977,1.000000,0.999023,0.964355,0.456055,0.989746
808.000000,600.000000,0.864746,1.000000,0.990234,0.962891,0.430664,0.989746
809.000000,600.000000,0.875000,1.000000,0.999023,0.966309,0.452148,0.990234
810.000000,600.000000,0.867676,1.000000,0.999512,0.965332,0.437500,0.989746
811.000000,600.000000,0.865723,1.000000,0.997070,0.967285,0.430664,0.990723
812.000000,600.000000,0.876465,1.000000,0.990234,0.966797,0.458008,0.993652
813.000000,600.000000,0.867188,1.000000,0.993652,0.964355,0.433594,0.985352
814.000000,600.000000,0.869629,1.000000,0.995117,0.967773,0.442383,0.993652
815.000000,600.000000,0.876465,0.000000,0.999512,0.963379,0.458008,0.992188
816.000000,600.000000,0.867676,1.000000,0.979004,0.964355,0.435547,0.986816
817.000000,600.000000,0.876953,1.000000,0.995117,0.965820,0.458984,0.990723
818.000000,600.000000,0.871582,1.000000,0.985840,0.963379,0.446289,0.988770
819.000000,600.000000,0.873047,1.000000,0.996094,0.964355,0.447266,0.990723
820.000000,600.000000,0.871582,1.000000,1.000000,0.968750,0.444336,0.986816
821.000000,600.000000,0.867188,1.000000,0.981934,0.966309,0.432617,0.992188
822.000000,600.000000,0.864746,1.000000,0.990234,0.962402,0.426758,0.991211
823.000000,600.000000,0.875977,1.000000,0.998047,0.967773,0.458008,0.991211
824.000000,600.000000,0.873047,1.000000,0.994629,0.966797,0.448242,0.992676
825.000000,600.000000,0.872070,1.000000,0.993652,0.964844,0.447266,0.993164
826.000000,600.000000,0.872070,1.000000,0.995117,0.965820,0.446289,0.990234
827.000000,600.000000,0.868652,1.000000,0.985840,0.965332,0.439453,0.985840
828.000000,600.000000,0.877930,1.000000,0.994629,0.962402,0.461914,0.993164
829.000000,600.000000,0.873535,1.000000,0.991699,0.964355,0.450195,0.991699
830.000000,600.000000,0.863770,1.000000,1.000000,0.965332,0.424805,0.991699
831.000000,600.000000,0.871582,1.000000,0.994629,0.963379,0.448242,0.991699
832.000000,600.000000,0.867188,1.000000,0.999512,0.965820,0.437500,0.991699
833.000000,600.000000,0.870117,1.000000,0.998047,0.964844,0.440430,0.992676
834.000000,600.000000,0.876465,1.000000,0.998047,0.965820,0.458008,0.986328
835.000000,600.000000,0.877930,1.000000,1.000000,0.967773,0.463867,0.989258
836.000000,600.000000,0.878418,1.000000,0.999023,0.963379,0.461914,0.984375
837.000000,600.000000,0.873047,1.000000,0.999023,0.967285,0.449219,0.988281
838.000000,600.000000,0.870605,1.000000,0.996094,0.965820,0.444336,0.985840
839.000000,600.000000,0.875977,1.000000,1.000000,0.966309,0.458984,0.985840
840.000000,600.000000,0.868164,1.000000,1.000000,0.962402,0.437500,0.990723
841.000000,600.000000,0.874512,1.000000,1.000000,0.965332,0.452148,0.988770
842.000000,600.000000,0.877441,1.000000,0.996094,0.962402,0.458984,0.991699
843.000000,600.000000,0.868652,1.000000,1.000000,0.966309,0.437500,0.991211
844.000000,600.000000,0.870605,1.000000,0.995117,0.964355,0.443359,0.992188
845.000000,600.000000,0.866699,1.000000,0.991699,0.966309,0.433594,0.991699
846.000000,600.000000,0.874512,1.000000,1.000000,0.965820,0.451172,0.991699
847.000000,600.000000,0.872070,1.000000,0.996582,0.965332,0.447266,0.991699
848.000000,600.000000,0.864746,1.000000,0.997559,0.967773,0.427734,0.991211
849.000000,600.000000,0.870605,1.000000,0.998047,0.966797,0.444336,0.992676
850.000000,600.000000,0.869629,0.000000,0.998047,0.967285,0.437500,0.991699
851.000000,600.000000,0.869141,1.000000,0.999512,0.966797,0.439453,0.993164
852.000000,600.000000,0.865234,1.000000,0.985840,0.965332,0.429688,0.993164
853.000000,600.000000,0.876953,1.000000,0.988770,0.966309,0.458984,0.983887
854.000000,600.000000,0.871094,0.000000,0.999512,0.962891,0.443359,0.984375
855.000000,600.000000,0.870605,0.000000,0.991699,0.968262,0.443359,0.982422
856.000000,600.000000,0.868652,1.000000,0.999512,0.966309,0.438477,0.986328
857.000000,600.000000,0.870605,1.000000,0.999512,0.967285,0.442383,0.992676
858.000000,600.000000,0.872559,1.000000,0.990234,0.964844,0.448242,0.989258
859.000000,600.000000,0.871094,1.000000,0.998047,0.967285,0.445312,0.990234
860.000000,600.000000,0.868652,1.000000,0.999023,0.967773,0.440430,0.988770
861.000000,600.000000,0.871582,1.000000,0.997070,0.965820,0.445312,0.993164
862.000000,600.000000,0.868652,0.000000,1.000000,0.965332,0.439453,0.990723
863.000000,600.000000,0.869629,0.000000,0.999023,0.967773,0.440430,0.991699
864.000000,600.000000,0.872070,1.000000,0.999512,0.964844,0.446289,0.992676
865.000000,600.000000,0.867188,1.000000,0.994629,0.961914,0.435547,0.986816
866.000000,600.000000,0.871094,1.000000,0.998047,0.964844,0.443359,0.990234
867.000000,600.000000,0.875977,1.000000,1.000000,0.961426,0.455078,0.991211
868.000000,600.000000,0.864258,1.000000,1.000000,0.966797,0.428711,0.986328
869.000000,600.000000,0.872070,1.000000,1.000000,0.965332,0.444336,0.990234
870.000000,600.000000,0.874023,1.000000,0.999512,0.965820,0.447266,0.990234
871.000000,600.000000,0.872070,1.000000,0.978516,0.964355,0.446289,0.992676
872.000000,600.000000,0.869629,1.000000,1.000000,0.969727,0.438477,0.992188
873.000000,600.000000,0.872559,1.000000,0.999512,0.965820,0.446289,0.991211
874.000000,600.000000,0.874023,1.000000,1.000000,0.966309,0.452148,0.986328
875.000000,600.000000,0.870605,1.000000,0.998535,0.966797,0.444336,0.988281
876.000000,600.000000,0.873535,0.000000,0.999023,0.964355,0.450195,0.984863
877.000000,600.000000,0.868652,1.000000,0.997070,0.964844,0.436523,0.985352
878.000000,600.000000,0.869141,0.000000,0.998535,0.962891,0.440430,0.992188
879.000000,600.000000,0.865723,1.000000,0.996094,0.967773,0.429688,0.983398
880.000000,600.000000,0.872070,1.000000,0.998047,0.964355,0.445312,0.990723
881.000000,600.000000,0.870117,1.000000,0.988281,0.964355,0.441406,0.992188
882.000000,600.000000,0.870605,1.000000,0.997070,0.966797,0.443359,0.985840
883.000000,600.000000,0.865723,0.000000,0.997070,0.963379,0.430664,0.991699
884.000000,600.000000,0.870117,1.000000,1.000000,0.963867,0.440430,0.993652
885.000000,600.000000,0.867676,1.000000,0.995117,0.964844,0.434570,0.992188
886.000000,600.000000,0.875488,1.000000,0.998535,0.962402,0.455078,0.987793
887.000000,600.000000,0.873047,1.000000,0.996094,0.960938,0.448242,0.985840
888.000000,600.000000,0.872559,1.000000,1.000000,0.965332,0.446289,0.993164
889.000000,600.000000,0.873535,1.000000,1.000000,0.966797,0.451172,0.993652
890.000000,600.000000,0.870605,1.000000,0.980957,0.967285,0.447266,0.988770
891.000000,600.000000,0.871094,1.000000,0.993652,0.967285,0.444336,0.988281
892.000000,600.000000,0.871094,1.000000,0.992188,0.964355,0.447266,0.990723
893.000000,600.000000,0.870605,1.000000,0.999023,0.963867,0.446289,0.988281
894.000000,600.000000,0.867676,1.000000,1.000000,0.965332,0.435547,0.992676
895.000000,600.000000,0.872559,1.000000,0.995117,0.967773,0.446289,0.992676
896.000000,600.000000,0.865723,1.000000,1.000000,0.968262,0.430664,0.989746
897.000000,600.000000,0.872070,1.000000,0.999512,0.966309,0.445312,0.990234
898.000000,600.000000,0.872070,1.000000,0.992188,0.964355,0.446289,0.987305
899.000000,600.000000,0.868652,1.000000,0.972656,0.963867,0.439453,0.993164
900.000000,600.000000,0.873047,1.000000,0.994629,0.966797,0.450195,0.993164
901.000000,600.000000,0.870605,1.000000,0.997559,0.965332,0.444336,0.986816
902.000000,600.000000,0.867188,0.000000,0.995117,0.965820,0.432617,0.992676
903.000000,600.000000,0.872559,1.000000,1.000000,0.964844,0.447266,0.991699
904.000000,600.000000,0.872070,1.000000,0.980957,0.965820,0.446289,0.982910
905.000000,600.000000,0.873047,1.000000,1.000000,0.970215,0.447266,0.992188
906.000000,600.000000,0.871094,1.000000,0.999023,0.965820,0.443359,0.988770
907.000000,600.000000,0.866699,1.000000,0.996582,0.967773,0.433594,0.993164
908.000000,600.000000,0.869141,1.000000,0.978516,0.967773,0.440430,0.989746
909.000000,600.000000,0.873535,1.000000,0.997559,0.964844,0.449219,0.993164
910.000000,600.000000,0.866211,1.000000,0.999023,0.966797,0.434570,0.985840
911.000000,600.000000,0.873535,1.000000,0.993652,0.964844,0.450195,0.989746
912.000000,600.000000,0.870117,1.000000,0.991699,0.968750,0.439453,0.992676
913.000000,600.000000,0.876465,1.000000,0.995117,0.966797,0.458008,0.994141
914.000000,600.000000,0.876465,1.000000,1.000000,0.968262,0.456055,0.992676
915.000000,600.000000,0.870117,1.000000,0.985840,0.966309,0.441406,0.984375
916.000000,600.000000,0.872070,1.000000,0.992188,0.967773,0.446289,0.987793
917.000000,600.000000,0.867676,1.000000,0.992188,0.966309,0.435547,0.992676
918.000000,600.000000,0.868652,1.000000,1.000000,0.962402,0.438477,0.992188
919.000000,600.000000,0.871094,1.000000,0.993652,0.963867,0.442383,0.992676
920.000000,600.000000,0.870605,1.000000,0.988770,0.970703,0.444336,0.990723
921.000000,600.000000,0.867676,1.000000,1.000000,0.969238,0.436523,0.991211
922.000000,600.000000,0.880859,1.000000,0.994629,0.963867,0.465820,0.989746
923.000000,600.000000,0.869629,0.000000,0.985840,0.965332,0.439453,0.994141
924.000000,600.000000,0.869629,1.000000,0.992188,0.962402,0.441406,0.986328
925.000000,600.000000,0.871094,1.000000,0.999023,0.963867,0.443359,0.992188
926.000000,600.000000,0.864746,1.000000,1.000000,0.967285,0.428711,0.983887
927.000000,600.000000,0.874023,1.000000,0.996582,0.966309,0.450195,0.992188
928.000000,600.000000,0.869141,1.000000,0.994629,0.964844,0.439453,0.991699
929.000000,600.000000,0.866211,1.000000,0.999023,0.965820,0.431641,0.993164
930.000000,600.000000,0.866699,1.000000,0.988770,0.965820,0.432617,0.992676
931.000000,600.000000,0.873047,1.000000,1.000000,0.964355,0.449219,0.993652
932.000000,600.000000,0.871094,1.000000,0.999512,0.969238,0.441406,0.989258
933.000000,600.000000,0.876465,1.000000,0.994629,0.964844,0.457031,0.992676
934.000000,600.000000,0.873047,1.000000,0.998047,0.964844,0.454102,0.983398
935.000000,600.000000,0.873047,1.000000,0.993652,0.966797,0.450195,0.989258
936.000000,600.000000,0.867676,1.000000,0.991699,0.967773,0.437500,0.993164
937.000000,600.000000,0.871094,1.000000,0.998535,0.962402,0.443359,0.992188
938.000000,600.000000,0.873535,1.000000,0.997559,0.964355,0.448242,0.984375
939.000000,600.000000,0.867676,1.000000,1.000000,0.966797,0.436523,0.992188
940.000000,600.000000,0.869141,1.000000,0.999512,0.965820,0.442383,0.989258
941.000000,600.000000,0.871582,1.000000,0.993652,0.965332,0.449219,0.992188
942.000000,600.000000,0.873535,1.000000,0.999512,0.965332,0.447266,0.988281
943.000000,600.000000,0.872559,1.000000,0.988281,0.964355,0.446289,0.991211
944.000000,600.000000,0.871094,1.000000,0.984375,0.968262,0.445312,0.985352
945.000000,600.000000,0.869141,1.000000,0.999512,0.966797,0.438477,0.986816
946.000000,600.000000,0.866699,1.000000,0.996094,0.961914,0.435547,0.992676
947.000000,600.000000,0.871094,1.000000,1.000000,0.966797,0.445312,0.994141
948.000000,600.000000,0.870117,1.000000,0.988281,0.967773,0.440430,0.985840
949.000000,600.000000,0.865723,1.000000,0.993652,0.965820,0.432617,0.987793
950.000000,600.000000,0.866699,1.000000,1.000000,0.963867,0.435547,0.984863
951.000000,600.000000,0.868652,1.000000,1.000000,0.965820,0.437500,0.993164
952.000000,600.000000,0.874512,1.000000,0.994629,0.965332,0.451172,0.994141
953.000000,600.000000,0.876465,0.000000,0.978516,0.963379,0.458984,0.992676
954.000000,600.000000,0.870605,1.000000,0.999023,0.968262,0.446289,0.992676
955.000000,600.000000,0.875488,1.000000,0.999023,0.965820,0.454102,0.985352
956.000000,600.000000,0.872559,1.000000,0.985840,0.964355,0.449219,0.985352
957.000000,600.000000,0.868164,1.000000,1.000000,0.965332,0.436523,0.987793
958.000000,600.000000,0.869141,1.000000,1.000000,0.966309,0.438477,0.980957
959.000000,600.000000,0.875488,1.000000,0.997559,0.964844,0.455078,0.993164
960.000000,600.000000,0.868164,1.000000,1.000000,0.968262,0.437500,0.992676
961.000000,600.000000,0.873047,0.000000,0.993652,0.966309,0.449219,0.985352
962.000000,600.000000,0.870605,1.000000,0.988770,0.965332,0.445312,0.992188
963.000000,600.000000,0.872070,1.000000,0.997559,0.967773,0.447266,0.978516
964.000000,600.000000,0.873047,1.000000,0.995117,0.967773,0.453125,0.988770
965.000000,600.000000,0.872070,1.000000,0.999512,0.967285,0.448242,0.992676
966.000000,600.000000,0.870605,1.000000,0.999023,0.967773,0.442383,0.993164
967.000000,600.000000,0.866211,1.000000,1.000000,0.966797,0.434570,0.993652
968.000000,600.000000,0.868164,1.000000,1.000000,0.967285,0.437500,0.993164
969.000000,600.000000,0.865234,0.000000,0.997070,0.968750,0.431641,0.990234
970.000000,600.000000,0.873535,1.000000,0.983887,0.964844,0.450195,0.992676
971.000000,600.000000,0.871094,1.000000,0.996094,0.963379,0.445312,0.993652
972.000000,600.000000,0.873047,1.000000,0.999023,0.964355,0.451172,0.993652
973.000000,600.000000,0.871582,1.000000,0.999512,0.962402,0.443359,0.984375
974.000000,600.000000,0.874023,1.000000,1.000000,0.964844,0.450195,0.991211
975.000000,600.000000,0.871582,1.000000,0.993652,0.964844,0.444336,0.993652
976.000000,600.000000,0.871094,1.000000,0.996094,0.964844,0.446289,0.984375
977.000000,600.000000,0.872559,1.000000,1.000000,0.966797,0.447266,0.992188
978.000000,600.000000,0.872070,1.000000,0.995117,0.963867,0.445312,0.991211
979.000000,600.000000,0.870117,1.000000,0.998047,0.964844,0.443359,0.985352
980.000000,600.000000,0.869141,1.000000,0.997559,0.966309,0.440430,0.991211
981.000000,600.000000,0.874023,1.000000,0.993652,0.965820,0.451172,0.992676
982.000000,600.000000,0.870605,1.000000,0.999023,0.963379,0.441406,0.992676
983.000000,600.000000,0.868652,1.000000,0.998047,0.964355,0.440430,0.989746
984.000000,600.000000,0.870605,1.000000,0.999023,0.965820,0.442383,0.987793
985.000000,600.000000,0.869141,0.000000,0.988281,0.962402,0.440430,0.993164
986.000000,600.000000,0.872070,1.000000,0.996582,0.965332,0.446289,0.991699
987.000000,600.000000,0.874512,1.000000,0.983887,0.968262,0.455078,0.990234
988.000000,600.000000,0.874512,1.000000,0.988770,0.964844,0.455078,0.992676
989.000000,600.000000,0.865723,1.000000,0.988770,0.961914,0.430664,0.991211
990.000000,600.000000,0.866699,1.000000,0.995117,0.965820,0.432617,0.993164
991.000000,600.000000,0.870117,1.000000,0.994629,0.968262,0.440430,0.993164
992.000000,600.000000,0.867188,1.000000,0.999023,0.963867,0.433594,0.989258
993.000000,600.000000,0.875000,1.000000,1.000000,0.962891,0.457031,0.982910
994.000000,600.000000,0.869141,1.000000,0.988770,0.967285,0.439453,0.983887
995.000000,600.000000,0.867676,1.000000,1.000000,0.960938,0.434570,0.990723
996.000000,600.000000,0.871582,1.000000,0.997070,0.965332,0.447266,0.987793
997.000000,600.000000,0.871094,1.000000,0.988281,0.963379,0.445312,0.992676
998.000000,600.000000,0.874512,1.000000,0.999023,0.966309,0.453125,0.992188
999.000000,600.000000,0.870117,1.000000,0.999512,0.964844,0.440430,0.987305
1000.000000,600.000000,0.872559,1.000000,0.996582,0.966309,0.449219,0.992676
1.000000,900.000000,0.908691,1.000000,1.000000,0.970703,0.589844,0.989258
2.000000,900.000000,0.903320,1.000000,0.996582,0.970215,0.574219,0.986816
3.000000,900.000000,0.908203,1.000000,0.999023,0.969238,0.585938,0.992188
4.000000,900.000000,0.902344,1.000000,0.999023,0.969238,0.568359,0.983887
5.000000,900.000000,0.907715,1.000000,0.998535,0.971680,0.587891,0.985840
6.000000,900.000000,0.910645,1.000000,1.000000,0.970703,0.600586,0.992676
7.000000,900.000000,0.910156,1.000000,0.998535,0.968262,0.595703,0.974609
8.000000,900.000000,0.904297,1.000000,0.999512,0.972168,0.574219,0.991211
9.000000,900.000000,0.906250,1.000000,0.991699,0.970215,0.584961,0.988281
10.000000,900.000000,0.902344,1.000000,1.000000,0.968750,0.567383,0.993164
11.000000,900.000000,0.906250,1.000000,0.999512,0.970703,0.582031,0.987793
12.000000,900.000000,0.907715,1.000000,0.998535,0.971191,0.584961,0.988281
13.000000,900.000000,0.903809,1.000000,0.999023,0.967285,0.572266,0.987793
14.000000,900.000000,0.908691,0.000000,0.997070,0.966309,0.588867,0.990234
15.000000,900.000000,0.910645,1.000000,0.990723,0.970703,0.600586,0.993164
16.000000,900.000000,0.905273,1.000000,0.995605,0.971191,0.574219,0.988281
17.000000,900.000000,0.904297,1.000000,0.997070,0.969727,0.572266,0.992188
18.000000,900.000000,0.906738,1.000000,0.998535,0.970215,0.583984,0.992188
19.000000,900.000000,0.909180,1.000000,0.999023,0.970703,0.596680,0.986328
20.000000,900.000000,0.906738,1.000000,0.999512,0.967773,0.583984,0.982910
21.000000,900.000000,0.908203,1.000000,0.995605,0.969727,0.591797,0.992188
22.000000,900.000000,0.906738,1.000000,0.989258,0.972656,0.584961,0.990723
23.000000,900.000000,0.905273,1.000000,0.993652,0.970215,0.578125,0.992676
24.000000,900.000000,0.900879,1.000000,0.992676,0.967773,0.559570,0.986328
25.000000,900.000000,0.905762,1.000000,0.999023,0.971680,0.577148,0.991699
26.000000,900.000000,0.903809,1.000000,0.995605,0.968262,0.573242,0.992188
27.000000,900.000000,0.906738,1.000000,1.000000,0.970215,0.583984,0.987305
28.000000,900.000000,0.905273,1.000000,0.999512,0.971191,0.577148,0.987793
29.000000,900.000000,0.903809,0.000000,0.989258,0.971191,0.574219,0.985352
30.000000,900.000000,0.908203,1.000000,0.999023,0.971680,0.591797,0.992676
31.000000,900.000000,0.906738,1.000000,1.000000,0.969238,0.586914,0.987305
32.000000,900.000000,0.910645,1.000000,0.997070,0.968262,0.600586,0.987793
33.000000,900.000000,0.911621,1.000000,0.999512,0.968262,0.599609,0.984375
34.000000,900.000000,0.904785,1.000000,0.970703,0.967285,0.578125,0.992188
35.000000,900.000000,0.910156,1.000000,0.990234,0.967285,0.594727,0.988281
36.000000,900.000000,0.898926,1.000000,0.997070,0.967773,0.559570,0.992676
37.000000,900.000000,0.902832,1.000000,0.993652,0.970215,0.573242,0.992188
38.000000,900.000000,0.904785,1.000000,0.999512,0.973633,0.573242,0.992676
39.000000,900.000000,0.911133,1.000000,0.990723,0.970215,0.597656,0.992676
40.000000,900.000000,0.909668,1.000000,1.000000,0.969727,0.597656,0.985352
41.000000,900.000000,0.905762,0.000000,0.997070,0.970215,0.580078,0.987793
42.000000,900.000000,0.903809,1.000000,0.987793,0.968262,0.575195,0.992676
43.000000,900.000000,0.902344,1.000000,0.991699,0.969727,0.569336,0.992188
44.000000,900.000000,0.907715,1.000000,0.998047,0.970215,0.583008,0.987305
45.000000,900.000000,0.909180,1.000000,0.998535,0.968750,0.593750,0.992676
46.000000,900.000000,0.909668,1.000000,1.000000,0.968262,0.593750,0.992676
47.000000,900.000000,0.901855,1.000000,0.992676,0.973633,0.566406,0.984863
48.000000,900.000000,0.906250,1.000000,0.985352,0.966309,0.583984,0.992188
49.000000,900.000000,0.904297,1.000000,1.000000,0.970215,0.574219,0.987793
50.000000,900.000000,0.907227,1.000000,1.000000,0.967773,0.586914,0.989258
51.000000,900.000000,0.908203,1.000000,0.999512,0.971191,0.586914,0.983398
52.000000,900.000000,0.911621,1.000000,0.998047,0.969238,0.597656,0.989258
53.000000,900.000000,0.907715,1.000000,0.997070,0.969727,0.588867,0.982910
54.000000,900.000000,0.912598,1.000000,0.998535,0.969727,0.601562,0.992188
55.000000,900.000000,0.904297,1.000000,0.998047,0.972168,0.576172,0.993164
56.000000,900.000000,0.908203,1.000000,0.996582,0.972168,0.594727,0.991699
57.000000,900.000000,0.907227,1.000000,0.989258,0.970215,0.587891,0.984375
58.000000,900.000000,0.906738,1.000000,0.999023,0.973633,0.586914,0.982422
59.000000,900.000000,0.909180,1.000000,0.999512,0.969727,0.590820,0.992188
60.000000,900.000000,0.909180,1.000000,0.998047,0.968750,0.595703,0.992188
61.000000,900.000000,0.911621,1.000000,1.000000,0.968750,0.601562,0.988281
62.000000,900.000000,0.905273,1.000000,0.988281,0.972656,0.573242,0.977539
63.000000,900.000000,0.908691,1.000000,0.990234,0.968750,0.591797,0.991211
64.000000,900.000000,0.906250,1.000000,0.999023,0.967285,0.579102,0.984375
65.000000,900.000000,0.907227,1.000000,0.999512,0.970703,0.585938,0.986328
66.000000,900.000000,0.907227,1.000000,0.997559,0.971680,0.587891,0.992676
67.000000,900.000000,0.904785,1.000000,0.994629,0.970703,0.573242,0.992188
68.000000,900.000000,0.907227,1.000000,0.997070,0.971680,0.583984,0.991699
69.000000,900.000000,0.908203,1.000000,0.997559,0.971680,0.587891,0.987793
70.000000,900.000000,0.903809,1.000000,0.997070,0.969727,0.574219,0.992676
71.000000,900.000000,0.902344,1.000000,0.998047,0.969238,0.568359,0.992188
72.000000,900.000000,0.903320,1.000000,0.991699,0.968750,0.574219,0.986816
73.000000,900.000000,0.907227,1.000000,1.000000,0.970215,0.583008,0.990234
74.000000,900.000000,0.906738,1.000000,0.997070,0.968262,0.583984,0.988281
75.000000,900.000000,0.900879,1.000000,0.997070,0.966797,0.567383,0.985352
76.000000,900.000000,0.912109,1.000000,0.990723,0.972168,0.599609,0.992188
77.000000,900.000000,0.910156,1.000000,0.993652,0.968262,0.593750,0.987305
78.000000,900.000000,0.905273,1.000000,0.995605,0.970703,0.576172,0.986328
79.000000,900.000000,0.906250,1.000000,0.995605,0.968262,0.579102,0.990723
80.000000,900.000000,0.899414,1.000000,0.999023,0.972168,0.562500,0.992188
81.000000,900.000000,0.908691,1.000000,0.999512,0.968262,0.590820,0.991699
82.000000,900.000000,0.900391,1.000000,0.998535,0.971191,0.565430,0.990723
83.000000,900.000000,0.905273,1.000000,1.000000,0.969727,0.579102,0.985840
84.000000,900.000000,0.906250,1.000000,0.999512,0.971191,0.583984,0.992188
85.000000,900.000000,0.907715,1.000000,0.997559,0.970703,0.586914,0.990723
86.000000,900.000000,0.903809,1.000000,0.992676,0.970703,0.574219,0.992188
87.000000,900.000000,0.908691,1.000000,0.999512,0.969727,0.585938,0.992676
88.000000,900.000000,0.909668,1.000000,0.999023,0.968750,0.595703,0.985352
89.000000,900.000000,0.907227,1.000000,0.991699,0.968750,0.583984,0.990723
90.000000,900.000000,0.910156,1.000000,0.998535,0.971191,0.596680,0.990234
91.000000,900.000000,0.906250,1.000000,0.995605,0.971680,0.581055,0.990234
92.000000,900.000000,0.904297,1.000000,0.999512,0.973145,0.574219,0.993164
93.000000,900.000000,0.903809,1.000000,0.999023,0.971680,0.575195,0.988281
94.000000,900.000000,0.907227,1.000000,0.996582,0.970215,0.583984,0.989258
95.000000,900.000000,0.906250,1.000000,1.000000,0.970703,0.580078,0.992676
96.000000,900.000000,0.903809,1.000000,0.994629,0.970703,0.572266,0.991211
97.000000,900.000000,0.907227,1.000000,0.997070,0.971680,0.583984,0.987305
98.000000,900.000000,0.905762,1.000000,0.998535,0.968750,0.583008,0.992676
99.000000,900.000000,0.911133,1.000000,0.999023,0.970215,0.595703,0.991211
100.000000,900.000000,0.907227,1.000000,0.998535,0.969727,0.582031,0.990234
101.000000,900.000000,0.907715,1.000000,1.000000,0.970215,0.589844,0.992676
102.000000,900.000000,0.906250,1.000000,0.991699,0.970215,0.587891,0.986328
103.000000,900.000000,0.909180,1.000000,0.991699,0.968750,0.591797,0.983887
104.000000,900.000000,0.910156,1.000000,0.997559,0.971680,0.594727,0.988770
105.000000,900.000000,0.910156,1.000000,1.000000,0.967285,0.594727,0.992188
106.000000,900.000000,0.905273,1.000000,0.995605,0.969727,0.572266,0.989746
107.000000,900.000000,0.907227,1.000000,0.999023,0.972656,0.584961,0.993164
108.000000,900.000000,0.906250,1.000000,0.997070,0.971191,0.579102,0.991699
109.000000,900.000000,0.908691,1.000000,0.999512,0.969238,0.589844,0.992676
110.000000,900.000000,0.906738,1.000000,0.997070,0.970215,0.585938,0.992188
111.000000,900.000000,0.908203,1.000000,0.999512,0.971680,0.583984,0.992676
112.000000,900.000000,0.909180,1.000000,0.986328,0.971680,0.591797,0.987793
113.000000,900.000000,0.904297,0.000000,0.999512,0.968262,0.574219,0.989258
114.000000,900.000000,0.907715,1.000000,1.000000,0.971191,0.583008,0.988281
115.000000,900.000000,0.909180,1.000000,0.997070,0.972168,0.594727,0.990723
116.000000,900.000000,0.904297,1.000000,0.992676,0.967773,0.576172,0.992188
117.000000,900.000000,0.905762,1.000000,0.997070,0.968262,0.580078,0.988281
118.000000,900.000000,0.909180,1.000000,0.998535,0.969727,0.591797,0.992676
119.000000,900.000000,0.906250,1.000000,0.990723,0.969727,0.578125,0.984863
120.000000,900.000000,0.910645,1.000000,0.999023,0.969238,0.594727,0.992676
121.000000,900.000000,0.904297,1.000000,0.999023,0.968262,0.574219,0.985840
122.000000,900.000000,0.909180,1.000000,1.000000,0.969727,0.589844,0.983887
123.000000,900.000000,0.910156,0.000000,1.000000,0.971191,0.593750,0.986328
124.000000,900.000000,0.908203,1.000000,0.992676,0.969727,0.588867,0.986816
125.000000,900.000000,0.901367,1.000000,1.000000,0.969238,0.570312,0.981934
126.000000,900.000000,0.904297,1.000000,0.999023,0.968750,0.575195,0.992188
127.000000,900.000000,0.905762,1.000000,0.996582,0.972168,0.585938,0.992676
128.000000,900.000000,0.904785,1.000000,0.990723,0.971191,0.574219,0.992676
129.000000,900.000000,0.906250,1.000000,0.998535,0.967285,0.584961,0.987793
130.000000,900.000000,0.906250,1.000000,0.995605,0.971191,0.583008,0.985840
131.000000,900.000000,0.903320,1.000000,1.000000,0.968262,0.569336,0.992188
132.000000,900.000000,0.906250,1.000000,0.998535,0.971680,0.582031,0.988770
133.000000,900.000000,0.905762,1.000000,0.999023,0.971191,0.578125,0.991211
134.000000,900.000000,0.905762,1.000000,1.000000,0.969238,0.577148,0.988770
135.000000,900.000000,0.906738,1.000000,0.994629,0.969727,0.583008,0.991699
136.000000,900.000000,0.906738,1.000000,0.999512,0.970703,0.583008,0.989258
137.000000,900.000000,0.907715,1.000000,0.999023,0.971680,0.592773,0.992188
138.000000,900.000000,0.910645,1.000000,0.999512,0.968262,0.597656,0.991699
139.000000,900.000000,0.907715,1.000000,0.999023,0.970703,0.585938,0.990723
140.000000,900.000000,0.912598,1.000000,0.997070,0.970703,0.602539,0.986816
141.000000,900.000000,0.902344,1.000000,0.997559,0.970703,0.570312,0.991699
142.000000,900.000000,0.909180,1.000000,1.000000,0.972656,0.590820,0.992188
143.000000,900.000000,0.913574,1.000000,0.999023,0.968750,0.605469,0.984863
144.000000,900.000000,0.905762,1.000000,0.997070,0.967773,0.585938,0.992188
145.000000,900.000000,0.908203,1.000000,0.993652,0.968750,0.588867,0.989746
146.000000,900.000000,0.913086,1.000000,0.998047,0.970703,0.601562,0.992188
147.000000,900.000000,0.911133,1.000000,1.000000,0.973145,0.603516,0.992188
148.000000,900.000000,0.907715,1.000000,1.000000,0.968262,0.583984,0.987305
149.000000,900.000000,0.910156,1.000000,0.994629,0.969238,0.594727,0.987305
150.000000,900.000000,0.902344,1.000000,0.998535,0.972656,0.567383,0.983398
151.000000,900.000000,0.908691,1.000000,0.996582,0.971191,0.590820,0.989258
152.000000,900.000000,0.908203,1.000000,0.998047,0.969727,0.587891,0.991699
153.000000,900.000000,0.908203,1.000000,1.000000,0.970703,0.588867,0.992188
154.000000,900.000000,0.906738,1.000000,0.984863,0.971680,0.582031,0.987793
155.000000,900.000000,0.904297,1.000000,0.996582,0.967285,0.571289,0.986816
156.000000,900.000000,0.905762,1.000000,1.000000,0.964844,0.581055,0.992188
157.000000,900.000000,0.912109,1.000000,0.999512,0.970215,0.601562,0.992188
158.000000,900.000000,0.907715,1.000000,0.994629,0.970703,0.587891,0.990723
159.000000,900.000000,0.910645,1.000000,0.999512,0.972168,0.598633,0.988770
160.000000,900.000000,0.905273,1.000000,0.999023,0.969727,0.575195,0.992676
161.000000,900.000000,0.905762,1.000000,1.000000,0.971191,0.578125,0.989258
162.000000,900.000000,0.903809,1.000000,0.997559,0.971680,0.573242,0.988281
163.000000,900.000000,0.906738,1.000000,0.998535,0.968750,0.583008,0.986816
164.000000,900.000000,0.902832,1.000000,1.000000,0.970703,0.571289,0.990234
165.000000,900.000000,0.905273,1.000000,0.990723,0.972168,0.580078,0.992188
166.000000,900.000000,0.908691,1.000000,0.992676,0.969238,0.585938,0.990723
167.000000,900.000000,0.908203,1.000000,1.000000,0.966797,0.583984,0.992188
168.000000,900.000000,0.912109,1.000000,1.000000,0.969238,0.598633,0.991699
169.000000,900.000000,0.908203,1.000000,0.999023,0.971191,0.587891,0.986816
170.000000,900.000000,0.906738,1.000000,0.996582,0.969238,0.588867,0.982910
171.000000,900.000000,0.903320,1.000000,0.998535,0.972168,0.574219,0.992676
172.000000,900.000000,0.909180,0.000000,0.999512,0.969238,0.591797,0.986328
173.000000,900.000000,0.906250,1.000000,0.997559,0.970215,0.582031,0.992676
174.000000,900.000000,0.906738,1.000000,0.998535,0.969238,0.582031,0.985840
175.000000,900.000000,0.908691,1.000000,0.999023,0.967285,0.593750,0.991211
176.000000,900.000000,0.906738,1.000000,0.991699,0.967773,0.584961,0.991699
177.000000,900.000000,0.901855,1.000000,0.985352,0.971191,0.567383,0.992188
178.000000,900.000000,0.905762,1.000000,0.995605,0.970703,0.578125,0.981445
179.000000,900.000000,0.906738,1.000000,0.998535,0.969238,0.583984,0.990234
180.000000,900.000000,0.901855,0.000000,1.000000,0.968262,0.566406,0.990234
181.000000,900.000000,0.906250,1.000000,0.998535,0.971680,0.582031,0.984863
182.000000,900.000000,0.907227,1.000000,1.000000,0.969727,0.583008,0.987793
183.000000,900.000000,0.913086,1.000000,0.996582,0.970703,0.600586,0.993164
184.000000,900.000000,0.900879,1.000000,0.999023,0.970703,0.568359,0.984375
185.000000,900.000000,0.906738,1.000000,1.000000,0.972656,0.580078,0.982422
186.000000,900.000000,0.902832,1.000000,1.000000,0.969238,0.568359,0.992188
187.000000,900.000000,0.906250,1.000000,0.999023,0.969727,0.582031,0.992676
188.000000,900.000000,0.908691,1.000000,0.999023,0.973145,0.589844,0.990723
189.000000,900.000000,0.905273,1.000000,0.997559,0.970703,0.577148,0.982422
190.000000,900.000000,0.910645,1.000000,0.999512,0.970703,0.595703,0.992676
191.000000,900.000000,0.906738,1.000000,0.994141,0.967773,0.581055,0.990723
192.000000,900.000000,0.904297,1.000000,1.000000,0.972168,0.575195,0.983398
193.000000,900.000000,0.901367,1.000000,1.000000,0.971191,0.570312,0.992676
194.000000,900.000000,0.902832,1.000000,0.986328,0.969238,0.571289,0.987793
195.000000,900.000000,0.905273,1.000000,0.995605,0.969238,0.581055,0.994141
196.000000,900.000000,0.908691,1.000000,0.997070,0.970215,0.590820,0.988770
197.000000,900.000000,0.911621,1.000000,0.999023,0.967773,0.597656,0.985840
198.000000,900.000000,0.908203,1.000000,1.000000,0.969238,0.589844,0.990723
199.000000,900.000000,0.906738,1.000000,0.995605,0.968750,0.586914,0.993164
200.000000,900.000000,0.907715,1.000000,0.997070,0.969727,0.587891,0.984375
201.000000,900.000000,0.905273,1.000000,0.994629,0.970215,0.580078,0.987305
202.000000,900.000000,0.906250,1.000000,1.000000,0.967773,0.581055,0.993164
203.000000,900.000000,0.907715,1.000000,0.999512,0.970215,0.591797,0.983398
204.000000,900.000000,0.906738,1.000000,1.000000,0.969727,0.579102,0.988770
205.000000,900.000000,0.907227,1.000000,1.000000,0.971680,0.583008,0.991699
206.000000,900.000000,0.909668,1.000000,0.999512,0.970703,0.594727,0.989746
207.000000,900.000000,0.909668,1.000000,1.000000,0.970703,0.588867,0.992188
208.000000,900.000000,0.911621,1.000000,0.999512,0.968750,0.602539,0.992676
209.000000,900.000000,0.908203,1.000000,0.998535,0.970703,0.586914,0.990234
210.000000,900.000000,0.905762,1.000000,0.998535,0.971191,0.577148,0.989258
211.000000,900.000000,0.908203,1.000000,0.994629,0.970703,0.589844,0.988281
212.000000,900.000000,0.907227,1.000000,0.999023,0.969238,0.584961,0.984375
213.000000,900.000000,0.904785,1.000000,0.999512,0.969238,0.579102,0.985352
214.000000,900.000000,0.906738,1.000000,0.987793,0.970703,0.585938,0.992676
215.000000,900.000000,0.907715,0.000000,0.994629,0.970215,0.585938,0.987305
216.000000,900.000000,0.902832,1.000000,0.999023,0.969238,0.573242,0.983398
217.000000,900.000000,0.907715,1.000000,0.993652,0.971191,0.584961,0.986816
218.000000,900.000000,0.905273,1.000000,0.999512,0.969727,0.576172,0.991699
219.000000,900.000000,0.901367,1.000000,0.995605,0.971191,0.565430,0.992188
220.000000,900.000000,0.904785,1.000000,0.974609,0.970703,0.574219,0.987793
221.000000,900.000000,0.904785,1.000000,0.998535,0.971191,0.578125,0.987793
222.000000,900.000000,0.911621,1.000000,1.000000,0.967285,0.601562,0.990234
223.000000,900.000000,0.908203,1.000000,0.998047,0.973145,0.589844,0.987305
224.000000,900.000000,0.904785,0.000000,0.997559,0.970703,0.581055,0.990234
225.000000,900.000000,0.903320,1.000000,0.981934,0.969727,0.573242,0.990234
226.000000,900.000000,0.906250,1.000000,0.999023,0.967285,0.581055,0.984863
227.000000,900.000000,0.909668,0.000000,0.994141,0.969727,0.594727,0.987305
228.000000,900.000000,0.905762,1.000000,0.999023,0.969238,0.578125,0.991699
229.000000,900.000000,0.910645,1.000000,0.998535,0.968262,0.598633,0.993164
230.000000,900.000000,0.908691,1.000000,0.994141,0.970703,0.588867,0.991211
231.000000,900.000000,0.910156,1.000000,1.000000,0.970703,0.591797,0.992188
232.000000,900.000000,0.907715,1.000000,0.996582,0.968750,0.584961,0.994141
233.000000,900.000000,0.908203,0.000000,0.988281,0.970703,0.588867,0.989258
234.000000,900.000000,0.906738,1.000000,0.998535,0.972656,0.583008,0.988770
235.000000,900.000000,0.904297,1.000000,0.998047,0.968262,0.571289,0.992188
236.000000,900.000000,0.911621,1.000000,0.999512,0.970703,0.598633,0.992188
237.000000,900.000000,0.911621,1.000000,0.998047,0.968750,0.598633,0.988770
238.000000,900.000000,0.908691,1.000000,0.999512,0.970703,0.593750,0.980469
239.000000,900.000000,0.901855,1.000000,0.997070,0.971191,0.566406,0.989746
240.000000,900.000000,0.904297,1.000000,0.994629,0.968750,0.579102,0.993164
241.000000,900.000000,0.910156,0.000000,1.000000,0.967773,0.595703,0.989746
242.000000,900.000000,0.908203,1.000000,0.999512,0.969727,0.589844,0.989258
243.000000,900.000000,0.909180,1.000000,0.998535,0.969238,0.590820,0.989258
244.000000,900.000000,0.908203,1.000000,0.994629,0.968262,0.589844,0.986816
245.000000,900.000000,0.909180,1.000000,1.000000,0.966797,0.586914,0.985840
246.000000,900.000000,0.903320,1.000000,1.000000,0.969727,0.569336,0.992188
247.000000,900.000000,0.903320,1.000000,1.000000,0.972656,0.570312,0.983887
248.000000,900.000000,0.906250,1.000000,0.992676,0.969727,0.582031,0.985840
249.000000,900.000000,0.912598,1.000000,0.999512,0.970703,0.602539,0.988281
250.000000,900.000000,0.905273,1.000000,0.997070,0.970703,0.578125,0.988281
251.000000,900.000000,0.907227,1.000000,0.999512,0.968750,0.582031,0.992188
252.000000,900.000000,0.907227,1.000000,0.999512,0.969238,0.583984,0.991699
253.000000,900.000000,0.904785,1.000000,0.999023,0.971680,0.574219,0.992188
254.000000,900.000000,0.901855,1.000000,0.978516,0.970215,0.566406,0.992188
255.000000,900.000000,0.906250,1.000000,1.000000,0.970703,0.583984,0.986816
256.000000,900.000000,0.899902,1.000000,0.993652,0.970215,0.564453,0.992188
257.000000,900.000000,0.909180,1.000000,1.000000,0.968262,0.591797,0.982422
258.000000,900.000000,0.898926,1.000000,1.000000,0.970703,0.559570,0.990234
259.000000,900.000000,0.909668,1.000000,0.999023,0.971191,0.591797,0.992188
260.000000,900.000000,0.910645,1.000000,1.000000,0.965820,0.600586,0.992188
261.000000,900.000000,0.906250,1.000000,1.000000,0.971680,0.585938,0.993164
262.000000,900.000000,0.902344,1.000000,1.000000,0.971191,0.570312,0.990723
263.000000,900.000000,0.907227,1.000000,0.997070,0.970215,0.587891,0.992188
264.000000,900.000000,0.901367,1.000000,0.998047,0.971191,0.567383,0.985352
265.000000,900.000000,0.913086,1.000000,0.997070,0.968750,0.604492,0.986328
266.000000,900.000000,0.908203,1.000000,0.999512,0.968750,0.588867,0.990234
267.000000,900.000000,0.903320,1.000000,0.998535,0.970215,0.570312,0.991699
268.000000,900.000000,0.903809,1.000000,0.998535,0.969238,0.573242,0.988281
269.000000,900.000000,0.910156,1.000000,0.999023,0.968262,0.595703,0.988770
270.000000,900.000000,0.904785,1.000000,0.998535,0.970215,0.578125,0.992188
271.000000,900.000000,0.904297,1.000000,0.997070,0.972168,0.577148,0.993164
272.000000,900.000000,0.901855,1.000000,0.999512,0.970215,0.572266,0.990723
273.000000,900.000000,0.904297,1.000000,0.990234,0.968750,0.574219,0.988281
274.000000,900.000000,0.906250,1.000000,0.999023,0.971680,0.577148,0.987793
275.000000,900.000000,0.905762,1.000000,0.997559,0.969727,0.581055,0.990723
276.000000,900.000000,0.909180,1.000000,0.999023,0.972168,0.589844,0.983398
277.000000,900.000000,0.907715,1.000000,0.992676,0.972168,0.586914,0.992188
278.000000,900.000000,0.908691,1.000000,0.980469,0.968750,0.587891,0.989258
279.000000,900.000000,0.906250,1.000000,1.000000,0.970703,0.585938,0.992188
280.000000,900.000000,0.909668,1.000000,0.987793,0.971680,0.595703,0.991211
281.000000,900.000000,0.913086,1.000000,0.999512,0.973145,0.601562,0.992676
282.000000,900.000000,0.905273,1.000000,0.994629,0.968750,0.581055,0.992676
283.000000,900.000000,0.908691,1.000000,0.995605,0.970215,0.591797,0.986816
284.000000,900.000000,0.908691,1.000000,1.000000,0.968750,0.588867,0.987305
285.000000,900.000000,0.908203,1.000000,0.999023,0.968750,0.588867,0.984863
286.000000,900.000000,0.908203,1.000000,0.998535,0.967285,0.588867,0.992676
287.000000,900.000000,0.910645,1.000000,0.999512,0.970215,0.597656,0.994141
288.000000,900.000000,0.909668,1.000000,1.000000,0.969238,0.595703,0.991211
289.000000,900.000000,0.908691,1.000000,0.999023,0.969727,0.593750,0.991211
290.000000,900.000000,0.908691,1.000000,1.000000,0.971191,0.588867,0.986816
291.000000,900.000000,0.908691,1.000000,0.999512,0.967773,0.588867,0.990234
292.000000,900.000000,0.901367,1.000000,0.999512,0.971191,0.565430,0.986328
293.000000,900.000000,0.910645,1.000000,0.999512,0.970215,0.592773,0.990234
294.000000,900.000000,0.905273,1.000000,1.000000,0.968750,0.582031,0.989746
295.000000,900.000000,0.914551,1.000000,0.999023,0.970215,0.611328,0.986816
296.000000,900.000000,0.912109,1.000000,0.999512,0.972168,0.602539,0.991699
297.000000,900.000000,0.899902,1.000000,1.000000,0.970215,0.562500,0.993164
298.000000,900.000000,0.911133,1.000000,0.995605,0.970703,0.598633,0.991211
299.000000,900.000000,0.898926,1.000000,0.983887,0.969727,0.555664,0.984863
300.000000,900.000000,0.909180,1.000000,0.998535,0.971191,0.593750,0.986328
301.000000,900.000000,0.904297,1.000000,0.999023,0.970215,0.574219,0.985352
302.000000,900.000000,0.909668,1.000000,0.997070,0.971191,0.589844,0.992188
303.000000,900.000000,0.913574,1.000000,1.000000,0.971680,0.604492,0.988770
304.000000,900.000000,0.902344,1.000000,0.999023,0.969238,0.571289,0.987793
305.000000,900.000000,0.904297,1.000000,1.000000,0.973145,0.576172,0.982422
306.000000,900.000000,0.904785,0.000000,0.998535,0.969727,0.578125,0.992188
307.000000,900.000000,0.906738,1.000000,1.000000,0.968750,0.583008,0.990234
308.000000,900.000000,0.906250,1.000000,1.000000,0.969238,0.582031,0.986328
309.000000,900.000000,0.911133,1.000000,1.000000,0.970215,0.600586,0.992188
310.000000,900.000000,0.906738,0.000000,0.951660,0.969238,0.583984,0.992188
311.000000,900.000000,0.905273,1.000000,0.998047,0.968262,0.576172,0.989746
312.000000,900.000000,0.909668,1.000000,0.968750,0.969727,0.594727,0.993164
313.000000,900.000000,0.906250,1.000000,0.995605,0.969238,0.578125,0.986816
314.000000,900.000000,0.906738,1.000000,0.998535,0.971191,0.581055,0.986816
315.000000,900.000000,0.910156,1.000000,0.992676,0.970703,0.594727,0.992188
316.000000,900.000000,0.905762,1.000000,0.991699,0.970703,0.578125,0.991211
317.000000,900.000000,0.906250,1.000000,0.999512,0.968750,0.582031,0.991699
318.000000,900.000000,0.908691,1.000000,0.992676,0.971680,0.586914,0.992188
319.000000,900.000000,0.904297,1.000000,0.999023,0.970215,0.575195,0.993164
320.000000,900.000000,0.903809,0.000000,0.996582,0.968262,0.573242,0.992676
321.000000,900.000000,0.906738,1.000000,0.999023,0.971680,0.581055,0.988281
322.000000,900.000000,0.907227,1.000000,0.999023,0.971191,0.583984,0.985840
323.000000,900.000000,0.908203,1.000000,0.999512,0.971680,0.587891,0.990723
324.000000,900.000000,0.909180,1.000000,0.999512,0.971191,0.593750,0.992676
325.000000,900.000000,0.909668,1.000000,0.994141,0.971191,0.593750,0.986328
326.000000,900.000000,0.911133,1.000000,0.998535,0.971191,0.597656,0.986816
327.000000,900.000000,0.908691,1.000000,1.000000,0.969238,0.588867,0.986328
328.000000,900.000000,0.908691,1.000000,1.000000,0.966797,0.590820,0.987793
329.000000,900.000000,0.911133,1.000000,1.000000,0.968262,0.600586,0.992188
330.000000,900.000000,0.899414,1.000000,1.000000,0.968262,0.554688,0.990234
331.000000,900.000000,0.908203,1.000000,0.999023,0.968750,0.585938,0.991699
332.000000,900.000000,0.904297,1.000000,0.991699,0.966797,0.573242,0.992676
333.000000,900.000000,0.905762,0.000000,0.999023,0.968750,0.578125,0.984375
334.000000,900.000000,0.902832,1.000000,0.999512,0.966797,0.571289,0.987305
335.000000,900.000000,0.912598,1.000000,0.999023,0.971191,0.600586,0.991211
336.000000,900.000000,0.902832,1.000000,0.992676,0.970215,0.571289,0.992188
337.000000,900.000000,0.913086,1.000000,0.997070,0.968750,0.604492,0.992188
338.000000,900.000000,0.909180,1.000000,0.998047,0.973145,0.589844,0.990723
339.000000,900.000000,0.906250,1.000000,0.983887,0.969727,0.581055,0.992676
340.000000,900.000000,0.905762,0.000000,0.998535,0.969238,0.581055,0.992676
341.000000,900.000000,0.906250,1.000000,0.999023,0.968262,0.583008,0.992188
342.000000,900.000000,0.911621,1.000000,0.998535,0.971680,0.602539,0.987305
343.000000,900.000000,0.909668,1.000000,0.989258,0.970703,0.594727,0.992676
344.000000,900.000000,0.912109,0.000000,1.000000,0.972168,0.602539,0.991699
345.000000,900.000000,0.911621,1.000000,0.996582,0.970215,0.600586,0.993652
346.000000,900.000000,0.907715,1.000000,0.976562,0.973145,0.588867,0.989258
347.000000,900.000000,0.910645,1.000000,1.000000,0.971680,0.595703,0.989258
348.000000,900.000000,0.909180,1.000000,0.988281,0.968262,0.596680,0.989258
349.000000,900.000000,0.907227,1.000000,1.000000,0.966797,0.587891,0.991699
350.000000,900.000000,0.910645,1.000000,0.998535,0.971680,0.593750,0.992188
351.000000,900.000000,0.910645,1.000000,0.992676,0.972656,0.596680,0.992188
352.000000,900.000000,0.906250,1.000000,0.995605,0.971680,0.580078,0.992188
353.000000,900.000000,0.903320,1.000000,0.999512,0.971680,0.574219,0.992188
354.000000,900.000000,0.906738,1.000000,0.995605,0.970215,0.583984,0.991699
355.000000,900.000000,0.902344,1.000000,0.998535,0.966309,0.568359,0.990723
356.000000,900.000000,0.907715,1.000000,1.000000,0.971680,0.588867,0.993652
357.000000,900.000000,0.905762,1.000000,0.998047,0.971191,0.576172,0.985840
358.000000,900.000000,0.908203,1.000000,0.999023,0.972168,0.589844,0.983398
359.000000,900.000000,0.907227,1.000000,0.990234,0.968262,0.583984,0.991211
360.000000,900.000000,0.907227,1.000000,0.993652,0.967285,0.584961,0.991699
361.000000,900.000000,0.902832,1.000000,0.999512,0.967773,0.567383,0.992676
362.000000,900.000000,0.904297,1.000000,1.000000,0.971191,0.581055,0.992676
363.000000,900.000000,0.912109,1.000000,0.997070,0.970215,0.604492,0.988281
364.000000,900.000000,0.908691,1.000000,0.990234,0.971191,0.593750,0.985840
365.000000,900.000000,0.905273,1.000000,0.994141,0.972168,0.579102,0.992676
366.000000,900.000000,0.904297,0.000000,0.999023,0.971680,0.575195,0.993652
367.000000,900.000000,0.912598,1.000000,0.995605,0.969238,0.603516,0.988281
368.000000,900.000000,0.907227,1.000000,1.000000,0.969238,0.583984,0.983398
369.000000,900.000000,0.907715,1.000000,0.999023,0.971191,0.586914,0.992188
370.000000,900.000000,0.900879,1.000000,0.999023,0.967773,0.565430,0.988281
371.000000,900.000000,0.904785,1.000000,0.983887,0.968750,0.579102,0.985352
372.000000,900.000000,0.903320,1.000000,0.998535,0.972656,0.571289,0.984375
373.000000,900.000000,0.908203,1.000000,0.999512,0.970703,0.583984,0.992676
374.000000,900.000000,0.911133,1.000000,0.998535,0.969238,0.593750,0.993164
375.000000,900.000000,0.909180,1.000000,0.987793,0.969238,0.589844,0.978516
376.000000,900.000000,0.904297,1.000000,0.995605,0.972656,0.580078,0.982422
377.000000,900.000000,0.904785,1.000000,0.997070,0.969727,0.578125,0.988281
378.000000,900.000000,0.903320,1.000000,0.999023,0.966309,0.572266,0.986816
379.000000,900.000000,0.914551,1.000000,1.000000,0.971680,0.606445,0.983398
380.000000,900.000000,0.912109,1.000000,0.998535,0.968750,0.599609,0.988770
381.000000,900.000000,0.912598,1.000000,0.993652,0.967285,0.600586,0.992188
382.000000,900.000000,0.905273,1.000000,1.000000,0.969238,0.581055,0.988281
383.000000,900.000000,0.908691,1.000000,0.997070,0.971191,0.588867,0.989746
384.000000,900.000000,0.909180,1.000000,0.999023,0.971680,0.588867,0.993652
385.000000,900.000000,0.910156,1.000000,0.999023,0.969238,0.594727,0.989746
386.000000,900.000000,0.907227,1.000000,0.995605,0.970215,0.586914,0.992676
387.000000,900.000000,0.913086,1.000000,1.000000,0.969727,0.603516,0.991211
388.000000,900.000000,0.901367,1.000000,0.993652,0.968750,0.566406,0.988770
389.000000,900.000000,0.913086,1.000000,0.999023,0.967285,0.607422,0.990234
390.000000,900.000000,0.905762,1.000000,0.995605,0.969238,0.582031,0.992676
391.000000,900.000000,0.903809,1.000000,0.996582,0.968262,0.576172,0.992676
392.000000,900.000000,0.908691,1.000000,0.999023,0.969238,0.589844,0.992676
393.000000,900.000000,0.909668,1.000000,0.990234,0.969727,0.589844,0.991211
394.000000,900.000000,0.906738,1.000000,0.996582,0.969727,0.584961,0.985352
395.000000,900.000000,0.908203,0.000000,1.000000,0.970703,0.587891,0.990723
396.000000,900.000000,0.908203,1.000000,0.985352,0.971680,0.587891,0.992188
397.000000,900.000000,0.911133,1.000000,0.998535,0.971680,0.596680,0.989258
398.000000,900.000000,0.904785,1.000000,0.997070,0.971191,0.573242,0.993164
399.000000,900.000000,0.913574,1.000000,0.999512,0.972168,0.608398,0.991699
400.000000,900.000000,0.907227,1.000000,0.995605,0.968750,0.584961,0.992676
401.000000,900.000000,0.906738,1.000000,0.980469,0.968750,0.583008,0.991211
402.000000,900.000000,0.906250,1.000000,1.000000,0.969727,0.581055,0.988281
403.000000,900.000000,0.908691,1.000000,0.996582,0.968262,0.589844,0.988770
404.000000,900.000000,0.903320,0.000000,1.000000,0.972168,0.574219,0.985840
405.000000,900.000000,0.905762,1.000000,0.999512,0.966797,0.576172,0.991211
406.000000,900.000000,0.899902,1.000000,0.999023,0.968750,0.559570,0.984863
407.000000,900.000000,0.907227,1.000000,0.995605,0.967773,0.590820,0.992188
408.000000,900.000000,0.908203,1.000000,1.000000,0.970215,0.587891,0.991211
409.000000,900.000000,0.904785,1.000000,0.992676,0.969727,0.579102,0.974121
410.000000,900.000000,0.910156,1.000000,0.990723,0.968262,0.593750,0.988281
411.000000,900.000000,0.907227,1.000000,1.000000,0.970703,0.583984,0.992188
412.000000,900.000000,0.905273,1.000000,0.997070,0.970703,0.573242,0.989258
413.000000,900.000000,0.909668,1.000000,0.999023,0.969238,0.591797,0.992188
414.000000,900.000000,0.904297,1.000000,1.000000,0.969727,0.576172,0.992188
415.000000,900.000000,0.904297,1.000000,0.999023,0.968262,0.570312,0.987305
416.000000,900.000000,0.903320,1.000000,0.999023,0.968750,0.574219,0.989258
417.000000,900.000000,0.910156,1.000000,0.999512,0.966797,0.591797,0.988281
418.000000,900.000000,0.908203,1.000000,0.998535,0.972656,0.587891,0.988770
419.000000,900.000000,0.903320,1.000000,1.000000,0.969238,0.573242,0.990723
420.000000,900.000000,0.903320,1.000000,1.000000,0.969238,0.572266,0.986816
421.000000,900.000000,0.905762,1.000000,0.999023,0.971680,0.581055,0.992188
422.000000,900.000000,0.909668,1.000000,0.998535,0.970215,0.592773,0.988770
423.000000,900.000000,0.902832,1.000000,1.000000,0.968750,0.571289,0.983887
424.000000,900.000000,0.903809,1.000000,0.995605,0.971680,0.575195,0.991211
425.000000,900.000000,0.905273,1.000000,0.997559,0.971191,0.576172,0.986816
426.000000,900.000000,0.908203,1.000000,0.996582,0.970703,0.590820,0.992188
427.000000,900.000000,0.906250,1.000000,0.999023,0.969727,0.583008,0.985840
428.000000,900.000000,0.907227,1.000000,1.000000,0.970215,0.584961,0.991211
429.000000,900.000000,0.906250,1.000000,0.998535,0.969238,0.584961,0.993164
430.000000,900.000000,0.909668,1.000000,1.000000,0.970703,0.597656,0.986816
431.000000,900.000000,0.903809,1.000000,0.994629,0.970703,0.575195,0.982910
432.000000,900.000000,0.907715,1.000000,0.998047,0.972168,0.585938,0.993164
433.000000,900.000000,0.903809,1.000000,0.995605,0.970215,0.578125,0.991699
434.000000,900.000000,0.902832,1.000000,0.999023,0.968262,0.572266,0.982910
435.000000,900.000000,0.908203,1.000000,0.999023,0.969727,0.588867,0.984375
436.000000,900.000000,0.908203,1.000000,0.998535,0.972168,0.588867,0.994629
437.000000,900.000000,0.910156,0.000000,0.997070,0.969238,0.598633,0.992188
438.000000,900.000000,0.910645,1.000000,1.000000,0.970703,0.598633,0.984375
439.000000,900.000000,0.907715,1.000000,1.000000,0.972656,0.585938,0.990234
440.000000,900.000000,0.905762,1.000000,0.998047,0.970215,0.583984,0.985352
441.000000,900.000000,0.904785,1.000000,0.996582,0.968750,0.574219,0.994629
442.000000,900.000000,0.903809,1.000000,0.981934,0.971191,0.575195,0.982910
443.000000,900.000000,0.910156,1.000000,0.994629,0.970703,0.595703,0.991699
444.000000,900.000000,0.909668,1.000000,0.999512,0.968750,0.592773,0.988281
445.000000,900.000000,0.908203,1.000000,0.995605,0.971191,0.586914,0.989258
446.000000,900.000000,0.904785,1.000000,0.989258,0.970215,0.580078,0.992676
447.000000,900.000000,0.905273,1.000000,1.000000,0.971680,0.576172,0.990234
448.000000,900.000000,0.909668,1.000000,0.980469,0.969727,0.590820,0.984375
449.000000,900.000000,0.906738,1.000000,1.000000,0.969727,0.578125,0.991699
450.000000,900.000000,0.902832,1.000000,0.998535,0.966797,0.569336,0.993164
451.000000,900.000000,0.905762,1.000000,1.000000,0.969727,0.576172,0.989746
452.000000,900.000000,0.910156,1.000000,1.000000,0.970703,0.597656,0.990234
453.000000,900.000000,0.903809,1.000000,0.997559,0.970215,0.578125,0.992188
454.000000,900.000000,0.910156,1.000000,0.998535,0.967285,0.595703,0.991211
455.000000,900.000000,0.906738,1.000000,0.999023,0.968750,0.581055,0.986816
456.000000,900.000000,0.903320,1.000000,0.994141,0.969238,0.572266,0.992188
457.000000,900.000000,0.910156,1.000000,0.997070,0.970703,0.593750,0.990723
458.000000,900.000000,0.909668,1.000000,0.994629,0.970215,0.592773,0.989746
459.000000,900.000000,0.907227,1.000000,0.999512,0.967285,0.586914,0.987305
460.000000,900.000000,0.906738,1.000000,0.997070,0.972656,0.582031,0.991211
461.000000,900.000000,0.906738,1.000000,0.997070,0.972168,0.584961,0.990234
462.000000,900.000000,0.912598,1.000000,0.998047,0.969238,0.602539,0.987305
463.000000,900.000000,0.903320,1.000000,0.999512,0.971191,0.571289,0.992188
464.000000,900.000000,0.913086,1.000000,1.000000,0.970215,0.604492,0.992188
465.000000,900.000000,0.902344,1.000000,0.997070,0.967773,0.568359,0.992188
466.000000,900.000000,0.908691,1.000000,0.999512,0.971191,0.588867,0.991699
467.000000,900.000000,0.908203,0.000000,0.997070,0.967773,0.590820,0.988281
468.000000,900.000000,0.907715,1.000000,1.000000,0.969238,0.585938,0.992676
469.000000,900.000000,0.906250,1.000000,0.998535,0.972168,0.580078,0.990234
470.000000,900.000000,0.908691,1.000000,0.991699,0.968750,0.590820,0.989258
471.000000,900.000000,0.912109,1.000000,0.989258,0.965820,0.602539,0.991699
472.000000,900.000000,0.905762,1.000000,0.990234,0.968262,0.577148,0.982910
473.000000,900.000000,0.912109,1.000000,0.999512,0.972168,0.596680,0.989258
474.000000,900.000000,0.911133,0.000000,0.999512,0.966797,0.600586,0.987793
475.000000,900.000000,0.907715,1.000000,0.998535,0.970215,0.583984,0.992676
476.000000,900.000000,0.909180,1.000000,0.999023,0.971191,0.590820,0.991699
477.000000,900.000000,0.900879,1.000000,0.994629,0.968262,0.561523,0.984375
478.000000,900.000000,0.910156,1.000000,0.999023,0.969727,0.594727,0.990723
479.000000,900.000000,0.909180,1.000000,0.999023,0.971191,0.587891,0.989746
480.000000,900.000000,0.908203,1.000000,0.997559,0.970215,0.590820,0.988770
481.000000,900.000000,0.908691,1.000000,0.994141,0.971191,0.586914,0.991699
482.000000,900.000000,0.908203,1.000000,0.999512,0.969727,0.585938,0.993652
483.000000,900.000000,0.906738,0.000000,1.000000,0.969727,0.583008,0.990723
484.000000,900.000000,0.908691,1.000000,0.998535,0.968750,0.590820,0.991699
485.000000,900.000000,0.906250,1.000000,0.999512,0.970215,0.579102,0.990234
486.000000,900.000000,0.908691,1.000000,0.999023,0.967285,0.591797,0.993164
487.000000,900.000000,0.901367,1.000000,1.000000,0.968262,0.563477,0.987305
488.000000,900.000000,0.905273,1.000000,0.970703,0.969727,0.578125,0.987305
489.000000,900.000000,0.901855,1.000000,0.990234,0.969238,0.569336,0.990234
490.000000,900.000000,0.905762,1.000000,0.993652,0.971680,0.583008,0.984375
491.000000,900.000000,0.909180,1.000000,0.998535,0.968262,0.589844,0.994629
492.000000,900.000000,0.905273,1.000000,0.989258,0.969727,0.577148,0.989746
493.000000,900.000000,0.912109,1.000000,0.999023,0.969238,0.600586,0.989746
494.000000,900.000000,0.907715,1.000000,1.000000,0.968750,0.592773,0.987305
495.000000,900.000000,0.908203,1.000000,0.999023,0.971680,0.592773,0.991211
496.000000,900.000000,0.906250,1.000000,0.998535,0.969238,0.577148,0.992676
497.000000,900.000000,0.908203,1.000000,0.985352,0.969238,0.585938,0.992188
498.000000,900.000000,0.910645,1.000000,0.996582,0.971191,0.599609,0.992188
499.000000,900.000000,0.905273,1.000000,0.990723,0.970215,0.579102,0.982910
500.000000,900.000000,0.902832,1.000000,0.999512,0.966797,0.572266,0.992188
501.000000,900.000000,0.903320,1.000000,1.000000,0.968750,0.574219,0.984863
502.000000,900.000000,0.907227,1.000000,0.992676,0.971680,0.585938,0.993164
503.000000,900.000000,0.903320,1.000000,1.000000,0.972168,0.573242,0.984863
504.000000,900.000000,0.905762,1.000000,0.994629,0.971680,0.582031,0.989258
505.000000,900.000000,0.907715,1.000000,0.979980,0.971680,0.586914,0.989258
506.000000,900.000000,0.903320,1.000000,0.991699,0.970215,0.573242,0.982910
507.000000,900.000000,0.909180,1.000000,0.999023,0.970215,0.593750,0.985840
508.000000,900.000000,0.901855,1.000000,0.991699,0.969727,0.567383,0.993164
509.000000,900.000000,0.901855,1.000000,0.981934,0.970703,0.573242,0.991699
510.000000,900.000000,0.908691,1.000000,1.000000,0.971191,0.591797,0.990723
511.000000,900.000000,0.903809,1.000000,1.000000,0.972168,0.571289,0.987305
512.000000,900.000000,0.907227,1.000000,0.994629,0.969727,0.585938,0.992676
513.000000,900.000000,0.904785,1.000000,0.997559,0.969238,0.577148,0.983398
514.000000,900.000000,0.906250,1.000000,0.997070,0.970215,0.581055,0.992188
515.000000,900.000000,0.908691,1.000000,1.000000,0.970215,0.586914,0.991699
516.000000,900.000000,0.909180,1.000000,0.994629,0.970215,0.591797,0.993652
517.000000,900.000000,0.907715,1.000000,0.993652,0.967773,0.583984,0.988770
518.000000,900.000000,0.899902,1.000000,1.000000,0.967773,0.568359,0.992188
519.000000,900.000000,0.906250,1.000000,0.998535,0.970703,0.580078,0.992676
520.000000,900.000000,0.904785,0.000000,1.000000,0.969727,0.578125,0.984863
521.000000,900.000000,0.907227,1.000000,0.992676,0.970215,0.583984,0.986816
522.000000,900.000000,0.907715,1.000000,0.997559,0.970703,0.587891,0.984863
523.000000,900.000000,0.909668,1.000000,0.993652,0.970703,0.591797,0.992188
524.000000,900.000000,0.911133,1.000000,0.999023,0.969727,0.596680,0.989258
525.000000,900.000000,0.905273,0.000000,0.989258,0.970703,0.579102,0.991699
526.000000,900.000000,0.905762,0.000000,0.995605,0.970215,0.580078,0.992676
527.000000,900.000000,0.907715,1.000000,0.999023,0.969238,0.585938,0.992188
528.000000,900.000000,0.903809,1.000000,0.998535,0.970703,0.571289,0.992188
529.000000,900.000000,0.906738,1.000000,0.990723,0.970703,0.586914,0.992676
530.000000,900.000000,0.901855,1.000000,0.994141,0.970703,0.565430,0.986328
531.000000,900.000000,0.904297,0.000000,1.000000,0.971680,0.578125,0.992188
532.000000,900.000000,0.905762,1.000000,0.996582,0.970703,0.578125,0.987793
533.000000,900.000000,0.910645,1.000000,1.000000,0.969238,0.595703,0.993652
534.000000,900.000000,0.904297,1.000000,0.997070,0.969238,0.572266,0.983887
535.000000,900.000000,0.908203,1.000000,0.994629,0.971191,0.591797,0.992676
536.000000,900.000000,0.906738,1.000000,0.997559,0.968262,0.584961,0.993164
537.000000,900.000000,0.904297,1.000000,0.992676,0.966309,0.572266,0.986328
538.000000,900.000000,0.908691,1.000000,0.998535,0.971680,0.590820,0.986328
539.000000,900.000000,0.910156,1.000000,1.000000,0.970215,0.595703,0.992188
540.000000,900.000000,0.906738,1.000000,0.999023,0.971680,0.581055,0.993652
541.000000,900.000000,0.908203,1.000000,0.999023,0.969238,0.589844,0.973145
542.000000,900.000000,0.908203,1.000000,1.000000,0.971191,0.586914,0.992188
543.000000,900.000000,0.909180,1.000000,0.999512,0.968262,0.588867,0.987793
544.000000,900.000000,0.908203,1.000000,0.999023,0.971680,0.586914,0.992188
545.000000,900.000000,0.902832,1.000000,0.996582,0.968262,0.569336,0.982422
546.000000,900.000000,0.906738,1.000000,1.000000,0.968750,0.583984,0.990723
547.000000,900.000000,0.905273,1.000000,1.000000,0.971191,0.579102,0.989258
548.000000,900.000000,0.904297,1.000000,0.994629,0.971680,0.571289,0.991699
549.000000,900.000000,0.905273,1.000000,1.000000,0.970215,0.574219,0.993164
550.000000,900.000000,0.902344,1.000000,0.992676,0.970215,0.565430,0.988770
551.000000,900.000000,0.911621,1.000000,1.000000,0.969727,0.600586,0.989746
552.000000,900.000000,0.906250,1.000000,1.000000,0.965820,0.581055,0.987793
553.000000,900.000000,0.907227,1.000000,0.990234,0.971191,0.581055,0.991211
554.000000,900.000000,0.911621,1.000000,0.999023,0.967773,0.596680,0.990723
555.000000,900.000000,0.915039,1.000000,0.999512,0.968262,0.614258,0.992188
556.000000,900.000000,0.912598,1.000000,1.000000,0.969238,0.603516,0.988770
557.000000,900.000000,0.904785,1.000000,1.000000,0.971680,0.579102,0.983398
558.000000,900.000000,0.903809,1.000000,0.990723,0.970703,0.572266,0.990723
559.000000,900.000000,0.903809,0.000000,0.997070,0.969727,0.577148,0.992676
560.000000,900.000000,0.907715,1.000000,0.998535,0.969727,0.584961,0.990723
561.000000,900.000000,0.902344,1.000000,0.997070,0.971680,0.569336,0.987793
562.000000,900.000000,0.903320,1.000000,1.000000,0.972656,0.571289,0.986816
563.000000,900.000000,0.903320,1.000000,1.000000,0.971191,0.568359,0.985352
564.000000,900.000000,0.902344,1.000000,0.997559,0.971191,0.571289,0.994141
565.000000,900.000000,0.909180,1.000000,0.998535,0.971191,0.587891,0.992188
566.000000,900.000000,0.908203,1.000000,0.992676,0.971680,0.586914,0.989258
567.000000,900.000000,0.905762,1.000000,0.999512,0.970215,0.579102,0.991211
568.000000,900.000000,0.908691,1.000000,0.998535,0.970215,0.588867,0.991211
569.000000,900.000000,0.913574,1.000000,0.995605,0.972656,0.602539,0.992188
570.000000,900.000000,0.905762,1.000000,0.999512,0.971680,0.579102,0.985840
571.000000,900.000000,0.907715,1.000000,0.998047,0.970215,0.588867,0.991699
572.000000,900.000000,0.902344,1.000000,0.990723,0.969238,0.570312,0.986328
573.000000,900.000000,0.909180,1.000000,0.997070,0.970215,0.593750,0.990723
574.000000,900.000000,0.906250,1.000000,0.998535,0.970215,0.583008,0.988770
575.000000,900.000000,0.911133,1.000000,0.999023,0.970215,0.594727,0.991699
576.000000,900.000000,0.905273,1.000000,0.983398,0.970703,0.580078,0.989746
577.000000,900.000000,0.905273,1.000000,0.999512,0.971191,0.576172,0.991699
578.000000,900.000000,0.908691,1.000000,0.995605,0.967285,0.589844,0.990723
579.000000,900.000000,0.905762,1.000000,0.998535,0.970215,0.580078,0.991699
580.000000,900.000000,0.907227,1.000000,0.994629,0.970215,0.585938,0.987305
581.000000,900.000000,0.908203,1.000000,1.000000,0.970703,0.588867,0.986816
582.000000,900.000000,0.911133,1.000000,0.999023,0.969238,0.595703,0.992188
583.000000,900.000000,0.900879,1.000000,0.981934,0.969727,0.563477,0.992676
584.000000,900.000000,0.913086,0.000000,0.998535,0.972656,0.603516,0.989746
585.000000,900.000000,0.905762,1.000000,0.998535,0.970215,0.582031,0.992676
586.000000,900.000000,0.908691,1.000000,0.999023,0.972168,0.588867,0.992676
587.000000,900.000000,0.909668,1.000000,0.998535,0.968262,0.593750,0.985352
588.000000,900.000000,0.907715,1.000000,0.994629,0.968262,0.584961,0.990723
589.000000,900.000000,0.909668,1.000000,0.998535,0.971191,0.593750,0.985352
590.000000,900.000000,0.904785,1.000000,0.995605,0.972168,0.576172,0.992188
591.000000,900.000000,0.908203,1.000000,0.999023,0.970703,0.587891,0.992676
592.000000,900.000000,0.907715,1.000000,0.974609,0.972168,0.590820,0.992188
593.000000,900.000000,0.910645,1.000000,0.999512,0.971680,0.594727,0.988770
594.000000,900.000000,0.903809,1.000000,1.000000,0.968750,0.578125,0.991211
595.000000,900.000000,0.907227,1.000000,0.999023,0.971680,0.583984,0.991211
596.000000,900.000000,0.911621,1.000000,0.994141,0.969727,0.597656,0.988770
597.000000,900.000000,0.904785,1.000000,1.000000,0.971680,0.576172,0.988281
598.000000,900.000000,0.912598,1.000000,0.989258,0.970215,0.600586,0.990234
599.000000,900.000000,0.910156,1.000000,0.987793,0.966797,0.596680,0.990723
600.000000,900.000000,0.907715,1.000000,0.999512,0.971191,0.583008,0.990234
601.000000,900.000000,0.907227,1.000000,0.997070,0.969238,0.583984,0.986328
602.000000,900.000000,0.910156,1.000000,1.000000,0.969727,0.591797,0.991699
603.000000,900.000000,0.915039,1.000000,0.999023,0.967773,0.613281,0.992188
604.000000,900.000000,0.901855,1.000000,0.997070,0.968262,0.567383,0.990234
605.000000,900.000000,0.905273,1.000000,0.981934,0.970703,0.575195,0.992188
606.000000,900.000000,0.906738,1.000000,0.999512,0.969727,0.585938,0.983398
607.000000,900.000000,0.909668,1.000000,0.999512,0.967773,0.592773,0.989258
608.000000,900.000000,0.905273,1.000000,0.992676,0.971191,0.573242,0.990234
609.000000,900.000000,0.907715,1.000000,0.999023,0.969727,0.583008,0.994629
610.000000,900.000000,0.907227,1.000000,0.992676,0.970703,0.587891,0.992676
611.000000,900.000000,0.909180,1.000000,0.999023,0.969727,0.591797,0.979492
612.000000,900.000000,0.906250,1.000000,1.000000,0.970703,0.584961,0.991699
613.000000,900.000000,0.913086,1.000000,0.990234,0.970703,0.601562,0.992676
614.000000,900.000000,0.907715,1.000000,1.000000,0.969238,0.587891,0.983398
615.000000,900.000000,0.908691,1.000000,1.000000,0.963867,0.587891,0.989258
616.000000,900.000000,0.906250,1.000000,0.998535,0.970215,0.579102,0.982422
617.000000,900.000000,0.906738,0.000000,0.999023,0.969727,0.582031,0.987793
618.000000,900.000000,0.908691,1.000000,0.998535,0.970215,0.590820,0.991211
619.000000,900.000000,0.909180,1.000000,0.999512,0.970703,0.586914,0.993652
620.000000,900.000000,0.906738,1.000000,1.000000,0.967773,0.583984,0.991699
621.000000,900.000000,0.910645,0.000000,0.999512,0.965332,0.596680,0.990234
622.000000,900.000000,0.906250,1.000000,1.000000,0.971191,0.577148,0.989258
623.000000,900.000000,0.907227,1.000000,0.998535,0.971191,0.590820,0.992676
624.000000,900.000000,0.906738,1.000000,0.999512,0.971680,0.583008,0.992676
625.000000,900.000000,0.907715,1.000000,0.984863,0.970215,0.586914,0.993164
626.000000,900.000000,0.908691,1.000000,0.993652,0.969238,0.587891,0.991699
627.000000,900.000000,0.903320,1.000000,0.998535,0.969238,0.573242,0.988281
628.000000,900.000000,0.906738,1.000000,0.998535,0.969238,0.586914,0.991699
629.000000,900.000000,0.908203,1.000000,0.997070,0.970215,0.589844,0.983887
630.000000,900.000000,0.907227,0.000000,0.999023,0.970703,0.583984,0.989746
631.000000,900.000000,0.908203,0.000000,1.000000,0.968750,0.586914,0.992188
632.000000,900.000000,0.906738,1.000000,0.999512,0.969238,0.585938,0.986328
633.000000,900.000000,0.904785,1.000000,1.000000,0.970703,0.573242,0.985840
634.000000,900.000000,0.909180,1.000000,0.991699,0.970215,0.594727,0.986816
635.000000,900.000000,0.905273,0.000000,0.989258,0.972656,0.577148,0.992188
636.000000,900.000000,0.906738,1.000000,0.999512,0.969238,0.583984,0.991211
637.000000,900.000000,0.908691,1.000000,0.999023,0.970703,0.593750,0.992676
638.000000,900.000000,0.905273,0.000000,0.989258,0.971191,0.579102,0.993164
639.000000,900.000000,0.908203,1.000000,1.000000,0.967773,0.584961,0.990234
640.000000,900.000000,0.910645,0.000000,0.984863,0.967285,0.597656,0.988770
641.000000,900.000000,0.906738,1.000000,0.999512,0.970703,0.580078,0.992188
642.000000,900.000000,0.905273,1.000000,0.998535,0.970703,0.579102,0.992188
643.000000,900.000000,0.907715,1.000000,0.998047,0.970215,0.587891,0.990723
644.000000,900.000000,0.908691,1.000000,0.998535,0.971191,0.590820,0.989746
645.000000,900.000000,0.912598,1.000000,1.000000,0.970215,0.602539,0.989258
646.000000,900.000000,0.910156,1.000000,0.999023,0.970215,0.593750,0.992188
647.000000,900.000000,0.908203,0.000000,0.999023,0.972656,0.591797,0.987305
648.000000,900.000000,0.908203,1.000000,0.999512,0.970215,0.585938,0.992676
649.000000,900.000000,0.907715,1.000000,0.994141,0.970703,0.583008,0.990234
650.000000,900.000000,0.908203,1.000000,0.992676,0.969727,0.589844,0.993164
651.000000,900.000000,0.909180,1.000000,1.000000,0.969238,0.590820,0.992188
652.000000,900.000000,0.906738,1.000000,0.998535,0.970703,0.583008,0.992188
653.000000,900.000000,0.903320,1.000000,0.999512,0.972168,0.572266,0.988770
654.000000,900.000000,0.911133,1.000000,0.999023,0.971191,0.595703,0.989746
655.000000,900.000000,0.907715,0.000000,0.999023,0.966797,0.587891,0.985352
656.000000,900.000000,0.912598,1.000000,0.999023,0.970215,0.603516,0.991699
657.000000,900.000000,0.905762,1.000000,1.000000,0.970215,0.583008,0.991211
658.000000,900.000000,0.905762,1.000000,0.998535,0.971680,0.576172,0.992188
659.000000,900.000000,0.905273,1.000000,0.999023,0.970703,0.580078,0.983398
660.000000,900.000000,0.908203,1.000000,0.998535,0.970215,0.586914,0.986816
661.000000,900.000000,0.909180,1.000000,0.995605,0.971680,0.589844,0.990234
662.000000,900.000000,0.907227,1.000000,0.992676,0.970703,0.583984,0.990723
663.000000,900.000000,0.903809,1.000000,0.998535,0.968750,0.573242,0.989258
664.000000,900.000000,0.910156,1.000000,0.999023,0.969238,0.592773,0.991211
665.000000,900.000000,0.907227,1.000000,0.997070,0.971191,0.583984,0.992676
666.000000,900.000000,0.910156,1.000000,0.996582,0.968750,0.594727,0.992188
667.000000,900.000000,0.908203,1.000000,0.989258,0.970215,0.586914,0.992188
668.000000,900.000000,0.904785,1.000000,0.997559,0.969727,0.575195,0.992188
669.000000,900.000000,0.904785,1.000000,0.998535,0.971191,0.577148,0.992188
670.000000,900.000000,0.908203,1.000000,1.000000,0.970703,0.592773,0.992188
671.000000,900.000000,0.906738,1.000000,0.998047,0.971191,0.582031,0.988770
672.000000,900.000000,0.906250,1.000000,0.989258,0.972168,0.584961,0.989258
673.000000,900.000000,0.906250,1.000000,0.998535,0.969727,0.579102,0.994141
674.000000,900.000000,0.907715,1.000000,0.999023,0.969727,0.585938,0.987793
675.000000,900.000000,0.907715,1.000000,1.000000,0.973145,0.591797,0.990234
676.000000,900.000000,0.909180,1.000000,0.999023,0.971191,0.591797,0.989258
677.000000,900.000000,0.904297,1.000000,0.998535,0.971680,0.573242,0.991211
678.000000,900.000000,0.909180,0.000000,0.997559,0.970215,0.594727,0.994141
679.000000,900.000000,0.904785,1.000000,0.999023,0.968262,0.573242,0.990234
680.000000,900.000000,0.908203,1.000000,1.000000,0.972656,0.583984,0.989258
681.000000,900.000000,0.904785,1.000000,0.998047,0.967285,0.576172,0.988770
682.000000,900.000000,0.911133,1.000000,0.999512,0.969238,0.598633,0.992676
683.000000,900.000000,0.907715,1.000000,0.998535,0.971191,0.589844,0.982910
684.000000,900.000000,0.911133,1.000000,0.998047,0.969238,0.594727,0.993164
685.000000,900.000000,0.909180,1.000000,0.997070,0.969727,0.592773,0.992188
686.000000,900.000000,0.909668,1.000000,0.998535,0.969727,0.596680,0.992676
687.000000,900.000000,0.906738,0.000000,1.000000,0.965332,0.581055,0.990723
688.000000,900.000000,0.906738,1.000000,1.000000,0.969238,0.583984,0.988770
689.000000,900.000000,0.903809,1.000000,0.997559,0.969727,0.576172,0.989258
690.000000,900.000000,0.907715,1.000000,0.999512,0.971191,0.583984,0.992188
691.000000,900.000000,0.904297,1.000000,0.999023,0.970703,0.570312,0.983398
692.000000,900.000000,0.909668,1.000000,0.990723,0.968262,0.594727,0.990234
693.000000,900.000000,0.910156,1.000000,1.000000,0.970703,0.595703,0.990234
694.000000,900.000000,0.905762,1.000000,0.998047,0.970215,0.574219,0.990234
695.000000,900.000000,0.910156,1.000000,0.981934,0.971680,0.589844,0.989258
696.000000,900.000000,0.907227,1.000000,0.995605,0.969238,0.584961,0.989746
697.000000,900.000000,0.911621,0.000000,0.995605,0.969727,0.601562,0.991699
698.000000,900.000000,0.905762,1.000000,0.995605,0.971680,0.583008,0.992188
699.000000,900.000000,0.911133,1.000000,0.999512,0.964844,0.599609,0.991699
700.000000,900.000000,0.900391,0.000000,1.000000,0.968262,0.567383,0.984375
701.000000,900.000000,0.908203,1.000000,1.000000,0.971680,0.592773,0.992676
702.000000,900.000000,0.905273,1.000000,1.000000,0.968750,0.579102,0.992676
703.000000,900.000000,0.905273,1.000000,0.999512,0.970215,0.577148,0.988770
704.000000,900.000000,0.914062,1.000000,1.000000,0.969727,0.607422,0.981934
705.000000,900.000000,0.910156,1.000000,0.989258,0.970215,0.591797,0.987793
706.000000,900.000000,0.905273,1.000000,1.000000,0.971680,0.579102,0.989746
707.000000,900.000000,0.908691,1.000000,1.000000,0.968262,0.593750,0.993164
708.000000,900.000000,0.907227,1.000000,0.995605,0.971680,0.581055,0.987305
709.000000,900.000000,0.905762,1.000000,0.994629,0.969238,0.578125,0.991211
710.000000,900.000000,0.908691,1.000000,0.993652,0.969238,0.589844,0.992188
711.000000,900.000000,0.907227,1.000000,0.993652,0.971680,0.585938,0.990234
712.000000,900.000000,0.903809,1.000000,0.997070,0.972168,0.577148,0.986816
713.000000,900.000000,0.909668,1.000000,0.997070,0.972168,0.591797,0.992676
714.000000,900.000000,0.905273,1.000000,0.998535,0.971680,0.582031,0.992676
715.000000,900.000000,0.905273,1.000000,0.992676,0.971680,0.574219,0.990234
716.000000,900.000000,0.906738,0.000000,1.000000,0.968262,0.584961,0.989258
717.000000,900.000000,0.905273,1.000000,0.997070,0.970215,0.578125,0.987305
718.000000,900.000000,0.909668,1.000000,0.997070,0.971191,0.596680,0.988281
719.000000,900.000000,0.907715,1.000000,0.999023,0.969238,0.586914,0.990723
720.000000,900.000000,0.907715,1.000000,1.000000,0.971191,0.588867,0.985840
721.000000,900.000000,0.909180,1.000000,1.000000,0.972168,0.590820,0.985840
722.000000,900.000000,0.902832,1.000000,0.998535,0.970703,0.571289,0.983398
723.000000,900.000000,0.907715,1.000000,1.000000,0.969238,0.583984,0.993164
724.000000,900.000000,0.910156,1.000000,0.994629,0.971191,0.595703,0.993164
725.000000,900.000000,0.905273,1.000000,0.989258,0.969727,0.582031,0.992188
726.000000,900.000000,0.905273,1.000000,0.998535,0.970215,0.579102,0.988770
727.000000,900.000000,0.910156,1.000000,0.992676,0.971191,0.595703,0.990234
728.000000,900.000000,0.910645,1.000000,1.000000,0.968262,0.598633,0.992188
729.000000,900.000000,0.912598,0.000000,1.000000,0.969238,0.599609,0.992188
730.000000,900.000000,0.907227,1.000000,0.999023,0.969238,0.582031,0.986816
731.000000,900.000000,0.912598,1.000000,0.998535,0.969238,0.604492,0.992676
732.000000,900.000000,0.900391,1.000000,0.986816,0.971680,0.568359,0.989258
733.000000,900.000000,0.911133,1.000000,0.995605,0.968750,0.598633,0.991211
734.000000,900.000000,0.904785,1.000000,0.995605,0.971680,0.578125,0.991211
735.000000,900.000000,0.905762,1.000000,0.997559,0.968262,0.576172,0.985352
736.000000,900.000000,0.902832,1.000000,1.000000,0.968262,0.570312,0.983887
737.000000,900.000000,0.904297,1.000000,0.998535,0.972168,0.570312,0.991211
738.000000,900.000000,0.904785,1.000000,0.992676,0.973145,0.574219,0.991699
739.000000,900.000000,0.905273,1.000000,0.994629,0.972168,0.578125,0.989746
740.000000,900.000000,0.909180,1.000000,0.998535,0.970703,0.590820,0.991211
741.000000,900.000000,0.908691,1.000000,0.999512,0.968750,0.588867,0.989258
742.000000,900.000000,0.903809,1.000000,0.999512,0.974121,0.573242,0.992676
743.000000,900.000000,0.907227,1.000000,0.999512,0.969727,0.586914,0.991211
744.000000,900.000000,0.911133,0.000000,0.997559,0.970215,0.598633,0.992676
745.000000,900.000000,0.910156,1.000000,0.998047,0.971680,0.596680,0.992188
746.000000,900.000000,0.906250,1.000000,1.000000,0.971191,0.583008,0.986328
747.000000,900.000000,0.907227,1.000000,0.999023,0.967773,0.587891,0.985352
748.000000,900.000000,0.909668,1.000000,1.000000,0.970215,0.591797,0.993652
749.000000,900.000000,0.907715,1.000000,0.998047,0.970703,0.585938,0.989258
750.000000,900.000000,0.908691,1.000000,0.997070,0.971191,0.589844,0.993652
751.000000,900.000000,0.911133,1.000000,0.997070,0.971680,0.599609,0.986328
752.000000,900.000000,0.901855,1.000000,0.993652,0.967285,0.567383,0.992188
753.000000,900.000000,0.911133,1.000000,1.000000,0.969238,0.594727,0.993164
754.000000,900.000000,0.907227,1.000000,0.992676,0.967285,0.583008,0.992188
755.000000,900.000000,0.910645,1.000000,1.000000,0.968262,0.595703,0.992676
756.000000,900.000000,0.908691,1.000000,0.997559,0.971191,0.591797,0.991699
757.000000,900.000000,0.910156,1.000000,0.997559,0.969238,0.598633,0.989746
758.000000,900.000000,0.907227,1.000000,1.000000,0.971191,0.587891,0.990723
759.000000,900.000000,0.906250,1.000000,1.000000,0.970703,0.579102,0.993164
760.000000,900.000000,0.905762,1.000000,0.998535,0.970215,0.582031,0.988281
761.000000,900.000000,0.903809,1.000000,0.991699,0.970703,0.571289,0.993652
762.000000,900.000000,0.908203,1.000000,0.995605,0.967285,0.592773,0.982422
763.000000,900.000000,0.905273,1.000000,0.991699,0.969238,0.584961,0.989746
764.000000,900.000000,0.904785,1.000000,0.990723,0.971680,0.571289,0.986328
765.000000,900.000000,0.906250,1.000000,0.997070,0.969238,0.582031,0.987793
766.000000,900.000000,0.902832,1.000000,1.000000,0.967773,0.565430,0.990234
767.000000,900.000000,0.905273,1.000000,1.000000,0.969727,0.582031,0.983398
768.000000,900.000000,0.904785,1.000000,0.997070,0.971191,0.574219,0.993164
769.000000,900.000000,0.906250,1.000000,0.995605,0.970215,0.584961,0.991699
770.000000,900.000000,0.904297,1.000000,0.997070,0.971191,0.576172,0.989258
771.000000,900.000000,0.903809,1.000000,0.991699,0.966309,0.573242,0.987793
772.000000,900.000000,0.910156,1.000000,1.000000,0.971680,0.595703,0.992188
773.000000,900.000000,0.910645,1.000000,0.999023,0.970703,0.595703,0.991699
774.000000,900.000000,0.910645,0.000000,0.995605,0.971191,0.594727,0.993164
775.000000,900.000000,0.902832,1.000000,0.991699,0.969727,0.566406,0.992676
776.000000,900.000000,0.911133,1.000000,0.999023,0.969727,0.601562,0.992188
777.000000,900.000000,0.906738,1.000000,0.999023,0.972656,0.583008,0.989746
778.000000,900.000000,0.907715,1.000000,0.999512,0.973145,0.584961,0.990723
779.000000,900.000000,0.906738,1.000000,0.997070,0.970215,0.577148,0.989258
780.000000,900.000000,0.907715,1.000000,0.999023,0.970703,0.583008,0.986328
781.000000,900.000000,0.909180,1.000000,0.999023,0.972656,0.591797,0.991699
782.000000,900.000000,0.904297,1.000000,0.999023,0.971680,0.571289,0.986816
783.000000,900.000000,0.909668,1.000000,0.998535,0.970215,0.594727,0.988770
784.000000,900.000000,0.912109,1.000000,0.996582,0.968750,0.604492,0.986328
785.000000,900.000000,0.907227,1.000000,0.994629,0.971191,0.584961,0.994141
786.000000,900.000000,0.908203,1.000000,1.000000,0.971680,0.588867,0.988770
787.000000,900.000000,0.906738,1.000000,0.997559,0.970215,0.585938,0.984375
788.000000,900.000000,0.910645,1.000000,0.990723,0.969727,0.595703,0.986328
789.000000,900.000000,0.905273,1.000000,1.000000,0.968750,0.580078,0.990234
790.000000,900.000000,0.905273,1.000000,0.999023,0.969727,0.581055,0.991211
791.000000,900.000000,0.907227,1.000000,0.999512,0.971191,0.589844,0.992676
792.000000,900.000000,0.910156,1.000000,1.000000,0.968750,0.594727,0.992676
793.000000,900.000000,0.904785,0.000000,0.998535,0.967285,0.570312,0.987793
794.000000,900.000000,0.905762,1.000000,0.999512,0.972168,0.582031,0.983398
795.000000,900.000000,0.906738,1.000000,0.996582,0.969238,0.584961,0.984863
796.000000,900.000000,0.908691,1.000000,1.000000,0.970703,0.593750,0.983887
797.000000,900.000000,0.907227,1.000000,0.999512,0.972168,0.584961,0.989746
798.000000,900.000000,0.909180,1.000000,0.991699,0.969238,0.594727,0.991699
799.000000,900.000000,0.908203,1.000000,0.986328,0.970703,0.584961,0.993164
800.000000,900.000000,0.906738,1.000000,0.995605,0.971680,0.583008,0.993652
801.000000,900.000000,0.908691,1.000000,0.999512,0.970703,0.590820,0.988281
802.000000,900.000000,0.901367,1.000000,0.992676,0.970215,0.566406,0.988281
803.000000,900.000000,0.896973,1.000000,0.994629,0.969727,0.549805,0.983398
804.000000,900.000000,0.906250,1.000000,1.000000,0.971680,0.581055,0.993164
805.000000,900.000000,0.907715,1.000000,0.999512,0.970703,0.584961,0.987305
806.000000,900.000000,0.908203,1.000000,1.000000,0.971191,0.588867,0.992188
807.000000,900.000000,0.910156,1.000000,0.999512,0.970703,0.592773,0.991211
808.000000,900.000000,0.904785,1.000000,0.999512,0.969238,0.578125,0.993164
809.000000,900.000000,0.910156,1.000000,1.000000,0.971191,0.594727,0.987793
810.000000,900.000000,0.907715,1.000000,1.000000,0.970215,0.586914,0.992676
811.000000,900.000000,0.905273,1.000000,0.999023,0.970703,0.576172,0.989746
812.000000,900.000000,0.909180,1.000000,0.998535,0.969727,0.596680,0.992188
813.000000,900.000000,0.904785,1.000000,0.989258,0.969238,0.578125,0.990234
814.000000,900.000000,0.905762,1.000000,0.999512,0.972168,0.577148,0.992676
815.000000,900.000000,0.913574,0.000000,1.000000,0.969238,0.607422,0.991699
816.000000,900.000000,0.904785,1.000000,0.994629,0.971680,0.577148,0.992188
817.000000,900.000000,0.909180,1.000000,0.999023,0.972168,0.590820,0.985840
818.000000,900.000000,0.909180,1.000000,0.999023,0.968750,0.590820,0.985840
819.000000,900.000000,0.913086,1.000000,0.990723,0.967773,0.603516,0.991699
820.000000,900.000000,0.911133,1.000000,0.999023,0.971191,0.597656,0.986816
821.000000,900.000000,0.906250,1.000000,0.998535,0.967285,0.577148,0.991211
822.000000,900.000000,0.903809,1.000000,0.999023,0.967773,0.573242,0.989746
823.000000,900.000000,0.906250,1.000000,0.999023,0.968750,0.583008,0.991211
824.000000,900.000000,0.911621,1.000000,0.992676,0.970215,0.600586,0.991699
825.000000,900.000000,0.909668,1.000000,0.999023,0.968262,0.594727,0.989258
826.000000,900.000000,0.908691,1.000000,0.999512,0.970215,0.587891,0.992188
827.000000,900.000000,0.903809,1.000000,0.990723,0.968750,0.573242,0.989746
828.000000,900.000000,0.912109,1.000000,0.992676,0.969238,0.603516,0.991699
829.000000,900.000000,0.908691,1.000000,0.991699,0.969727,0.589844,0.989746
830.000000,900.000000,0.901367,1.000000,1.000000,0.968750,0.564453,0.990723
831.000000,900.000000,0.905273,1.000000,0.986816,0.969727,0.580078,0.988770
832.000000,900.000000,0.909180,1.000000,0.997070,0.971680,0.596680,0.987793
833.000000,900.000000,0.903320,1.000000,1.000000,0.969727,0.566406,0.992188
834.000000,900.000000,0.913086,1.000000,0.999023,0.970703,0.606445,0.992188
835.000000,900.000000,0.910645,1.000000,0.994629,0.972168,0.599609,0.990723
836.000000,900.000000,0.911133,1.000000,0.999023,0.966797,0.599609,0.990723
837.000000,900.000000,0.911621,1.000000,0.994141,0.968750,0.599609,0.987793
838.000000,900.000000,0.910645,1.000000,0.999023,0.969727,0.597656,0.992188
839.000000,900.000000,0.910156,1.000000,0.999512,0.971680,0.595703,0.986816
840.000000,900.000000,0.902344,1.000000,0.992676,0.967285,0.568359,0.991699
841.000000,900.000000,0.907715,1.000000,0.999023,0.970215,0.584961,0.988770
842.000000,900.000000,0.911133,1.000000,1.000000,0.968262,0.595703,0.992188
843.000000,900.000000,0.908203,1.000000,0.999023,0.969238,0.587891,0.987793
844.000000,900.000000,0.908691,1.000000,0.998535,0.966797,0.590820,0.992676
845.000000,900.000000,0.902832,1.000000,0.997070,0.972168,0.567383,0.989746
846.000000,900.000000,0.906250,1.000000,0.997559,0.970703,0.581055,0.990234
847.000000,900.000000,0.907715,1.000000,0.998535,0.971191,0.586914,0.992188
848.000000,900.000000,0.903809,1.000000,0.999023,0.972656,0.570312,0.992676
849.000000,900.000000,0.907715,1.000000,0.994629,0.971191,0.584961,0.992676
850.000000,900.000000,0.909180,1.000000,0.999023,0.970703,0.590820,0.993164
851.000000,900.000000,0.908691,1.000000,1.000000,0.969727,0.588867,0.992676
852.000000,900.000000,0.903320,1.000000,0.976562,0.969727,0.573242,0.985352
853.000000,900.000000,0.916016,1.000000,0.997070,0.970215,0.612305,0.989746
854.000000,900.000000,0.907715,1.000000,0.997559,0.969727,0.588867,0.984863
855.000000,900.000000,0.907715,1.000000,0.994141,0.972168,0.587891,0.992188
856.000000,900.000000,0.908691,1.000000,1.000000,0.972168,0.588867,0.985840
857.000000,900.000000,0.910156,1.000000,0.997070,0.971191,0.593750,0.989746
858.000000,900.000000,0.905762,1.000000,0.996582,0.969238,0.580078,0.984863
859.000000,900.000000,0.907715,1.000000,1.000000,0.971680,0.585938,0.990234
860.000000,900.000000,0.906738,1.000000,0.998535,0.970703,0.587891,0.989746
861.000000,900.000000,0.909668,1.000000,0.998535,0.968750,0.594727,0.987793
862.000000,900.000000,0.907227,1.000000,1.000000,0.970703,0.583984,0.989746
863.000000,900.000000,0.905762,1.000000,0.997559,0.971191,0.577148,0.992676
864.000000,900.000000,0.907715,1.000000,0.996582,0.968750,0.583984,0.993164
865.000000,900.000000,0.906250,1.000000,1.000000,0.967773,0.583008,0.992676
866.000000,900.000000,0.903320,1.000000,1.000000,0.967773,0.571289,0.988770
867.000000,900.000000,0.908691,1.000000,1.000000,0.967285,0.587891,0.993164
868.000000,900.000000,0.902832,1.000000,1.000000,0.969727,0.574219,0.990234
869.000000,900.000000,0.906250,1.000000,1.000000,0.969238,0.578125,0.989258
870.000000,900.000000,0.908203,1.000000,0.999512,0.971680,0.585938,0.988770
871.000000,900.000000,0.906250,1.000000,0.988281,0.968750,0.584961,0.989746
872.000000,900.000000,0.907715,1.000000,1.000000,0.971680,0.582031,0.989258
873.000000,900.000000,0.905273,1.000000,1.000000,0.968262,0.581055,0.981934
874.000000,900.000000,0.909668,1.000000,0.999512,0.972168,0.593750,0.986328
875.000000,900.000000,0.907227,1.000000,0.997559,0.972168,0.587891,0.989746
876.000000,900.000000,0.911133,1.000000,1.000000,0.970703,0.597656,0.989258
877.000000,900.000000,0.903809,1.000000,0.999023,0.968750,0.570312,0.991211
878.000000,900.000000,0.907715,0.000000,1.000000,0.967773,0.588867,0.988770
879.000000,900.000000,0.902344,1.000000,0.999023,0.971191,0.568359,0.985352
880.000000,900.000000,0.906738,1.000000,0.998535,0.970703,0.583984,0.986328
881.000000,900.000000,0.906250,1.000000,0.999023,0.970215,0.582031,0.992676
882.000000,900.000000,0.901367,1.000000,0.999512,0.968262,0.566406,0.986816
883.000000,900.000000,0.900879,0.000000,0.997559,0.967773,0.565430,0.988281
884.000000,900.000000,0.903809,1.000000,0.999512,0.967773,0.573242,0.992188
885.000000,900.000000,0.904785,1.000000,0.999023,0.969238,0.577148,0.986328
886.000000,900.000000,0.911133,1.000000,1.000000,0.969238,0.597656,0.991699
887.000000,900.000000,0.907715,1.000000,0.998047,0.967285,0.585938,0.987793
888.000000,900.000000,0.909180,1.000000,0.999512,0.970215,0.590820,0.992188
889.000000,900.000000,0.906250,1.000000,1.000000,0.970215,0.584961,0.992188
890.000000,900.000000,0.909668,1.000000,0.998047,0.970703,0.594727,0.988281
891.000000,900.000000,0.911621,1.000000,0.983398,0.971680,0.599609,0.989746
892.000000,900.000000,0.907227,1.000000,0.995605,0.970703,0.587891,0.989746
893.000000,900.000000,0.905762,1.000000,0.999512,0.969238,0.581055,0.987793
894.000000,900.000000,0.908203,1.000000,0.998535,0.970215,0.586914,0.983887
895.000000,900.000000,0.907227,1.000000,0.992676,0.971191,0.582031,0.983398
896.000000,900.000000,0.903809,1.000000,0.997070,0.970215,0.571289,0.991699
897.000000,900.000000,0.908203,1.000000,1.000000,0.972168,0.585938,0.984375
898.000000,900.000000,0.910156,1.000000,0.981934,0.968750,0.592773,0.991699
899.000000,900.000000,0.908691,1.000000,0.988281,0.972168,0.589844,0.988281
900.000000,900.000000,0.908203,1.000000,0.998535,0.970703,0.589844,0.989746
901.000000,900.000000,0.906250,1.000000,0.999023,0.971191,0.583008,0.991699
902.000000,900.000000,0.909180,1.000000,0.998047,0.971680,0.590820,0.987305
903.000000,900.000000,0.903809,0.000000,1.000000,0.970703,0.574219,0.986328
904.000000,900.000000,0.905273,1.000000,0.963867,0.970703,0.579102,0.985352
905.000000,900.000000,0.908691,1.000000,1.000000,0.971680,0.587891,0.987793
906.000000,900.000000,0.907715,1.000000,0.999023,0.972168,0.584961,0.992676
907.000000,900.000000,0.903320,1.000000,0.997559,0.968750,0.570312,0.993164
908.000000,900.000000,0.905762,1.000000,0.989258,0.971680,0.583984,0.992188
909.000000,900.000000,0.911133,1.000000,0.998535,0.970215,0.598633,0.980469
910.000000,900.000000,0.906738,1.000000,0.989258,0.972656,0.585938,0.991699
911.000000,900.000000,0.909668,1.000000,0.994629,0.970703,0.590820,0.989746
912.000000,900.000000,0.906250,1.000000,0.994629,0.969727,0.577148,0.985352
913.000000,900.000000,0.910156,1.000000,0.994141,0.968750,0.596680,0.992188
914.000000,900.000000,0.916016,1.000000,1.000000,0.971680,0.611328,0.986816
915.000000,900.000000,0.908203,1.000000,0.999023,0.970703,0.585938,0.990234
916.000000,900.000000,0.910156,1.000000,1.000000,0.969727,0.595703,0.990234
917.000000,900.000000,0.900879,1.000000,0.993652,0.971680,0.563477,0.989746
918.000000,900.000000,0.906250,0.000000,0.998535,0.968262,0.583008,0.992676
919.000000,900.000000,0.907227,1.000000,0.999512,0.971680,0.583008,0.988281
920.000000,900.000000,0.908691,1.000000,0.994629,0.971680,0.593750,0.990723
921.000000,900.000000,0.905273,1.000000,0.999023,0.972656,0.580078,0.992676
922.000000,900.000000,0.912598,1.000000,0.998535,0.968750,0.599609,0.991699
923.000000,900.000000,0.906250,1.000000,0.989258,0.968750,0.582031,0.986816
924.000000,900.000000,0.908203,1.000000,0.997070,0.968262,0.583984,0.987305
925.000000,900.000000,0.910156,1.000000,0.999512,0.970215,0.596680,0.991699
926.000000,900.000000,0.899902,1.000000,0.996582,0.969727,0.560547,0.991699
927.000000,900.000000,0.906738,1.000000,0.998535,0.970703,0.583008,0.992188
928.000000,900.000000,0.904297,1.000000,0.998535,0.969727,0.575195,0.989746
929.000000,900.000000,0.902832,1.000000,0.999023,0.968262,0.567383,0.988281
930.000000,900.000000,0.902832,1.000000,0.999512,0.969727,0.575195,0.990723
931.000000,900.000000,0.907715,1.000000,0.998047,0.970215,0.590820,0.989746
932.000000,900.000000,0.908203,1.000000,0.996582,0.969238,0.583008,0.986328
933.000000,900.000000,0.909668,1.000000,1.000000,0.967285,0.592773,0.991699
934.000000,900.000000,0.903809,1.000000,0.995605,0.971680,0.578125,0.992676
935.000000,900.000000,0.906738,1.000000,0.986328,0.969727,0.584961,0.991699
936.000000,900.000000,0.900391,1.000000,0.995605,0.970703,0.567383,0.990234
937.000000,900.000000,0.910645,1.000000,0.999512,0.967285,0.596680,0.991699
938.000000,900.000000,0.911133,1.000000,0.999512,0.971191,0.595703,0.994141
939.000000,900.000000,0.902832,1.000000,0.999023,0.970215,0.570312,0.991699
940.000000,900.000000,0.907715,1.000000,1.000000,0.968750,0.589844,0.992676
941.000000,900.000000,0.906250,1.000000,0.999512,0.969727,0.583984,0.991211
942.000000,900.000000,0.907715,0.000000,0.999512,0.969727,0.585938,0.992188
943.000000,900.000000,0.909668,1.000000,0.994141,0.969727,0.589844,0.990723
944.000000,900.000000,0.907715,1.000000,0.986328,0.971680,0.588867,0.984863
945.000000,900.000000,0.910156,1.000000,1.000000,0.970703,0.594727,0.989746
946.000000,900.000000,0.902832,1.000000,0.990723,0.970215,0.570312,0.983398
947.000000,900.000000,0.906250,1.000000,0.997559,0.970215,0.581055,0.990234
948.000000,900.000000,0.905762,1.000000,0.997070,0.970703,0.580078,0.990723
949.000000,900.000000,0.901367,1.000000,0.987793,0.972168,0.569336,0.990234
950.000000,900.000000,0.907227,1.000000,0.988281,0.970703,0.589844,0.989258
951.000000,900.000000,0.909668,1.000000,0.999512,0.970703,0.593750,0.987793
952.000000,900.000000,0.909668,1.000000,1.000000,0.971680,0.591797,0.992676
953.000000,900.000000,0.913086,0.000000,1.000000,0.969238,0.607422,0.993164
954.000000,900.000000,0.911133,1.000000,0.996582,0.968750,0.598633,0.990234
955.000000,900.000000,0.911133,1.000000,0.999512,0.969238,0.602539,0.987305
956.000000,900.000000,0.908691,1.000000,0.999023,0.969727,0.589844,0.991699
957.000000,900.000000,0.907227,1.000000,0.999512,0.968262,0.584961,0.990723
958.000000,900.000000,0.908203,1.000000,0.995605,0.969727,0.589844,0.982910
959.000000,900.000000,0.910645,1.000000,0.999512,0.968750,0.594727,0.984375
960.000000,900.000000,0.908203,1.000000,0.997559,0.972168,0.589844,0.991211
961.000000,900.000000,0.905762,1.000000,0.999512,0.971191,0.581055,0.991699
962.000000,900.000000,0.905273,1.000000,0.998535,0.970215,0.580078,0.986816
963.000000,900.000000,0.908691,1.000000,0.990234,0.972168,0.592773,0.992676
964.000000,900.000000,0.906250,1.000000,0.999512,0.971680,0.582031,0.991211
965.000000,900.000000,0.907227,1.000000,0.997559,0.970703,0.588867,0.993164
966.000000,900.000000,0.903809,1.000000,0.994629,0.972168,0.576172,0.983887
967.000000,900.000000,0.908691,1.000000,1.000000,0.972168,0.590820,0.988770
968.000000,900.000000,0.905762,1.000000,0.999512,0.971191,0.578125,0.992188
969.000000,900.000000,0.901855,0.000000,1.000000,0.970215,0.567383,0.988281
970.000000,900.000000,0.909180,1.000000,0.998047,0.970215,0.589844,0.991211
971.000000,900.000000,0.906738,1.000000,0.998535,0.971680,0.583984,0.988281
972.000000,900.000000,0.903320,1.000000,0.995605,0.969727,0.573242,0.984863
973.000000,900.000000,0.908691,1.000000,1.000000,0.968750,0.593750,0.991699
974.000000,900.000000,0.912598,1.000000,1.000000,0.971680,0.605469,0.989746
975.000000,900.000000,0.909180,1.000000,0.999512,0.969727,0.592773,0.982910
976.000000,900.000000,0.905762,1.000000,0.999512,0.967773,0.585938,0.991699
977.000000,900.000000,0.911621,1.000000,0.992676,0.970215,0.601562,0.992188
978.000000,900.000000,0.910156,1.000000,0.987793,0.969727,0.594727,0.992188
979.000000,900.000000,0.908203,1.000000,0.994629,0.970215,0.589844,0.992188
980.000000,900.000000,0.906738,1.000000,0.998535,0.970215,0.585938,0.992188
981.000000,900.000000,0.910645,1.000000,0.998535,0.971680,0.595703,0.985840
982.000000,900.000000,0.907227,1.000000,1.000000,0.971191,0.583984,0.989258
983.000000,900.000000,0.907715,1.000000,0.994141,0.967773,0.585938,0.988770
984.000000,900.000000,0.910156,1.000000,0.998535,0.970215,0.592773,0.992676
985.000000,900.000000,0.906738,0.000000,0.995605,0.969238,0.583984,0.988281
986.000000,900.000000,0.905762,1.000000,0.999512,0.969727,0.574219,0.990234
987.000000,900.000000,0.905762,1.000000,0.972656,0.971191,0.577148,0.991211
988.000000,900.000000,0.913574,1.000000,0.993652,0.970703,0.608398,0.992676
989.000000,900.000000,0.907227,1.000000,0.999023,0.968262,0.583984,0.992676
990.000000,900.000000,0.903320,1.000000,0.999023,0.971191,0.570312,0.989746
991.000000,900.000000,0.905273,1.000000,0.997559,0.971191,0.578125,0.992676
992.000000,900.000000,0.906250,1.000000,0.998535,0.969727,0.583008,0.991211
993.000000,900.000000,0.904297,1.000000,0.999023,0.968262,0.580078,0.992188
994.000000,900.000000,0.906250,1.000000,0.997559,0.970215,0.581055,0.989258
995.000000,900.000000,0.902832,1.000000,0.999023,0.968262,0.566406,0.990723
996.000000,900.000000,0.907715,1.000000,1.000000,0.970215,0.587891,0.992188
997.000000,900.000000,0.907715,1.000000,0.999512,0.969727,0.588867,0.993164
998.000000,900.000000,0.908691,1.000000,1.000000,0.969727,0.589844,0.990234
999.000000,900.000000,0.906738,1.000000,0.999512,0.970215,0.581055,0.991699
1000.000000,900.000000,0.912109,1.000000,1.000000,0.969238,0.597656,0.991699
1.000000,1200.000000,0.931152,1.000000,1.000000,0.973633,0.645996,0.992676
2.000000,1200.000000,0.926758,1.000000,1.000000,0.974121,0.632324,0.983887
3.000000,1200.000000,0.930176,1.000000,0.999512,0.971680,0.642578,0.989746
4.000000,1200.000000,0.926758,1.000000,0.997070,0.972656,0.628418,0.990234
5.000000,1200.000000,0.926270,1.000000,1.000000,0.974121,0.629395,0.988770
6.000000,1200.000000,0.934082,1.000000,1.000000,0.972656,0.654785,0.991699
7.000000,1200.000000,0.930176,1.000000,1.000000,0.972168,0.640137,0.990723
8.000000,1200.000000,0.929199,1.000000,0.998535,0.975098,0.637695,0.992676
9.000000,1200.000000,0.928223,1.000000,0.982910,0.973145,0.638184,0.988281
10.000000,1200.000000,0.923828,1.000000,1.000000,0.972656,0.619141,0.992188
11.000000,1200.000000,0.929688,1.000000,1.000000,0.971680,0.640625,0.992188
12.000000,1200.000000,0.929199,1.000000,1.000000,0.974121,0.638184,0.991211
13.000000,1200.000000,0.926758,1.000000,0.999512,0.972168,0.630371,0.991699
14.000000,1200.000000,0.928711,0.000000,0.996582,0.971680,0.638672,0.987793
15.000000,1200.000000,0.926758,1.000000,0.980957,0.973633,0.632324,0.982910
16.000000,1200.000000,0.927246,1.000000,1.000000,0.974609,0.630371,0.981934
17.000000,1200.000000,0.925781,1.000000,0.997070,0.973145,0.627441,0.984863
18.000000,1200.000000,0.928711,1.000000,0.997559,0.973145,0.638184,0.987305
19.000000,1200.000000,0.930176,1.000000,0.999512,0.973145,0.642578,0.992188
20.000000,1200.000000,0.929199,1.000000,1.000000,0.972168,0.638184,0.992188
21.000000,1200.000000,0.927734,1.000000,0.999023,0.971680,0.634766,0.991211
22.000000,1200.000000,0.927246,1.000000,1.000000,0.975098,0.632812,0.988770
23.000000,1200.000000,0.928711,1.000000,0.996582,0.973145,0.635254,0.992188
24.000000,1200.000000,0.925781,1.000000,0.999023,0.971680,0.625488,0.993164
25.000000,1200.000000,0.928711,1.000000,1.000000,0.974121,0.635742,0.991211
26.000000,1200.000000,0.925781,1.000000,0.999023,0.971680,0.625977,0.989258
27.000000,1200.000000,0.930664,1.000000,0.998535,0.974609,0.642090,0.992188
28.000000,1200.000000,0.925781,1.000000,0.999512,0.975098,0.627441,0.983887
29.000000,1200.000000,0.926758,0.000000,0.997559,0.974121,0.627930,0.990234
30.000000,1200.000000,0.929688,1.000000,0.999512,0.975586,0.640625,0.991211
31.000000,1200.000000,0.925293,1.000000,1.000000,0.973145,0.626465,0.992188
32.000000,1200.000000,0.932617,1.000000,0.998047,0.972656,0.651367,0.989746
33.000000,1200.000000,0.931641,0.000000,0.998047,0.971680,0.645996,0.984375
34.000000,1200.000000,0.928223,1.000000,0.996094,0.971680,0.636719,0.982422
35.000000,1200.000000,0.930664,1.000000,0.999512,0.973633,0.646484,0.991699
36.000000,1200.000000,0.923828,1.000000,0.998535,0.969727,0.621094,0.991211
37.000000,1200.000000,0.923828,1.000000,0.999512,0.974121,0.619629,0.992188
38.000000,1200.000000,0.926758,1.000000,0.999023,0.974609,0.628418,0.984375
39.000000,1200.000000,0.935059,1.000000,0.997070,0.973633,0.657227,0.984863
40.000000,1200.000000,0.929199,1.000000,0.995605,0.973145,0.640625,0.992188
41.000000,1200.000000,0.928223,1.000000,0.998047,0.972656,0.633789,0.990723
42.000000,1200.000000,0.928223,1.000000,0.995605,0.972656,0.636230,0.991699
43.000000,1200.000000,0.926270,1.000000,1.000000,0.971680,0.628418,0.988281
44.000000,1200.000000,0.926270,1.000000,1.000000,0.973145,0.628906,0.981445
45.000000,1200.000000,0.931641,1.000000,1.000000,0.970703,0.644531,0.991699
46.000000,1200.000000,0.929688,1.000000,1.000000,0.972168,0.640625,0.984375
47.000000,1200.000000,0.924316,1.000000,0.998535,0.976074,0.623047,0.983887
48.000000,1200.000000,0.927734,1.000000,1.000000,0.971680,0.636230,0.992676
49.000000,1200.000000,0.926270,1.000000,0.996094,0.972656,0.629395,0.987793
50.000000,1200.000000,0.929688,1.000000,0.998047,0.972168,0.640625,0.984375
51.000000,1200.000000,0.929688,1.000000,0.999512,0.974121,0.640137,0.982910
52.000000,1200.000000,0.930664,1.000000,0.999512,0.971680,0.642090,0.991699
53.000000,1200.000000,0.927246,1.000000,0.998047,0.974121,0.633301,0.982910
54.000000,1200.000000,0.931641,1.000000,1.000000,0.971680,0.646973,0.984863
55.000000,1200.000000,0.926270,1.000000,1.000000,0.973633,0.628418,0.985352
56.000000,1200.000000,0.928711,1.000000,0.997559,0.975098,0.640137,0.984375
57.000000,1200.000000,0.927734,1.000000,0.999023,0.973145,0.633789,0.991699
58.000000,1200.000000,0.927734,1.000000,0.994141,0.975586,0.635742,0.992188
59.000000,1200.000000,0.929688,1.000000,0.997559,0.973145,0.640625,0.991699
60.000000,1200.000000,0.931641,1.000000,1.000000,0.970703,0.649902,0.991211
61.000000,1200.000000,0.935059,1.000000,1.000000,0.973145,0.659180,0.986328
62.000000,1200.000000,0.930176,1.000000,0.997559,0.975098,0.640137,0.991699
63.000000,1200.000000,0.928711,1.000000,0.999023,0.972168,0.637695,0.990234
64.000000,1200.000000,0.929199,1.000000,0.998535,0.971680,0.636230,0.986328
65.000000,1200.000000,0.930176,1.000000,0.998535,0.973633,0.641113,0.982910
66.000000,1200.000000,0.928223,1.000000,0.994629,0.974609,0.635254,0.992188
67.000000,1200.000000,0.929199,1.000000,0.998047,0.972656,0.638184,0.992188
68.000000,1200.000000,0.929688,1.000000,0.998535,0.972168,0.639160,0.986328
69.000000,1200.000000,0.928711,1.000000,1.000000,0.975098,0.636230,0.988770
70.000000,1200.000000,0.924805,1.000000,0.999023,0.971191,0.624023,0.992188
71.000000,1200.000000,0.922852,1.000000,0.998535,0.972168,0.618164,0.988281
72.000000,1200.000000,0.925781,1.000000,0.995117,0.972168,0.628418,0.991211
73.000000,1200.000000,0.929688,1.000000,0.997559,0.973145,0.638184,0.983887
74.000000,1200.000000,0.929688,1.000000,0.999023,0.972168,0.640625,0.990723
75.000000,1200.000000,0.924316,1.000000,0.997070,0.971191,0.624023,0.991211
76.000000,1200.000000,0.931641,1.000000,0.999023,0.975586,0.645996,0.989258
77.000000,1200.000000,0.930176,1.000000,0.994629,0.973145,0.641113,0.992188
78.000000,1200.000000,0.925781,0.000000,1.000000,0.974609,0.627441,0.983398
79.000000,1200.000000,0.926758,1.000000,0.994629,0.968262,0.629883,0.990723
80.000000,1200.000000,0.922852,1.000000,1.000000,0.975586,0.621094,0.992676
81.000000,1200.000000,0.927246,1.000000,0.996582,0.974609,0.630371,0.993164
82.000000,1200.000000,0.925293,1.000000,0.999512,0.975586,0.626953,0.991699
83.000000,1200.000000,0.926758,1.000000,0.995605,0.974121,0.631836,0.992188
84.000000,1200.000000,0.927734,1.000000,0.998535,0.973633,0.634766,0.992676
85.000000,1200.000000,0.927734,1.000000,0.999512,0.972168,0.632812,0.990723
86.000000,1200.000000,0.928711,1.000000,0.999023,0.972656,0.637207,0.994141
87.000000,1200.000000,0.929688,1.000000,0.995605,0.972656,0.639160,0.989746
88.000000,1200.000000,0.929688,1.000000,1.000000,0.973633,0.643066,0.990234
89.000000,1200.000000,0.928223,1.000000,0.990723,0.972656,0.638184,0.985840
90.000000,1200.000000,0.929688,1.000000,0.998047,0.973633,0.639160,0.988281
91.000000,1200.000000,0.929199,1.000000,0.997559,0.973633,0.637695,0.983887
92.000000,1200.000000,0.928223,1.000000,0.995605,0.974121,0.634277,0.987305
93.000000,1200.000000,0.927734,1.000000,1.000000,0.973633,0.632812,0.990234
94.000000,1200.000000,0.929688,1.000000,1.000000,0.974121,0.637695,0.988281
95.000000,1200.000000,0.929688,1.000000,0.995605,0.973145,0.641113,0.991699
96.000000,1200.000000,0.924316,1.000000,0.990723,0.972656,0.623047,0.984375
97.000000,1200.000000,0.930664,1.000000,1.000000,0.974121,0.644531,0.987305
98.000000,1200.000000,0.927734,1.000000,0.990234,0.972656,0.636719,0.989258
99.000000,1200.000000,0.929199,1.000000,0.999512,0.972656,0.637207,0.987793
100.000000,1200.000000,0.928223,1.000000,0.999023,0.971680,0.633301,0.992188
101.000000,1200.000000,0.925781,1.000000,0.996582,0.972168,0.627930,0.987793
102.000000,1200.000000,0.925293,1.000000,0.984863,0.973145,0.628418,0.982910
103.000000,1200.000000,0.929688,1.000000,0.993652,0.971191,0.638184,0.987305
104.000000,1200.000000,0.933594,1.000000,0.996582,0.973633,0.653320,0.984375
105.000000,1200.000000,0.928223,1.000000,0.997070,0.971191,0.636719,0.984863
106.000000,1200.000000,0.930176,1.000000,0.998535,0.972168,0.637207,0.994141
107.000000,1200.000000,0.930176,1.000000,0.994141,0.974121,0.641113,0.991699
108.000000,1200.000000,0.929688,1.000000,0.999023,0.973633,0.638672,0.993652
109.000000,1200.000000,0.928711,1.000000,0.999023,0.972656,0.636719,0.991211
110.000000,1200.000000,0.929199,1.000000,1.000000,0.973145,0.639648,0.992676
111.000000,1200.000000,0.927246,1.000000,1.000000,0.975098,0.632812,0.987793
112.000000,1200.000000,0.927734,1.000000,0.998535,0.975098,0.634766,0.990723
113.000000,1200.000000,0.925293,0.000000,0.999023,0.970215,0.624512,0.985840
114.000000,1200.000000,0.931152,1.000000,0.999023,0.973633,0.645020,0.989258
115.000000,1200.000000,0.930664,1.000000,0.999512,0.975586,0.643555,0.990234
116.000000,1200.000000,0.925781,1.000000,0.998535,0.973145,0.625977,0.993652
117.000000,1200.000000,0.928223,1.000000,0.982422,0.972656,0.632812,0.992676
118.000000,1200.000000,0.929688,1.000000,0.996582,0.974121,0.640625,0.988770
119.000000,1200.000000,0.926270,1.000000,0.996094,0.973633,0.625000,0.986816
120.000000,1200.000000,0.933105,1.000000,1.000000,0.973633,0.651367,0.992188
121.000000,1200.000000,0.926758,1.000000,0.999023,0.972656,0.631836,0.989746
122.000000,1200.000000,0.929199,1.000000,1.000000,0.974121,0.636719,0.993164
123.000000,1200.000000,0.929688,0.000000,1.000000,0.974609,0.639160,0.991699
124.000000,1200.000000,0.929688,1.000000,1.000000,0.973633,0.641113,0.987305
125.000000,1200.000000,0.924316,1.000000,0.999512,0.972168,0.625000,0.992188
126.000000,1200.000000,0.928711,1.000000,1.000000,0.972656,0.636230,0.992188
127.000000,1200.000000,0.928223,1.000000,0.992188,0.973145,0.636230,0.991211
128.000000,1200.000000,0.927734,1.000000,1.000000,0.974121,0.631348,0.985352
129.000000,1200.000000,0.925293,1.000000,0.995605,0.970703,0.628906,0.991211
130.000000,1200.000000,0.929688,1.000000,0.994629,0.972168,0.641602,0.992188
131.000000,1200.000000,0.925781,1.000000,0.998535,0.970215,0.625488,0.983398
132.000000,1200.000000,0.930664,1.000000,0.999512,0.975586,0.643555,0.992676
133.000000,1200.000000,0.928223,1.000000,1.000000,0.975098,0.635254,0.991699
134.000000,1200.000000,0.927734,1.000000,0.999512,0.973145,0.632324,0.990723
135.000000,1200.000000,0.929199,1.000000,0.995117,0.974609,0.640137,0.984375
136.000000,1200.000000,0.928711,1.000000,0.998535,0.973633,0.637695,0.991211
137.000000,1200.000000,0.926758,1.000000,1.000000,0.973633,0.633789,0.989258
138.000000,1200.000000,0.932617,1.000000,0.998535,0.973145,0.648438,0.986328
139.000000,1200.000000,0.925781,1.000000,0.998047,0.975098,0.625977,0.991699
140.000000,1200.000000,0.930664,1.000000,1.000000,0.974121,0.643555,0.992188
141.000000,1200.000000,0.926758,1.000000,0.997070,0.974121,0.629395,0.983887
142.000000,1200.000000,0.929199,1.000000,1.000000,0.974609,0.637207,0.990234
143.000000,1200.000000,0.932129,1.000000,0.998535,0.971680,0.647949,0.992188
144.000000,1200.000000,0.928711,1.000000,0.998535,0.971191,0.637695,0.991699
145.000000,1200.000000,0.930176,1.000000,0.999512,0.972168,0.641602,0.981934
146.000000,1200.000000,0.933105,1.000000,0.996094,0.974121,0.649902,0.986816
147.000000,1200.000000,0.930176,1.000000,0.998047,0.974609,0.645020,0.984863
148.000000,1200.000000,0.929199,1.000000,1.000000,0.971680,0.638672,0.991699
149.000000,1200.000000,0.931152,1.000000,1.000000,0.972656,0.643555,0.983887
150.000000,1200.000000,0.927246,1.000000,1.000000,0.973633,0.633789,0.990723
151.000000,1200.000000,0.930664,1.000000,1.000000,0.973145,0.644043,0.986328
152.000000,1200.000000,0.928711,1.000000,0.999023,0.973633,0.636230,0.987305
153.000000,1200.000000,0.929199,1.000000,0.999023,0.973145,0.637695,0.988770
154.000000,1200.000000,0.927246,1.000000,1.000000,0.972168,0.633301,0.989258
155.000000,1200.000000,0.926758,1.000000,1.000000,0.971191,0.628906,0.991211
156.000000,1200.000000,0.931152,1.000000,0.999512,0.971191,0.643555,0.981445
157.000000,1200.000000,0.931641,1.000000,0.998047,0.971680,0.646484,0.990234
158.000000,1200.000000,0.926758,1.000000,0.998047,0.972168,0.630371,0.981934
159.000000,1200.000000,0.928223,1.000000,0.990234,0.972168,0.635742,0.991699
160.000000,1200.000000,0.925781,1.000000,0.999512,0.974609,0.627441,0.986816
161.000000,1200.000000,0.927734,1.000000,1.000000,0.973633,0.634277,0.990723
162.000000,1200.000000,0.925781,1.000000,0.995117,0.973633,0.628906,0.984863
163.000000,1200.000000,0.927734,1.000000,1.000000,0.973633,0.633301,0.988281
164.000000,1200.000000,0.927246,1.000000,0.997559,0.974609,0.632324,0.990723
165.000000,1200.000000,0.929688,1.000000,0.999023,0.975098,0.641113,0.986328
166.000000,1200.000000,0.929199,1.000000,0.998535,0.970215,0.639648,0.988281
167.000000,1200.000000,0.934570,0.000000,1.000000,0.972656,0.654785,0.988281
168.000000,1200.000000,0.933594,1.000000,0.996582,0.972656,0.650879,0.986816
169.000000,1200.000000,0.929199,1.000000,0.998047,0.974609,0.639160,0.991699
170.000000,1200.000000,0.930176,1.000000,0.999512,0.972656,0.645996,0.991211
171.000000,1200.000000,0.924805,0.000000,0.999512,0.974609,0.626465,0.989746
172.000000,1200.000000,0.930176,0.000000,0.998535,0.972168,0.641113,0.987305
173.000000,1200.000000,0.927734,1.000000,0.998047,0.973145,0.635254,0.992188
174.000000,1200.000000,0.928223,1.000000,1.000000,0.972168,0.634766,0.992188
175.000000,1200.000000,0.930664,1.000000,0.996094,0.972656,0.645020,0.989746
176.000000,1200.000000,0.928711,1.000000,0.999023,0.971680,0.635742,0.992676
177.000000,1200.000000,0.926270,1.000000,0.998047,0.975098,0.630371,0.988281
178.000000,1200.000000,0.928223,1.000000,0.998535,0.973145,0.633789,0.989746
179.000000,1200.000000,0.928223,1.000000,0.995117,0.973633,0.637207,0.992676
180.000000,1200.000000,0.926270,1.000000,0.999512,0.970703,0.629395,0.993652
181.000000,1200.000000,0.933105,1.000000,1.000000,0.973633,0.650391,0.984863
182.000000,1200.000000,0.929199,1.000000,0.999512,0.973633,0.636719,0.981445
183.000000,1200.000000,0.932129,1.000000,1.000000,0.974609,0.645020,0.992188
184.000000,1200.000000,0.923340,1.000000,1.000000,0.974121,0.619629,0.992188
185.000000,1200.000000,0.929199,1.000000,1.000000,0.974609,0.635254,0.987305
186.000000,1200.000000,0.925781,1.000000,0.998047,0.973633,0.626465,0.992188
187.000000,1200.000000,0.928223,1.000000,0.999023,0.972656,0.635254,0.982422
188.000000,1200.000000,0.931152,1.000000,0.997070,0.974609,0.644043,0.980957
189.000000,1200.000000,0.928711,1.000000,1.000000,0.973633,0.635254,0.991211
190.000000,1200.000000,0.929688,1.000000,0.999512,0.973633,0.637695,0.989258
191.000000,1200.000000,0.927246,1.000000,0.990723,0.971191,0.632812,0.982910
192.000000,1200.000000,0.925781,1.000000,0.999512,0.974121,0.627930,0.991211
193.000000,1200.000000,0.924805,1.000000,0.999512,0.974121,0.625977,0.990234
194.000000,1200.000000,0.923340,1.000000,0.998535,0.973633,0.615234,0.990234
195.000000,1200.000000,0.930176,1.000000,1.000000,0.973145,0.641602,0.990234
196.000000,1200.000000,0.929688,1.000000,0.997559,0.973633,0.639648,0.991699
197.000000,1200.000000,0.933105,1.000000,0.993652,0.972656,0.652344,0.991699
198.000000,1200.000000,0.929688,1.000000,0.994629,0.972168,0.639160,0.991699
199.000000,1200.000000,0.926758,1.000000,0.984863,0.973145,0.632812,0.991699
200.000000,1200.000000,0.927246,1.000000,0.999023,0.972168,0.633301,0.988770
201.000000,1200.000000,0.927734,1.000000,0.995117,0.972168,0.634766,0.991699
202.000000,1200.000000,0.927734,1.000000,0.998535,0.972168,0.634277,0.989258
203.000000,1200.000000,0.931152,1.000000,1.000000,0.972656,0.646973,0.989258
204.000000,1200.000000,0.926758,1.000000,0.995605,0.975586,0.628906,0.992188
205.000000,1200.000000,0.929199,1.000000,0.997070,0.973633,0.635742,0.992676
206.000000,1200.000000,0.931641,1.000000,0.996582,0.973633,0.645508,0.992676
207.000000,1200.000000,0.928223,1.000000,1.000000,0.973633,0.634277,0.990723
208.000000,1200.000000,0.933594,1.000000,0.995117,0.973633,0.654297,0.990234
209.000000,1200.000000,0.930176,1.000000,0.996094,0.973633,0.642578,0.989746
210.000000,1200.000000,0.926270,1.000000,0.999023,0.975098,0.627930,0.985840
211.000000,1200.000000,0.931152,1.000000,1.000000,0.972656,0.645508,0.990723
212.000000,1200.000000,0.932617,1.000000,0.992188,0.973145,0.648438,0.990234
213.000000,1200.000000,0.926270,1.000000,0.998535,0.973633,0.629395,0.989746
214.000000,1200.000000,0.928711,1.000000,0.998535,0.973633,0.638672,0.986816
215.000000,1200.000000,0.927246,0.000000,1.000000,0.974609,0.630859,0.981934
216.000000,1200.000000,0.926758,1.000000,1.000000,0.972168,0.629883,0.986328
217.000000,1200.000000,0.928223,1.000000,0.998535,0.974121,0.635742,0.991211
218.000000,1200.000000,0.926758,1.000000,0.999512,0.973633,0.629395,0.986816
219.000000,1200.000000,0.925781,1.000000,0.995605,0.973633,0.625977,0.993164
220.000000,1200.000000,0.923828,1.000000,0.993164,0.973633,0.619141,0.991211
221.000000,1200.000000,0.928711,1.000000,0.998535,0.971680,0.640137,0.989746
222.000000,1200.000000,0.933594,1.000000,0.999512,0.972168,0.656250,0.989746
223.000000,1200.000000,0.929199,1.000000,0.990234,0.974609,0.638672,0.993164
224.000000,1200.000000,0.924316,0.000000,0.990234,0.974609,0.624512,0.989746
225.000000,1200.000000,0.925293,1.000000,0.998047,0.972656,0.625488,0.993164
226.000000,1200.000000,0.930664,1.000000,0.999023,0.971680,0.642578,0.988281
227.000000,1200.000000,0.929199,1.000000,0.992676,0.973145,0.639160,0.991699
228.000000,1200.000000,0.929199,1.000000,0.997559,0.975098,0.637695,0.984863
229.000000,1200.000000,0.932129,1.000000,1.000000,0.970703,0.648926,0.982422
230.000000,1200.000000,0.930664,1.000000,0.999512,0.972168,0.642090,0.987305
231.000000,1200.000000,0.927246,1.000000,0.997070,0.972656,0.631348,0.993164
232.000000,1200.000000,0.930664,1.000000,0.999023,0.972168,0.641602,0.992188
233.000000,1200.000000,0.930176,1.000000,1.000000,0.972656,0.641113,0.988281
234.000000,1200.000000,0.927734,1.000000,0.980957,0.974609,0.632812,0.983887
235.000000,1200.000000,0.928223,1.000000,1.000000,0.973145,0.632812,0.992188
236.000000,1200.000000,0.933105,1.000000,0.995605,0.974609,0.648926,0.987793
237.000000,1200.000000,0.934570,1.000000,0.999512,0.973633,0.656738,0.989258
238.000000,1200.000000,0.927246,1.000000,0.998535,0.974609,0.633789,0.986328
239.000000,1200.000000,0.925293,1.000000,0.991211,0.973633,0.627441,0.986328
240.000000,1200.000000,0.925781,1.000000,0.999023,0.971680,0.629883,0.985352
241.000000,1200.000000,0.929688,0.000000,0.997559,0.972168,0.640625,0.987305
242.000000,1200.000000,0.928711,1.000000,0.996582,0.972656,0.638184,0.991699
243.000000,1200.000000,0.932617,1.000000,0.996582,0.974609,0.651367,0.984863
244.000000,1200.000000,0.926758,1.000000,0.997559,0.974121,0.632324,0.991211
245.000000,1200.000000,0.932129,1.000000,0.999512,0.969727,0.646973,0.991211
246.000000,1200.000000,0.926270,1.000000,0.997559,0.972168,0.626953,0.993164
247.000000,1200.000000,0.924805,1.000000,0.999512,0.974609,0.622070,0.992188
248.000000,1200.000000,0.929688,1.000000,1.000000,0.972656,0.640625,0.990723
249.000000,1200.000000,0.930664,1.000000,1.000000,0.973633,0.642090,0.985840
250.000000,1200.000000,0.928223,1.000000,1.000000,0.973145,0.636719,0.987793
251.000000,1200.000000,0.927734,1.000000,0.996094,0.971191,0.633789,0.989258
252.000000,1200.000000,0.925293,1.000000,0.996582,0.972656,0.626953,0.987305
253.000000,1200.000000,0.928223,1.000000,0.994629,0.975098,0.631836,0.992676
254.000000,1200.000000,0.927246,0.000000,0.979980,0.972656,0.631836,0.989258
255.000000,1200.000000,0.929199,1.000000,0.999512,0.973633,0.639648,0.984375
256.000000,1200.000000,0.923340,1.000000,1.000000,0.972656,0.620605,0.983398
257.000000,1200.000000,0.928711,1.000000,1.000000,0.970703,0.634766,0.992188
258.000000,1200.000000,0.924805,1.000000,0.996094,0.971680,0.624512,0.992188
259.000000,1200.000000,0.931641,1.000000,1.000000,0.973145,0.646484,0.992188
260.000000,1200.000000,0.931152,1.000000,0.997559,0.970215,0.646973,0.989258
261.000000,1200.000000,0.927734,1.000000,0.999512,0.974609,0.635254,0.992188
262.000000,1200.000000,0.925781,1.000000,0.993652,0.973145,0.627930,0.986816
263.000000,1200.000000,0.925293,1.000000,0.999023,0.973145,0.627441,0.980957
264.000000,1200.000000,0.922363,1.000000,0.996094,0.975098,0.617676,0.990234
265.000000,1200.000000,0.930176,1.000000,0.998047,0.974121,0.642578,0.989258
266.000000,1200.000000,0.928223,1.000000,0.995117,0.972168,0.634277,0.981934
267.000000,1200.000000,0.930664,1.000000,1.000000,0.974121,0.641602,0.975098
268.000000,1200.000000,0.928711,1.000000,1.000000,0.970215,0.637207,0.985840
269.000000,1200.000000,0.928711,1.000000,0.999023,0.970703,0.636719,0.989746
270.000000,1200.000000,0.925293,1.000000,0.997070,0.971680,0.626465,0.987793
271.000000,1200.000000,0.925781,1.000000,0.994141,0.975586,0.627930,0.992188
272.000000,1200.000000,0.925293,1.000000,0.995605,0.974609,0.631348,0.985840
273.000000,1200.000000,0.928223,1.000000,1.000000,0.972656,0.634766,0.990234
274.000000,1200.000000,0.930664,1.000000,1.000000,0.974609,0.642090,0.992188
275.000000,1200.000000,0.926270,1.000000,0.994629,0.972656,0.628418,0.990234
276.000000,1200.000000,0.930176,1.000000,0.994629,0.973633,0.641602,0.986816
277.000000,1200.000000,0.927734,1.000000,0.999512,0.975586,0.633789,0.990723
278.000000,1200.000000,0.929199,1.000000,0.998535,0.972168,0.638672,0.987793
279.000000,1200.000000,0.929688,1.000000,1.000000,0.973145,0.642090,0.993164
280.000000,1200.000000,0.929199,1.000000,0.997559,0.974609,0.640137,0.991699
281.000000,1200.000000,0.935059,1.000000,0.996582,0.975586,0.656250,0.985840
282.000000,1200.000000,0.930176,1.000000,0.996582,0.972168,0.641602,0.985352
283.000000,1200.000000,0.932617,1.000000,0.999023,0.973145,0.649902,0.991699
284.000000,1200.000000,0.932129,1.000000,0.998535,0.971680,0.646973,0.989746
285.000000,1200.000000,0.929199,1.000000,1.000000,0.973633,0.640625,0.991699
286.000000,1200.000000,0.929688,1.000000,1.000000,0.971191,0.641113,0.987793
287.000000,1200.000000,0.929688,1.000000,1.000000,0.973145,0.643066,0.985840
288.000000,1200.000000,0.927734,1.000000,1.000000,0.973145,0.633789,0.985352
289.000000,1200.000000,0.931152,1.000000,1.000000,0.971680,0.646484,0.993652
290.000000,1200.000000,0.930664,1.000000,0.999512,0.972168,0.643555,0.992188
291.000000,1200.000000,0.927734,1.000000,0.996582,0.972168,0.633789,0.989746
292.000000,1200.000000,0.922852,1.000000,0.999512,0.974609,0.615234,0.989746
293.000000,1200.000000,0.929199,1.000000,1.000000,0.972168,0.636719,0.991699
294.000000,1200.000000,0.927246,1.000000,1.000000,0.973633,0.636230,0.987793
295.000000,1200.000000,0.933594,1.000000,0.996094,0.975098,0.653320,0.992188
296.000000,1200.000000,0.930664,1.000000,0.999512,0.974121,0.643066,0.990723
297.000000,1200.000000,0.926270,1.000000,0.996094,0.973145,0.628906,0.993164
298.000000,1200.000000,0.930664,0.000000,0.999023,0.973633,0.643555,0.983887
299.000000,1200.000000,0.924316,1.000000,1.000000,0.973145,0.622070,0.992188
300.000000,1200.000000,0.931152,1.000000,0.999512,0.975098,0.644043,0.985352
301.000000,1200.000000,0.926758,1.000000,1.000000,0.973633,0.631348,0.990234
302.000000,1200.000000,0.930664,1.000000,0.999512,0.974609,0.642578,0.984863
303.000000,1200.000000,0.931152,1.000000,0.997070,0.974121,0.645508,0.989746
304.000000,1200.000000,0.926270,1.000000,0.998535,0.972168,0.628418,0.991699
305.000000,1200.000000,0.927734,1.000000,0.999023,0.975586,0.636719,0.987793
306.000000,1200.000000,0.926758,0.000000,1.000000,0.973145,0.631348,0.983398
307.000000,1200.000000,0.928711,1.000000,1.000000,0.972168,0.633789,0.991699
308.000000,1200.000000,0.924805,1.000000,0.999023,0.972168,0.623047,0.984375
309.000000,1200.000000,0.934570,1.000000,0.999023,0.972656,0.656738,0.987793
310.000000,1200.000000,0.928711,1.000000,0.975586,0.972656,0.635742,0.988770
311.000000,1200.000000,0.926270,1.000000,0.998535,0.969727,0.627441,0.986816
312.000000,1200.000000,0.932617,1.000000,0.978516,0.972656,0.651855,0.990723
313.000000,1200.000000,0.932129,1.000000,0.998535,0.973145,0.648926,0.992676
314.000000,1200.000000,0.928223,1.000000,0.999512,0.973633,0.633789,0.992188
315.000000,1200.000000,0.931152,1.000000,1.000000,0.973145,0.645996,0.989258
316.000000,1200.000000,0.928223,1.000000,0.998535,0.972168,0.634766,0.984863
317.000000,1200.000000,0.927734,1.000000,1.000000,0.970703,0.632324,0.986328
318.000000,1200.000000,0.933105,1.000000,0.988281,0.975586,0.650391,0.988281
319.000000,1200.000000,0.927734,1.000000,0.999512,0.974121,0.631836,0.988770
320.000000,1200.000000,0.929199,0.000000,0.998047,0.972656,0.638184,0.990723
321.000000,1200.000000,0.929199,1.000000,0.999023,0.974609,0.639648,0.992188
322.000000,1200.000000,0.929199,1.000000,1.000000,0.973145,0.635742,0.987305
323.000000,1200.000000,0.930176,1.000000,0.998047,0.972656,0.642090,0.985840
324.000000,1200.000000,0.932129,1.000000,0.994629,0.974121,0.647461,0.993164
325.000000,1200.000000,0.929688,1.000000,0.999023,0.973633,0.640625,0.987305
326.000000,1200.000000,0.933105,1.000000,1.000000,0.974121,0.649902,0.991699
327.000000,1200.000000,0.931641,1.000000,1.000000,0.972168,0.645508,0.988281
328.000000,1200.000000,0.929199,1.000000,0.999023,0.970215,0.639160,0.990723
329.000000,1200.000000,0.931152,1.000000,0.999023,0.970215,0.646973,0.990234
330.000000,1200.000000,0.924805,1.000000,0.999512,0.972656,0.623047,0.993164
331.000000,1200.000000,0.928223,1.000000,0.999512,0.972656,0.634277,0.992676
332.000000,1200.000000,0.928223,1.000000,1.000000,0.971680,0.635742,0.983398
333.000000,1200.000000,0.926270,0.000000,1.000000,0.971680,0.626953,0.982910
334.000000,1200.000000,0.926758,1.000000,0.998047,0.971680,0.630859,0.991211
335.000000,1200.000000,0.933105,1.000000,0.999512,0.973633,0.651367,0.993652
336.000000,1200.000000,0.925781,1.000000,0.994629,0.974121,0.628418,0.991699
337.000000,1200.000000,0.931641,1.000000,0.999023,0.970703,0.647461,0.988770
338.000000,1200.000000,0.931152,1.000000,1.000000,0.975586,0.643066,0.988770
339.000000,1200.000000,0.929688,1.000000,0.992676,0.971191,0.642578,0.989258
340.000000,1200.000000,0.929199,0.000000,0.999512,0.972656,0.640137,0.992188
341.000000,1200.000000,0.931152,1.000000,0.996582,0.971191,0.646973,0.989258
342.000000,1200.000000,0.930664,1.000000,0.999023,0.973633,0.644043,0.987793
343.000000,1200.000000,0.931641,1.000000,0.999512,0.972656,0.649902,0.989258
344.000000,1200.000000,0.930664,0.000000,0.999512,0.974609,0.644043,0.986328
345.000000,1200.000000,0.931641,1.000000,1.000000,0.972168,0.649414,0.991211
346.000000,1200.000000,0.924805,1.000000,0.992676,0.976074,0.624023,0.987305
347.000000,1200.000000,0.929688,1.000000,0.997559,0.973633,0.638672,0.988770
348.000000,1200.000000,0.931641,1.000000,0.994629,0.973633,0.649902,0.990723
349.000000,1200.000000,0.928223,1.000000,1.000000,0.971191,0.637695,0.982422
350.000000,1200.000000,0.931152,1.000000,1.000000,0.975586,0.641113,0.991699
351.000000,1200.000000,0.931641,1.000000,0.999512,0.974609,0.646973,0.991699
352.000000,1200.000000,0.927246,1.000000,0.997070,0.973633,0.629883,0.992188
353.000000,1200.000000,0.927246,1.000000,0.999512,0.972656,0.632812,0.988281
354.000000,1200.000000,0.927246,1.000000,0.998047,0.973145,0.629395,0.985352
355.000000,1200.000000,0.927246,1.000000,0.998047,0.970215,0.629395,0.993164
356.000000,1200.000000,0.930176,1.000000,0.999023,0.973633,0.642090,0.991699
357.000000,1200.000000,0.925781,1.000000,0.999023,0.972168,0.627441,0.988281
358.000000,1200.000000,0.928223,1.000000,0.992676,0.972168,0.635254,0.983398
359.000000,1200.000000,0.927246,1.000000,0.997559,0.971191,0.633301,0.987793
360.000000,1200.000000,0.928711,1.000000,0.998535,0.971191,0.635742,0.992188
361.000000,1200.000000,0.929199,1.000000,1.000000,0.970703,0.636719,0.982422
362.000000,1200.000000,0.927246,1.000000,0.999512,0.973145,0.633789,0.991699
363.000000,1200.000000,0.934570,1.000000,1.000000,0.972656,0.658691,0.992676
364.000000,1200.000000,0.932129,1.000000,0.997070,0.974121,0.648926,0.990723
365.000000,1200.000000,0.926758,0.000000,0.996582,0.974121,0.630859,0.993164
366.000000,1200.000000,0.929199,1.000000,1.000000,0.975586,0.637207,0.992188
367.000000,1200.000000,0.930664,1.000000,0.995117,0.971680,0.645996,0.985840
368.000000,1200.000000,0.930176,1.000000,0.993652,0.972656,0.642090,0.991699
369.000000,1200.000000,0.928711,1.000000,1.000000,0.974609,0.637207,0.990723
370.000000,1200.000000,0.924316,1.000000,0.999023,0.971680,0.622559,0.992188
371.000000,1200.000000,0.926758,1.000000,0.998535,0.972656,0.629395,0.992188
372.000000,1200.000000,0.924316,1.000000,0.993164,0.973633,0.624023,0.984863
373.000000,1200.000000,0.928711,1.000000,0.999512,0.974121,0.633789,0.991699
374.000000,1200.000000,0.930664,1.000000,0.999023,0.972656,0.642090,0.985352
375.000000,1200.000000,0.928711,1.000000,0.994629,0.971191,0.636230,0.991211
376.000000,1200.000000,0.926270,1.000000,0.987305,0.975586,0.629883,0.990723
377.000000,1200.000000,0.926270,1.000000,0.999023,0.973145,0.628418,0.989258
378.000000,1200.000000,0.925293,1.000000,0.997559,0.969238,0.627441,0.990723
379.000000,1200.000000,0.935547,1.000000,0.999512,0.973633,0.660645,0.985352
380.000000,1200.000000,0.931152,1.000000,0.998047,0.971191,0.645508,0.991699
381.000000,1200.000000,0.932129,1.000000,0.998047,0.969238,0.647949,0.992676
382.000000,1200.000000,0.927734,1.000000,0.999512,0.973145,0.635254,0.989258
383.000000,1200.000000,0.928223,1.000000,0.998047,0.974609,0.634277,0.988770
384.000000,1200.000000,0.930176,1.000000,1.000000,0.974609,0.638672,0.989746
385.000000,1200.000000,0.929688,1.000000,0.999023,0.972168,0.639648,0.992188
386.000000,1200.000000,0.927734,1.000000,0.997559,0.972168,0.634277,0.989746
387.000000,1200.000000,0.933594,1.000000,0.996582,0.974121,0.653809,0.991699
388.000000,1200.000000,0.926758,1.000000,0.999023,0.971191,0.630371,0.991699
389.000000,1200.000000,0.932129,1.000000,0.999023,0.971191,0.649902,0.988770
390.000000,1200.000000,0.924805,1.000000,0.996582,0.971680,0.624023,0.987793
391.000000,1200.000000,0.927246,1.000000,0.999023,0.972168,0.632812,0.987305
392.000000,1200.000000,0.927734,1.000000,0.996094,0.972656,0.633789,0.990723
393.000000,1200.000000,0.926270,1.000000,0.996582,0.973633,0.628906,0.989746
394.000000,1200.000000,0.929199,1.000000,0.997070,0.972656,0.639160,0.989258
395.000000,1200.000000,0.931641,1.000000,1.000000,0.975586,0.644043,0.990723
396.000000,1200.000000,0.930176,1.000000,0.999512,0.975098,0.642578,0.992188
397.000000,1200.000000,0.928223,1.000000,0.998047,0.972656,0.634277,0.980957
398.000000,1200.000000,0.930176,1.000000,0.999512,0.976074,0.641602,0.991699
399.000000,1200.000000,0.930664,1.000000,0.998535,0.974609,0.645508,0.986816
400.000000,1200.000000,0.929688,0.000000,0.999023,0.972168,0.641602,0.991211
401.000000,1200.000000,0.928711,1.000000,0.994629,0.971680,0.639648,0.989746
402.000000,1200.000000,0.927246,1.000000,0.997559,0.973633,0.631836,0.983887
403.000000,1200.000000,0.928223,1.000000,0.999512,0.973145,0.636719,0.988281
404.000000,1200.000000,0.928711,1.000000,1.000000,0.973633,0.641602,0.988770
405.000000,1200.000000,0.925781,1.000000,0.999512,0.972656,0.626465,0.985840
406.000000,1200.000000,0.922363,1.000000,0.998047,0.972168,0.617188,0.989258
407.000000,1200.000000,0.928711,1.000000,0.997559,0.971680,0.638184,0.982910
408.000000,1200.000000,0.930176,1.000000,1.000000,0.972168,0.640625,0.988281
409.000000,1200.000000,0.928223,1.000000,1.000000,0.972656,0.638184,0.990234
410.000000,1200.000000,0.928223,1.000000,0.998047,0.971680,0.635742,0.989746
411.000000,1200.000000,0.926758,1.000000,0.992676,0.971191,0.628418,0.990234
412.000000,1200.000000,0.927734,1.000000,0.997070,0.972656,0.632324,0.984863
413.000000,1200.000000,0.930176,1.000000,0.995605,0.972656,0.641602,0.991699
414.000000,1200.000000,0.927734,1.000000,1.000000,0.972656,0.632812,0.984375
415.000000,1200.000000,0.925293,1.000000,0.994141,0.973145,0.623535,0.991211
416.000000,1200.000000,0.928223,1.000000,0.999512,0.971680,0.636719,0.994141
417.000000,1200.000000,0.931641,1.000000,0.998535,0.972168,0.644043,0.987305
418.000000,1200.000000,0.927734,1.000000,0.997070,0.974609,0.635742,0.991699
419.000000,1200.000000,0.926270,1.000000,0.999512,0.973145,0.629883,0.984375
420.000000,1200.000000,0.924316,1.000000,0.999023,0.973145,0.622559,0.989258
421.000000,1200.000000,0.930664,1.000000,0.998047,0.974121,0.644531,0.992188
422.000000,1200.000000,0.927734,1.000000,0.997070,0.973633,0.632324,0.992188
423.000000,1200.000000,0.923828,1.000000,0.997070,0.972656,0.621094,0.988770
424.000000,1200.000000,0.924805,1.000000,1.000000,0.974121,0.622559,0.988770
425.000000,1200.000000,0.928711,1.000000,0.990234,0.973145,0.635254,0.991699
426.000000,1200.000000,0.933105,1.000000,0.999512,0.973633,0.653320,0.983887
427.000000,1200.000000,0.927734,1.000000,0.999512,0.975098,0.633789,0.989746
428.000000,1200.000000,0.929688,1.000000,1.000000,0.974121,0.640625,0.991211
429.000000,1200.000000,0.927734,1.000000,0.999023,0.971680,0.638672,0.985352
430.000000,1200.000000,0.931152,1.000000,0.997559,0.973145,0.645508,0.982910
431.000000,1200.000000,0.925781,1.000000,1.000000,0.973633,0.626953,0.990234
432.000000,1200.000000,0.927734,1.000000,1.000000,0.974121,0.633301,0.990723
433.000000,1200.000000,0.925293,1.000000,0.999512,0.974121,0.625977,0.986816
434.000000,1200.000000,0.922852,1.000000,0.999512,0.972168,0.616699,0.992676
435.000000,1200.000000,0.930176,0.000000,1.000000,0.972168,0.641602,0.992676
436.000000,1200.000000,0.931152,1.000000,0.999512,0.973633,0.644043,0.990234
437.000000,1200.000000,0.931152,1.000000,0.998535,0.972656,0.647461,0.991211
438.000000,1200.000000,0.931641,1.000000,0.998535,0.973145,0.649902,0.982422
439.000000,1200.000000,0.930664,1.000000,0.999023,0.973633,0.644043,0.991699
440.000000,1200.000000,0.931152,1.000000,0.997559,0.972656,0.645508,0.990723
441.000000,1200.000000,0.926758,1.000000,0.997559,0.972656,0.629395,0.993164
442.000000,1200.000000,0.926758,1.000000,1.000000,0.972656,0.630859,0.990234
443.000000,1200.000000,0.932617,1.000000,0.997070,0.973633,0.648926,0.982910
444.000000,1200.000000,0.932129,1.000000,0.997070,0.972168,0.647949,0.993164
445.000000,1200.000000,0.930176,1.000000,0.996094,0.973633,0.639648,0.988281
446.000000,1200.000000,0.928711,1.000000,0.994629,0.975098,0.639648,0.992188
447.000000,1200.000000,0.925781,1.000000,0.999512,0.974121,0.625977,0.991211
448.000000,1200.000000,0.933594,1.000000,0.999512,0.971191,0.653809,0.991699
449.000000,1200.000000,0.930176,1.000000,1.000000,0.972656,0.639648,0.992188
450.000000,1200.000000,0.929199,1.000000,1.000000,0.970703,0.636230,0.991699
451.000000,1200.000000,0.927734,1.000000,0.997070,0.974121,0.629395,0.992676
452.000000,1200.000000,0.931152,1.000000,0.998535,0.972656,0.646973,0.992188
453.000000,1200.000000,0.929688,1.000000,0.999023,0.973633,0.638672,0.992188
454.000000,1200.000000,0.931152,1.000000,0.999512,0.970215,0.644531,0.990234
455.000000,1200.000000,0.924805,1.000000,0.999512,0.973145,0.621582,0.981934
456.000000,1200.000000,0.925781,1.000000,0.995605,0.973145,0.627441,0.990234
457.000000,1200.000000,0.929199,1.000000,0.998535,0.973145,0.637207,0.983398
458.000000,1200.000000,0.930176,1.000000,0.982910,0.972656,0.641602,0.990234
459.000000,1200.000000,0.929199,1.000000,0.996094,0.971680,0.640137,0.985840
460.000000,1200.000000,0.927734,1.000000,0.999512,0.974121,0.632812,0.991211
461.000000,1200.000000,0.929199,1.000000,0.998047,0.974609,0.640625,0.991699
462.000000,1200.000000,0.931641,1.000000,0.997559,0.974121,0.647461,0.990723
463.000000,1200.000000,0.924805,1.000000,1.000000,0.972168,0.624023,0.982422
464.000000,1200.000000,0.933105,1.000000,0.999023,0.972656,0.652832,0.991211
465.000000,1200.000000,0.925781,0.000000,0.992188,0.971680,0.625977,0.992188
466.000000,1200.000000,0.928711,1.000000,0.998047,0.974609,0.636230,0.991211
467.000000,1200.000000,0.929688,1.000000,0.997070,0.972168,0.640625,0.984375
468.000000,1200.000000,0.928711,1.000000,0.998535,0.971680,0.633301,0.991699
469.000000,1200.000000,0.930664,1.000000,1.000000,0.972656,0.640137,0.990723
470.000000,1200.000000,0.933105,1.000000,0.996582,0.971680,0.652832,0.987305
471.000000,1200.000000,0.933105,1.000000,0.999512,0.970215,0.653809,0.992188
472.000000,1200.000000,0.928711,1.000000,0.997070,0.973633,0.636230,0.987305
473.000000,1200.000000,0.930664,1.000000,0.996582,0.973633,0.642090,0.983398
474.000000,1200.000000,0.932129,1.000000,0.993164,0.971680,0.649414,0.984863
475.000000,1200.000000,0.926270,1.000000,0.996582,0.974609,0.629395,0.976074
476.000000,1200.000000,0.929199,1.000000,1.000000,0.974121,0.638672,0.993652
477.000000,1200.000000,0.925293,1.000000,0.992188,0.970703,0.626465,0.989746
478.000000,1200.000000,0.931641,1.000000,0.999512,0.972168,0.646973,0.991699
479.000000,1200.000000,0.928711,1.000000,1.000000,0.974121,0.635254,0.990234
480.000000,1200.000000,0.932129,1.000000,0.999512,0.973145,0.650879,0.983398
481.000000,1200.000000,0.928711,1.000000,0.997559,0.972168,0.633301,0.983398
482.000000,1200.000000,0.930176,1.000000,1.000000,0.972168,0.640625,0.992676
483.000000,1200.000000,0.928223,0.000000,0.999023,0.974609,0.634766,0.991699
484.000000,1200.000000,0.930176,1.000000,0.999512,0.971191,0.641113,0.990234
485.000000,1200.000000,0.927734,1.000000,1.000000,0.973633,0.632812,0.981934
486.000000,1200.000000,0.928711,1.000000,0.998535,0.972656,0.639648,0.991211
487.000000,1200.000000,0.928223,1.000000,1.000000,0.972656,0.637207,0.993164
488.000000,1200.000000,0.929199,1.000000,0.991699,0.972168,0.638184,0.992188
489.000000,1200.000000,0.924805,1.000000,0.999023,0.970215,0.625488,0.992188
490.000000,1200.000000,0.929688,1.000000,0.996582,0.974609,0.640625,0.982910
491.000000,1200.000000,0.929199,1.000000,1.000000,0.972656,0.637695,0.990723
492.000000,1200.000000,0.926758,1.000000,0.999512,0.972168,0.628418,0.989746
493.000000,1200.000000,0.934082,1.000000,1.000000,0.971680,0.656250,0.986328
494.000000,1200.000000,0.928711,1.000000,0.999512,0.971680,0.640625,0.991211
495.000000,1200.000000,0.929199,1.000000,0.999512,0.973633,0.641602,0.986328
496.000000,1200.000000,0.926758,1.000000,0.996582,0.974121,0.629395,0.991211
497.000000,1200.000000,0.928223,1.000000,0.996582,0.973633,0.635254,0.992188
498.000000,1200.000000,0.929199,1.000000,0.997070,0.974121,0.640137,0.992188
499.000000,1200.000000,0.928223,1.000000,0.996094,0.974609,0.635254,0.985352
500.000000,1200.000000,0.927246,1.000000,0.997559,0.971680,0.631836,0.991699
501.000000,1200.000000,0.926758,1.000000,0.998047,0.972168,0.630371,0.992188
502.000000,1200.000000,0.929199,1.000000,0.998047,0.975098,0.640625,0.992188
503.000000,1200.000000,0.925293,1.000000,0.991699,0.973633,0.626465,0.991211
504.000000,1200.000000,0.926270,1.000000,0.999023,0.973145,0.629883,0.991699
505.000000,1200.000000,0.927734,1.000000,0.981934,0.976074,0.633789,0.990234
506.000000,1200.000000,0.926758,1.000000,0.996094,0.972168,0.628906,0.992188
507.000000,1200.000000,0.928223,1.000000,0.992676,0.974121,0.635742,0.989746
508.000000,1200.000000,0.926758,1.000000,0.992188,0.974121,0.631348,0.991211
509.000000,1200.000000,0.926758,1.000000,1.000000,0.973145,0.632324,0.992676
510.000000,1200.000000,0.932617,1.000000,0.999512,0.973633,0.651855,0.989746
511.000000,1200.000000,0.926758,1.000000,0.998047,0.974609,0.628418,0.991699
512.000000,1200.000000,0.930176,1.000000,0.999512,0.972656,0.641602,0.989746
513.000000,1200.000000,0.927246,1.000000,1.000000,0.972168,0.631836,0.991699
514.000000,1200.000000,0.927734,1.000000,0.998535,0.972168,0.634277,0.986816
515.000000,1200.000000,0.931152,1.000000,0.998047,0.975098,0.643555,0.987793
516.000000,1200.000000,0.932129,1.000000,0.997559,0.972656,0.649902,0.993164
517.000000,1200.000000,0.930176,1.000000,0.985352,0.973145,0.640137,0.989258
518.000000,1200.000000,0.924316,1.000000,0.997070,0.971680,0.626465,0.984375
519.000000,1200.000000,0.926270,1.000000,0.999512,0.974609,0.627930,0.988281
520.000000,1200.000000,0.928223,1.000000,0.998047,0.974121,0.635742,0.992188
521.000000,1200.000000,0.927734,1.000000,0.999512,0.973145,0.631348,0.991211
522.000000,1200.000000,0.928711,1.000000,1.000000,0.975586,0.639160,0.990234
523.000000,1200.000000,0.929688,1.000000,1.000000,0.973633,0.639160,0.992188
524.000000,1200.000000,0.932129,1.000000,0.999512,0.973633,0.646484,0.986816
525.000000,1200.000000,0.928711,0.000000,0.993652,0.974609,0.637207,0.989746
526.000000,1200.000000,0.929199,1.000000,1.000000,0.974121,0.636230,0.992188
527.000000,1200.000000,0.929688,1.000000,0.998535,0.972656,0.639160,0.989258
528.000000,1200.000000,0.925781,1.000000,0.993164,0.973633,0.625000,0.988281
529.000000,1200.000000,0.927734,1.000000,0.999023,0.974121,0.634277,0.988281
530.000000,1200.000000,0.930176,1.000000,0.990234,0.974121,0.639648,0.990234
531.000000,1200.000000,0.926758,1.000000,1.000000,0.973145,0.630859,0.991699
532.000000,1200.000000,0.928711,1.000000,0.999023,0.973145,0.636719,0.990723
533.000000,1200.000000,0.932617,1.000000,1.000000,0.973145,0.649902,0.986816
534.000000,1200.000000,0.926270,1.000000,1.000000,0.973145,0.628906,0.987305
535.000000,1200.000000,0.928223,1.000000,0.996582,0.973145,0.637695,0.992188
536.000000,1200.000000,0.926758,1.000000,0.999512,0.971191,0.628906,0.990723
537.000000,1200.000000,0.928223,1.000000,0.990723,0.969238,0.633301,0.983887
538.000000,1200.000000,0.927734,1.000000,1.000000,0.973145,0.633301,0.984375
539.000000,1200.000000,0.928711,1.000000,0.999512,0.973633,0.638672,0.991699
540.000000,1200.000000,0.928223,1.000000,0.998535,0.973145,0.635254,0.987793
541.000000,1200.000000,0.929199,1.000000,1.000000,0.971680,0.636719,0.989746
542.000000,1200.000000,0.928711,1.000000,0.998535,0.973145,0.637207,0.985352
543.000000,1200.000000,0.931152,1.000000,0.999023,0.975098,0.642578,0.991211
544.000000,1200.000000,0.931641,1.000000,0.998535,0.974609,0.647461,0.988770
545.000000,1200.000000,0.926758,1.000000,0.998535,0.972656,0.630371,0.990234
546.000000,1200.000000,0.929199,1.000000,0.998535,0.972656,0.637207,0.991699
547.000000,1200.000000,0.929688,1.000000,0.999023,0.974609,0.638672,0.988770
548.000000,1200.000000,0.928223,1.000000,1.000000,0.974121,0.633789,0.983887
549.000000,1200.000000,0.925781,1.000000,0.997559,0.972656,0.626465,0.988770
550.000000,1200.000000,0.927734,1.000000,1.000000,0.970703,0.633789,0.983887
551.000000,1200.000000,0.932617,1.000000,1.000000,0.974121,0.651367,0.992188
552.000000,1200.000000,0.930176,1.000000,0.998047,0.970703,0.641602,0.993164
553.000000,1200.000000,0.930176,1.000000,0.999023,0.975098,0.640625,0.989746
554.000000,1200.000000,0.930664,1.000000,0.998535,0.970703,0.645508,0.991699
555.000000,1200.000000,0.935059,0.000000,0.997070,0.971680,0.658691,0.990723
556.000000,1200.000000,0.932617,1.000000,1.000000,0.974121,0.649902,0.987793
557.000000,1200.000000,0.927246,1.000000,0.999512,0.973633,0.633301,0.990234
558.000000,1200.000000,0.928223,1.000000,0.998047,0.972656,0.635254,0.986816
559.000000,1200.000000,0.925781,0.000000,0.997070,0.972656,0.628906,0.992188
560.000000,1200.000000,0.927734,1.000000,1.000000,0.972656,0.633301,0.989258
561.000000,1200.000000,0.929199,1.000000,0.999512,0.973633,0.638184,0.987793
562.000000,1200.000000,0.925781,1.000000,1.000000,0.975586,0.625000,0.980469
563.000000,1200.000000,0.926270,1.000000,1.000000,0.975098,0.627441,0.992188
564.000000,1200.000000,0.923340,1.000000,0.996582,0.973633,0.622070,0.986328
565.000000,1200.000000,0.926270,1.000000,0.988281,0.973633,0.625488,0.989258
566.000000,1200.000000,0.928711,1.000000,0.992188,0.974609,0.637207,0.986328
567.000000,1200.000000,0.928711,1.000000,0.998535,0.973145,0.637207,0.992188
568.000000,1200.000000,0.928223,1.000000,0.996094,0.972656,0.634277,0.982910
569.000000,1200.000000,0.932129,1.000000,0.999023,0.973633,0.649414,0.981934
570.000000,1200.000000,0.924805,1.000000,0.999023,0.974121,0.626465,0.991211
571.000000,1200.000000,0.924805,1.000000,0.999023,0.973145,0.625977,0.993164
572.000000,1200.000000,0.926270,1.000000,0.995605,0.972168,0.629883,0.982422
573.000000,1200.000000,0.929688,1.000000,1.000000,0.974609,0.643555,0.988770
574.000000,1200.000000,0.928711,1.000000,0.997070,0.972656,0.637695,0.983398
575.000000,1200.000000,0.929199,1.000000,0.996582,0.974121,0.637695,0.986328
576.000000,1200.000000,0.928223,1.000000,0.995605,0.972656,0.636719,0.985840
577.000000,1200.000000,0.924316,1.000000,0.999512,0.973145,0.624023,0.989746
578.000000,1200.000000,0.930664,1.000000,0.997070,0.972168,0.643555,0.989258
579.000000,1200.000000,0.926758,1.000000,0.997070,0.971680,0.630859,0.990234
580.000000,1200.000000,0.929688,1.000000,0.987305,0.974121,0.641113,0.984375
581.000000,1200.000000,0.926758,1.000000,0.997070,0.972656,0.629395,0.981934
582.000000,1200.000000,0.934082,1.000000,0.998535,0.972168,0.653320,0.992188
583.000000,1200.000000,0.926270,1.000000,0.993652,0.973633,0.630859,0.987793
584.000000,1200.000000,0.935059,1.000000,0.999512,0.973633,0.660156,0.992188
585.000000,1200.000000,0.925781,1.000000,0.999023,0.974121,0.627930,0.987305
586.000000,1200.000000,0.929199,1.000000,0.998047,0.974609,0.637695,0.983398
587.000000,1200.000000,0.932129,1.000000,0.999512,0.972168,0.648438,0.990234
588.000000,1200.000000,0.929688,1.000000,0.994141,0.970215,0.638184,0.992188
589.000000,1200.000000,0.930176,1.000000,0.999023,0.973633,0.641113,0.988770
590.000000,1200.000000,0.927734,1.000000,0.993652,0.972656,0.633301,0.992676
591.000000,1200.000000,0.928711,1.000000,0.999512,0.972656,0.636230,0.990723
592.000000,1200.000000,0.929688,1.000000,0.993652,0.975098,0.643066,0.991699
593.000000,1200.000000,0.929199,1.000000,1.000000,0.972168,0.641113,0.988770
594.000000,1200.000000,0.927246,1.000000,0.999512,0.974121,0.632812,0.994141
595.000000,1200.000000,0.928711,1.000000,0.999023,0.973633,0.637207,0.992188
596.000000,1200.000000,0.932617,0.000000,0.998047,0.973145,0.647949,0.986328
597.000000,1200.000000,0.929199,1.000000,1.000000,0.974609,0.639160,0.983398
598.000000,1200.000000,0.931641,1.000000,1.000000,0.974609,0.645996,0.990234
599.000000,1200.000000,0.931641,0.000000,0.988770,0.972656,0.646484,0.988281
600.000000,1200.000000,0.929688,1.000000,1.000000,0.974121,0.639160,0.986328
601.000000,1200.000000,0.926758,1.000000,0.998047,0.972168,0.629395,0.989746
602.000000,1200.000000,0.930664,1.000000,0.998047,0.972168,0.640137,0.991211
603.000000,1200.000000,0.933105,1.000000,0.999023,0.970703,0.651855,0.988281
604.000000,1200.000000,0.927246,1.000000,0.999023,0.972168,0.631836,0.987305
605.000000,1200.000000,0.927734,1.000000,1.000000,0.973145,0.633301,0.991211
606.000000,1200.000000,0.926758,1.000000,0.999023,0.972656,0.628418,0.987305
607.000000,1200.000000,0.929199,1.000000,0.998535,0.971191,0.637695,0.988770
608.000000,1200.000000,0.929199,1.000000,0.991699,0.974121,0.634766,0.992676
609.000000,1200.000000,0.931152,1.000000,1.000000,0.973145,0.644043,0.992188
610.000000,1200.000000,0.933105,1.000000,1.000000,0.973633,0.651367,0.992676
611.000000,1200.000000,0.928711,1.000000,1.000000,0.973633,0.636719,0.994141
612.000000,1200.000000,0.928223,1.000000,1.000000,0.973633,0.636719,0.988770
613.000000,1200.000000,0.930664,1.000000,0.999512,0.973633,0.638184,0.991699
614.000000,1200.000000,0.930664,1.000000,1.000000,0.972656,0.644043,0.989258
615.000000,1200.000000,0.927734,1.000000,0.997559,0.970215,0.632812,0.991211
616.000000,1200.000000,0.927734,1.000000,0.998535,0.973145,0.631836,0.986816
617.000000,1200.000000,0.927734,1.000000,0.990234,0.974121,0.634277,0.992188
618.000000,1200.000000,0.929688,1.000000,0.994629,0.972656,0.640137,0.984863
619.000000,1200.000000,0.929688,1.000000,0.999512,0.976074,0.640137,0.975586
620.000000,1200.000000,0.928711,1.000000,0.999023,0.971191,0.634766,0.984375
621.000000,1200.000000,0.929688,1.000000,1.000000,0.969238,0.637695,0.989746
622.000000,1200.000000,0.928711,1.000000,0.998047,0.973633,0.634277,0.992188
623.000000,1200.000000,0.929199,1.000000,0.999512,0.975098,0.641113,0.992188
624.000000,1200.000000,0.929199,1.000000,1.000000,0.974609,0.639160,0.987793
625.000000,1200.000000,0.926758,1.000000,0.996582,0.973633,0.629883,0.992188
626.000000,1200.000000,0.930664,1.000000,1.000000,0.971680,0.643555,0.982422
627.000000,1200.000000,0.928223,0.000000,0.998047,0.973633,0.636230,0.993652
628.000000,1200.000000,0.927734,1.000000,0.995605,0.972656,0.634766,0.982910
629.000000,1200.000000,0.929199,1.000000,0.994629,0.972168,0.637207,0.991699
630.000000,1200.000000,0.930176,0.000000,1.000000,0.972656,0.641602,0.987305
631.000000,1200.000000,0.927246,0.000000,0.998535,0.972656,0.634277,0.990723
632.000000,1200.000000,0.929688,1.000000,0.992676,0.973145,0.639160,0.991211
633.000000,1200.000000,0.928223,1.000000,0.999023,0.973145,0.635254,0.984863
634.000000,1200.000000,0.928223,1.000000,1.000000,0.972656,0.637207,0.988770
635.000000,1200.000000,0.926758,1.000000,0.995605,0.973145,0.629883,0.993164
636.000000,1200.000000,0.929688,1.000000,0.999023,0.972168,0.640137,0.985352
637.000000,1200.000000,0.930664,1.000000,1.000000,0.974609,0.643066,0.992188
638.000000,1200.000000,0.925781,1.000000,0.992676,0.974609,0.627441,0.991211
639.000000,1200.000000,0.929199,1.000000,0.998047,0.972656,0.637695,0.991699
640.000000,1200.000000,0.932617,0.000000,0.998535,0.970215,0.650879,0.987793
641.000000,1200.000000,0.928711,1.000000,0.998047,0.973633,0.633789,0.993652
642.000000,1200.000000,0.929199,1.000000,1.000000,0.972656,0.639648,0.989258
643.000000,1200.000000,0.928223,1.000000,0.999512,0.972168,0.634766,0.992188
644.000000,1200.000000,0.930176,1.000000,0.999512,0.971680,0.639160,0.992188
645.000000,1200.000000,0.933105,1.000000,0.999512,0.973633,0.651367,0.991699
646.000000,1200.000000,0.930176,1.000000,1.000000,0.974121,0.642578,0.990723
647.000000,1200.000000,0.927734,0.000000,0.998047,0.973633,0.636719,0.990234
648.000000,1200.000000,0.926758,1.000000,0.999023,0.974609,0.629395,0.987305
649.000000,1200.000000,0.927246,1.000000,0.999023,0.974609,0.629883,0.985352
650.000000,1200.000000,0.929688,1.000000,0.999512,0.973633,0.637207,0.989746
651.000000,1200.000000,0.928711,1.000000,0.999512,0.974121,0.636230,0.991699
652.000000,1200.000000,0.928711,1.000000,0.999512,0.974121,0.637695,0.991699
653.000000,1200.000000,0.925781,1.000000,0.999023,0.975586,0.625000,0.988281
654.000000,1200.000000,0.932129,1.000000,0.999512,0.973633,0.647461,0.986816
655.000000,1200.000000,0.927734,0.000000,0.994141,0.972168,0.632812,0.989258
656.000000,1200.000000,0.931641,1.000000,0.992188,0.971191,0.647949,0.984375
657.000000,1200.000000,0.928711,1.000000,0.999512,0.974121,0.637207,0.989258
658.000000,1200.000000,0.927734,1.000000,1.000000,0.973145,0.632324,0.992188
659.000000,1200.000000,0.924805,1.000000,0.995117,0.972168,0.623047,0.992676
660.000000,1200.000000,0.929199,1.000000,0.997559,0.972656,0.638184,0.989258
661.000000,1200.000000,0.933105,1.000000,0.996094,0.973633,0.650879,0.989258
662.000000,1200.000000,0.926758,1.000000,0.999023,0.974609,0.633301,0.986816
663.000000,1200.000000,0.925293,1.000000,0.994141,0.972656,0.625000,0.992188
664.000000,1200.000000,0.929199,1.000000,1.000000,0.972656,0.640625,0.982422
665.000000,1200.000000,0.927246,1.000000,0.998047,0.972656,0.630859,0.990234
666.000000,1200.000000,0.933105,1.000000,0.999512,0.972168,0.652344,0.987793
667.000000,1200.000000,0.931152,1.000000,1.000000,0.973145,0.644043,0.992676
668.000000,1200.000000,0.925781,1.000000,0.999023,0.973145,0.625488,0.978027
669.000000,1200.000000,0.928711,1.000000,0.999512,0.974121,0.637695,0.991211
670.000000,1200.000000,0.929199,1.000000,1.000000,0.974121,0.639160,0.990723
671.000000,1200.000000,0.925781,1.000000,0.991699,0.974121,0.626953,0.985352
672.000000,1200.000000,0.926758,1.000000,0.986328,0.974121,0.631348,0.986816
673.000000,1200.000000,0.928711,1.000000,1.000000,0.973145,0.635254,0.989746
674.000000,1200.000000,0.930176,1.000000,0.999512,0.972656,0.638672,0.991211
675.000000,1200.000000,0.931152,1.000000,1.000000,0.974121,0.647461,0.989746
676.000000,1200.000000,0.929688,1.000000,0.999512,0.974121,0.638184,0.985352
677.000000,1200.000000,0.926758,1.000000,0.999512,0.976074,0.629883,0.989746
678.000000,1200.000000,0.930176,0.000000,0.998047,0.973145,0.641113,0.991699
679.000000,1200.000000,0.927246,1.000000,0.998047,0.972168,0.631348,0.989746
680.000000,1200.000000,0.927246,1.000000,0.999023,0.973633,0.629883,0.991699
681.000000,1200.000000,0.924805,1.000000,0.999512,0.971191,0.621094,0.985840
682.000000,1200.000000,0.929688,1.000000,0.999512,0.973633,0.638672,0.991699
683.000000,1200.000000,0.930176,1.000000,1.000000,0.973633,0.643066,0.991699
684.000000,1200.000000,0.931152,1.000000,0.997070,0.972168,0.643066,0.988281
685.000000,1200.000000,0.933105,1.000000,0.997559,0.971680,0.651855,0.985840
686.000000,1200.000000,0.929688,1.000000,0.999023,0.972168,0.639648,0.992188
687.000000,1200.000000,0.929688,1.000000,0.999023,0.969238,0.637695,0.983398
688.000000,1200.000000,0.927734,1.000000,0.999023,0.974609,0.632812,0.990234
689.000000,1200.000000,0.926758,1.000000,0.999512,0.972168,0.631348,0.988281
690.000000,1200.000000,0.931152,1.000000,1.000000,0.975098,0.644531,0.988281
691.000000,1200.000000,0.927246,1.000000,0.998047,0.975098,0.629883,0.987793
692.000000,1200.000000,0.931152,1.000000,0.988281,0.972656,0.644043,0.992188
693.000000,1200.000000,0.928223,1.000000,0.990723,0.973633,0.635742,0.989746
694.000000,1200.000000,0.926758,1.000000,0.994629,0.972168,0.626465,0.992676
695.000000,1200.000000,0.929688,1.000000,0.999023,0.972168,0.637695,0.986328
696.000000,1200.000000,0.928223,1.000000,0.999512,0.972656,0.635742,0.989258
697.000000,1200.000000,0.931152,1.000000,0.998047,0.974121,0.645508,0.986328
698.000000,1200.000000,0.926758,1.000000,1.000000,0.975098,0.629395,0.982422
699.000000,1200.000000,0.931641,1.000000,0.997070,0.970703,0.645020,0.987793
700.000000,1200.000000,0.921875,0.000000,0.999512,0.972168,0.615723,0.992676
701.000000,1200.000000,0.927734,1.000000,1.000000,0.974121,0.634766,0.987305
702.000000,1200.000000,0.928711,1.000000,0.995605,0.971680,0.640137,0.987793
703.000000,1200.000000,0.927246,1.000000,0.997559,0.972656,0.633301,0.993164
704.000000,1200.000000,0.933594,1.000000,0.997559,0.974121,0.652832,0.984863
705.000000,1200.000000,0.928223,1.000000,0.991211,0.974121,0.634277,0.993652
706.000000,1200.000000,0.929199,0.000000,1.000000,0.973633,0.637207,0.988281
707.000000,1200.000000,0.931152,1.000000,1.000000,0.971680,0.645996,0.992676
708.000000,1200.000000,0.929199,1.000000,1.000000,0.974121,0.634277,0.989746
709.000000,1200.000000,0.929199,1.000000,0.999512,0.972656,0.638184,0.992676
710.000000,1200.000000,0.927734,1.000000,1.000000,0.972168,0.632812,0.991699
711.000000,1200.000000,0.932617,1.000000,1.000000,0.973633,0.648438,0.985352
712.000000,1200.000000,0.928223,1.000000,1.000000,0.975098,0.636230,0.992676
713.000000,1200.000000,0.932617,1.000000,0.997070,0.975586,0.649414,0.990723
714.000000,1200.000000,0.926270,1.000000,0.999512,0.973633,0.630371,0.988281
715.000000,1200.000000,0.927246,1.000000,0.996582,0.974121,0.630859,0.988281
716.000000,1200.000000,0.927734,1.000000,0.995605,0.973145,0.633789,0.985352
717.000000,1200.000000,0.929199,1.000000,0.996582,0.972656,0.636719,0.985352
718.000000,1200.000000,0.930664,0.000000,0.999512,0.974121,0.643555,0.991699
719.000000,1200.000000,0.930664,1.000000,1.000000,0.971680,0.642578,0.991211
720.000000,1200.000000,0.930176,1.000000,0.997070,0.974121,0.642090,0.989746
721.000000,1200.000000,0.931641,1.000000,1.000000,0.975098,0.645508,0.992676
722.000000,1200.000000,0.923340,1.000000,0.999512,0.973633,0.620117,0.992188
723.000000,1200.000000,0.928223,1.000000,0.996582,0.973145,0.635742,0.990723
724.000000,1200.000000,0.931641,1.000000,0.997559,0.974609,0.649414,0.987793
725.000000,1200.000000,0.928711,1.000000,0.995605,0.973145,0.639160,0.990234
726.000000,1200.000000,0.926758,1.000000,0.999512,0.974121,0.631348,0.986816
727.000000,1200.000000,0.931641,1.000000,0.998047,0.973145,0.647949,0.984375
728.000000,1200.000000,0.934082,1.000000,1.000000,0.971680,0.656738,0.991211
729.000000,1200.000000,0.930664,1.000000,0.998047,0.971191,0.641113,0.992676
730.000000,1200.000000,0.929199,1.000000,1.000000,0.973145,0.637207,0.992188
731.000000,1200.000000,0.934082,1.000000,1.000000,0.973633,0.655762,0.986816
732.000000,1200.000000,0.925293,1.000000,0.999023,0.975586,0.627930,0.991699
733.000000,1200.000000,0.935059,1.000000,1.000000,0.971680,0.657227,0.990723
734.000000,1200.000000,0.926270,1.000000,0.998535,0.973145,0.629395,0.992188
735.000000,1200.000000,0.924805,1.000000,1.000000,0.973145,0.623535,0.991699
736.000000,1200.000000,0.924805,1.000000,1.000000,0.973145,0.621094,0.990723
737.000000,1200.000000,0.926270,1.000000,0.989258,0.974609,0.627441,0.980469
738.000000,1200.000000,0.928711,1.000000,0.999512,0.974609,0.636719,0.991699
739.000000,1200.000000,0.924316,1.000000,0.997559,0.973633,0.623535,0.992188
740.000000,1200.000000,0.930664,1.000000,0.997070,0.974121,0.644531,0.989258
741.000000,1200.000000,0.930176,1.000000,0.997070,0.972656,0.640137,0.989258
742.000000,1200.000000,0.927246,1.000000,0.998535,0.975098,0.631348,0.992188
743.000000,1200.000000,0.929688,1.000000,0.997070,0.972656,0.638672,0.993164
744.000000,1200.000000,0.932617,1.000000,1.000000,0.972656,0.649414,0.986328
745.000000,1200.000000,0.932129,1.000000,1.000000,0.973145,0.648926,0.982910
746.000000,1200.000000,0.927246,1.000000,0.999512,0.975586,0.631836,0.985840
747.000000,1200.000000,0.927734,1.000000,0.990723,0.970703,0.635254,0.982910
748.000000,1200.000000,0.930664,1.000000,1.000000,0.971680,0.641602,0.991211
749.000000,1200.000000,0.931641,1.000000,0.999512,0.974121,0.647461,0.982910
750.000000,1200.000000,0.931152,1.000000,0.994629,0.974609,0.643555,0.983398
751.000000,1200.000000,0.930664,1.000000,1.000000,0.973145,0.642090,0.988770
752.000000,1200.000000,0.921387,1.000000,0.993652,0.971680,0.614258,0.985352
753.000000,1200.000000,0.932129,1.000000,0.995605,0.973145,0.647949,0.986328
754.000000,1200.000000,0.926758,1.000000,0.981934,0.972168,0.628418,0.992188
755.000000,1200.000000,0.933594,1.000000,1.000000,0.972168,0.653809,0.990723
756.000000,1200.000000,0.928711,1.000000,0.999512,0.973633,0.637207,0.990723
757.000000,1200.000000,0.929199,1.000000,0.998047,0.971680,0.639648,0.986328
758.000000,1200.000000,0.929199,1.000000,1.000000,0.973145,0.641113,0.988770
759.000000,1200.000000,0.929199,1.000000,0.998535,0.974121,0.637207,0.988281
760.000000,1200.000000,0.927246,1.000000,0.997559,0.973145,0.632324,0.988770
761.000000,1200.000000,0.928711,1.000000,0.994629,0.973145,0.635742,0.992676
762.000000,1200.000000,0.930664,1.000000,0.997559,0.970703,0.645508,0.990234
763.000000,1200.000000,0.928223,1.000000,1.000000,0.973145,0.638672,0.992676
764.000000,1200.000000,0.928711,1.000000,0.998535,0.973633,0.634766,0.988281
765.000000,1200.000000,0.928711,1.000000,0.997559,0.973633,0.639160,0.990234
766.000000,1200.000000,0.928223,1.000000,0.997070,0.971191,0.633301,0.982422
767.000000,1200.000000,0.926758,1.000000,0.999512,0.974609,0.633301,0.986328
768.000000,1200.000000,0.924805,1.000000,0.993652,0.974121,0.620605,0.986816
769.000000,1200.000000,0.924805,1.000000,0.996094,0.972656,0.627930,0.987305
770.000000,1200.000000,0.926758,1.000000,1.000000,0.974121,0.630859,0.990723
771.000000,1200.000000,0.924805,1.000000,1.000000,0.967773,0.623535,0.987305
772.000000,1200.000000,0.931641,1.000000,0.998047,0.973633,0.646484,0.992676
773.000000,1200.000000,0.933594,1.000000,0.999512,0.974609,0.653809,0.991699
774.000000,1200.000000,0.929199,1.000000,0.999512,0.972656,0.636719,0.986816
775.000000,1200.000000,0.928223,1.000000,0.999512,0.973145,0.632324,0.982422
776.000000,1200.000000,0.930176,1.000000,0.998047,0.974121,0.642090,0.991699
777.000000,1200.000000,0.927734,1.000000,0.998535,0.973633,0.635254,0.989746
778.000000,1200.000000,0.927246,1.000000,0.998047,0.975098,0.632324,0.983398
779.000000,1200.000000,0.928223,1.000000,0.998047,0.972656,0.631348,0.987305
780.000000,1200.000000,0.932617,1.000000,0.990723,0.971680,0.650391,0.992676
781.000000,1200.000000,0.930664,1.000000,0.999512,0.976074,0.643066,0.990723
782.000000,1200.000000,0.929199,1.000000,0.999023,0.974121,0.633789,0.991699
783.000000,1200.000000,0.930176,1.000000,1.000000,0.972656,0.643555,0.986816
784.000000,1200.000000,0.933105,1.000000,0.999023,0.972656,0.652344,0.989258
785.000000,1200.000000,0.928711,1.000000,0.994141,0.972656,0.637207,0.990723
786.000000,1200.000000,0.929688,1.000000,1.000000,0.975098,0.640137,0.991699
787.000000,1200.000000,0.929199,1.000000,0.999023,0.972656,0.638672,0.991699
788.000000,1200.000000,0.928711,1.000000,0.993652,0.972168,0.638184,0.991211
789.000000,1200.000000,0.925293,1.000000,0.999512,0.972656,0.626465,0.991211
790.000000,1200.000000,0.930176,1.000000,0.999023,0.973633,0.644531,0.991699
791.000000,1200.000000,0.925293,1.000000,0.998047,0.973145,0.628906,0.974121
792.000000,1200.000000,0.929199,1.000000,0.999023,0.973145,0.639160,0.992676
793.000000,1200.000000,0.924805,1.000000,0.999512,0.972656,0.621582,0.983887
794.000000,1200.000000,0.924805,1.000000,0.988281,0.972656,0.626465,0.991699
795.000000,1200.000000,0.926758,1.000000,0.999023,0.971680,0.627441,0.983398
796.000000,1200.000000,0.931152,1.000000,0.999023,0.973633,0.649902,0.987305
797.000000,1200.000000,0.927246,1.000000,0.999512,0.975586,0.632812,0.982422
798.000000,1200.000000,0.929688,1.000000,1.000000,0.973145,0.639648,0.992188
799.000000,1200.000000,0.931641,1.000000,0.998535,0.973145,0.646484,0.987305
800.000000,1200.000000,0.928711,1.000000,0.997559,0.974121,0.636230,0.983887
801.000000,1200.000000,0.928711,1.000000,1.000000,0.974121,0.638672,0.980957
802.000000,1200.000000,0.925781,1.000000,0.998535,0.974609,0.627930,0.990234
803.000000,1200.000000,0.922852,1.000000,0.998535,0.971680,0.619141,0.986816
804.000000,1200.000000,0.930176,0.000000,0.999023,0.973633,0.640625,0.986816
805.000000,1200.000000,0.930176,1.000000,0.998535,0.973633,0.638672,0.992676
806.000000,1200.000000,0.932617,0.000000,0.999023,0.972656,0.647461,0.991699
807.000000,1200.000000,0.931152,1.000000,0.992676,0.974609,0.644531,0.992188
808.000000,1200.000000,0.924805,1.000000,1.000000,0.973145,0.626465,0.988281
809.000000,1200.000000,0.928223,1.000000,0.997070,0.973145,0.636230,0.989258
810.000000,1200.000000,0.932129,1.000000,1.000000,0.972168,0.645508,0.992188
811.000000,1200.000000,0.926270,1.000000,1.000000,0.972656,0.626465,0.993164
812.000000,1200.000000,0.932617,1.000000,1.000000,0.973145,0.654297,0.992676
813.000000,1200.000000,0.926270,1.000000,1.000000,0.972168,0.628418,0.992188
814.000000,1200.000000,0.928223,1.000000,0.996582,0.974121,0.634766,0.993164
815.000000,1200.000000,0.930664,0.000000,0.999512,0.972168,0.644043,0.990723
816.000000,1200.000000,0.928711,1.000000,0.994629,0.974121,0.636719,0.990234
817.000000,1200.000000,0.929688,1.000000,0.997559,0.975098,0.640625,0.990723
818.000000,1200.000000,0.930176,0.000000,0.998535,0.974121,0.642090,0.992676
819.000000,1200.000000,0.928711,1.000000,0.999023,0.972168,0.635254,0.988770
820.000000,1200.000000,0.929199,1.000000,0.995117,0.973633,0.638184,0.991699
821.000000,1200.000000,0.926758,1.000000,0.999512,0.972168,0.627441,0.990234
822.000000,1200.000000,0.924805,1.000000,1.000000,0.971680,0.625977,0.989258
823.000000,1200.000000,0.930176,1.000000,0.997559,0.973145,0.640625,0.989746
824.000000,1200.000000,0.932617,1.000000,0.990723,0.973633,0.648438,0.991699
825.000000,1200.000000,0.928223,1.000000,0.994629,0.972168,0.633789,0.985840
826.000000,1200.000000,0.932617,1.000000,1.000000,0.972168,0.647949,0.982422
827.000000,1200.000000,0.923340,1.000000,0.990234,0.972656,0.618652,0.983398
828.000000,1200.000000,0.932129,0.000000,0.996094,0.973633,0.649414,0.991699
829.000000,1200.000000,0.931641,1.000000,0.999023,0.973633,0.647949,0.991699
830.000000,1200.000000,0.924316,1.000000,1.000000,0.972656,0.623047,0.987793
831.000000,1200.000000,0.927734,1.000000,0.999023,0.972168,0.633301,0.989258
832.000000,1200.000000,0.930176,1.000000,0.999512,0.973145,0.643555,0.987305
833.000000,1200.000000,0.926270,1.000000,0.995117,0.974121,0.627441,0.991211
834.000000,1200.000000,0.932129,1.000000,0.999023,0.974609,0.649414,0.989746
835.000000,1200.000000,0.929199,1.000000,1.000000,0.976074,0.640625,0.991699
836.000000,1200.000000,0.933105,1.000000,1.000000,0.969238,0.651367,0.988281
837.000000,1200.000000,0.930664,1.000000,0.998047,0.972168,0.642090,0.992188
838.000000,1200.000000,0.930664,1.000000,1.000000,0.974121,0.642578,0.991211
839.000000,1200.000000,0.930664,1.000000,1.000000,0.974609,0.644043,0.991699
840.000000,1200.000000,0.923828,1.000000,1.000000,0.969727,0.619629,0.982910
841.000000,1200.000000,0.929688,1.000000,0.998535,0.972168,0.637207,0.993164
842.000000,1200.000000,0.934082,1.000000,1.000000,0.970703,0.653320,0.985840
843.000000,1200.000000,0.930664,1.000000,0.999023,0.972168,0.642578,0.992676
844.000000,1200.000000,0.930664,1.000000,1.000000,0.971191,0.644531,0.987793
845.000000,1200.000000,0.924316,1.000000,0.991699,0.973633,0.620117,0.988281
846.000000,1200.000000,0.928711,1.000000,1.000000,0.973633,0.637207,0.992188
847.000000,1200.000000,0.930176,1.000000,1.000000,0.972656,0.639648,0.992188
848.000000,1200.000000,0.924805,1.000000,0.999023,0.974609,0.622559,0.993164
849.000000,1200.000000,0.929199,1.000000,1.000000,0.972168,0.636719,0.990723
850.000000,1200.000000,0.932617,1.000000,0.993652,0.972168,0.648926,0.987793
851.000000,1200.000000,0.928711,1.000000,0.999512,0.971191,0.634766,0.981934
852.000000,1200.000000,0.926758,1.000000,0.999023,0.972656,0.632812,0.992188
853.000000,1200.000000,0.934082,1.000000,0.999512,0.974609,0.652344,0.991699
854.000000,1200.000000,0.929688,1.000000,0.999023,0.974121,0.640625,0.983398
855.000000,1200.000000,0.930176,1.000000,0.990234,0.973633,0.640625,0.991699
856.000000,1200.000000,0.928223,1.000000,1.000000,0.975586,0.635742,0.991699
857.000000,1200.000000,0.933594,1.000000,1.000000,0.973633,0.650879,0.981934
858.000000,1200.000000,0.926758,1.000000,0.995605,0.971680,0.630859,0.992188
859.000000,1200.000000,0.930664,1.000000,0.998047,0.973633,0.643066,0.991211
860.000000,1200.000000,0.927246,1.000000,0.999023,0.973633,0.637207,0.992188
861.000000,1200.000000,0.929688,1.000000,0.999023,0.974121,0.640625,0.988770
862.000000,1200.000000,0.931152,1.000000,1.000000,0.972656,0.645508,0.988770
863.000000,1200.000000,0.927734,1.000000,0.999512,0.974121,0.632812,0.990234
864.000000,1200.000000,0.929199,1.000000,0.998535,0.969238,0.638672,0.982422
865.000000,1200.000000,0.929199,1.000000,0.996094,0.970215,0.638184,0.979980
866.000000,1200.000000,0.924805,1.000000,0.999512,0.971680,0.622070,0.992188
867.000000,1200.000000,0.931641,1.000000,0.999023,0.970703,0.646973,0.990723
868.000000,1200.000000,0.927246,1.000000,1.000000,0.971680,0.634766,0.991699
869.000000,1200.000000,0.929199,1.000000,0.990234,0.970703,0.638184,0.985352
870.000000,1200.000000,0.931152,1.000000,0.999023,0.973145,0.644531,0.992188
871.000000,1200.000000,0.927734,1.000000,0.989258,0.971680,0.636719,0.987305
872.000000,1200.000000,0.931641,1.000000,0.998047,0.975098,0.646484,0.990723
873.000000,1200.000000,0.927246,1.000000,0.999512,0.971680,0.629883,0.991699
874.000000,1200.000000,0.928711,1.000000,1.000000,0.974121,0.636719,0.990234
875.000000,1200.000000,0.929688,1.000000,1.000000,0.974121,0.638672,0.987793
876.000000,1200.000000,0.932617,1.000000,0.998535,0.972168,0.648926,0.992188
877.000000,1200.000000,0.930664,1.000000,0.998535,0.972168,0.643066,0.981934
878.000000,1200.000000,0.927734,0.000000,0.996582,0.971191,0.633301,0.987305
879.000000,1200.000000,0.926758,1.000000,1.000000,0.973633,0.628906,0.991699
880.000000,1200.000000,0.929199,1.000000,0.996582,0.972656,0.639648,0.992188
881.000000,1200.000000,0.928223,1.000000,1.000000,0.973145,0.635742,0.990234
882.000000,1200.000000,0.924805,1.000000,1.000000,0.971191,0.623535,0.982910
883.000000,1200.000000,0.924805,1.000000,1.000000,0.972656,0.626465,0.992188
884.000000,1200.000000,0.928223,1.000000,1.000000,0.972168,0.635742,0.985352
885.000000,1200.000000,0.929688,1.000000,0.997559,0.973633,0.641602,0.991699
886.000000,1200.000000,0.930176,1.000000,0.998535,0.971191,0.642578,0.992188
887.000000,1200.000000,0.929688,1.000000,0.995605,0.972168,0.640625,0.985840
888.000000,1200.000000,0.928223,1.000000,1.000000,0.973145,0.635742,0.986816
889.000000,1200.000000,0.928223,1.000000,0.999023,0.973633,0.636230,0.990234
890.000000,1200.000000,0.932129,1.000000,1.000000,0.972168,0.647949,0.991211
891.000000,1200.000000,0.932617,1.000000,1.000000,0.973633,0.649902,0.989746
892.000000,1200.000000,0.928223,1.000000,1.000000,0.970703,0.636230,0.989746
893.000000,1200.000000,0.930664,1.000000,0.998047,0.973633,0.642090,0.981934
894.000000,1200.000000,0.927246,1.000000,0.999512,0.972656,0.632812,0.984863
895.000000,1200.000000,0.928223,1.000000,0.994629,0.973633,0.633301,0.991699
896.000000,1200.000000,0.929199,1.000000,0.999512,0.972656,0.638184,0.992188
897.000000,1200.000000,0.933594,1.000000,0.999023,0.974121,0.651367,0.988770
898.000000,1200.000000,0.931152,1.000000,0.984375,0.972656,0.644043,0.991211
899.000000,1200.000000,0.928711,1.000000,0.999512,0.974609,0.637207,0.985840
900.000000,1200.000000,0.926758,1.000000,1.000000,0.974609,0.631348,0.990723
901.000000,1200.000000,0.926270,1.000000,0.998535,0.973633,0.628418,0.981934
902.000000,1200.000000,0.927734,0.000000,0.999023,0.972656,0.632812,0.992188
903.000000,1200.000000,0.927246,0.000000,1.000000,0.973633,0.628906,0.981934
904.000000,1200.000000,0.924316,0.000000,0.991699,0.972656,0.624023,0.990234
905.000000,1200.000000,0.931152,1.000000,0.999512,0.974609,0.644043,0.985352
906.000000,1200.000000,0.931152,1.000000,1.000000,0.973145,0.644531,0.992188
907.000000,1200.000000,0.924805,1.000000,0.998047,0.973145,0.621582,0.992676
908.000000,1200.000000,0.925293,1.000000,0.972656,0.974121,0.624023,0.991699
909.000000,1200.000000,0.928711,1.000000,1.000000,0.974121,0.637695,0.981445
910.000000,1200.000000,0.929199,1.000000,0.993652,0.975098,0.639648,0.988770
911.000000,1200.000000,0.932129,1.000000,0.995605,0.972656,0.645996,0.992676
912.000000,1200.000000,0.927734,1.000000,0.999512,0.973145,0.630371,0.985352
913.000000,1200.000000,0.933594,1.000000,0.998047,0.973633,0.655762,0.988770
914.000000,1200.000000,0.935059,1.000000,1.000000,0.973633,0.655273,0.989746
915.000000,1200.000000,0.928711,1.000000,1.000000,0.973633,0.636230,0.985352
916.000000,1200.000000,0.934570,1.000000,1.000000,0.973145,0.656250,0.987305
917.000000,1200.000000,0.921875,1.000000,0.993164,0.975586,0.615234,0.985840
918.000000,1200.000000,0.926270,0.000000,0.999512,0.971191,0.631348,0.991699
919.000000,1200.000000,0.927246,1.000000,0.998535,0.973633,0.630859,0.982910
920.000000,1200.000000,0.927734,1.000000,0.998535,0.974121,0.637695,0.984375
921.000000,1200.000000,0.927246,1.000000,1.000000,0.974121,0.633789,0.992188
922.000000,1200.000000,0.930664,1.000000,1.000000,0.972656,0.641602,0.986816
923.000000,1200.000000,0.929688,1.000000,0.999023,0.970703,0.642578,0.993652
924.000000,1200.000000,0.931152,1.000000,0.998535,0.971191,0.645996,0.986328
925.000000,1200.000000,0.930664,1.000000,0.998047,0.973145,0.644531,0.991699
926.000000,1200.000000,0.925781,1.000000,1.000000,0.973145,0.628418,0.984863
927.000000,1200.000000,0.929199,1.000000,0.999512,0.971680,0.641113,0.985840
928.000000,1200.000000,0.927734,1.000000,0.999023,0.973633,0.631836,0.991699
929.000000,1200.000000,0.926270,1.000000,0.999023,0.970703,0.628418,0.982422
930.000000,1200.000000,0.927246,1.000000,0.991211,0.972168,0.633789,0.991699
931.000000,1200.000000,0.927734,1.000000,0.998535,0.973633,0.633789,0.993164
932.000000,1200.000000,0.927246,1.000000,0.995605,0.974609,0.627930,0.991211
933.000000,1200.000000,0.930664,1.000000,0.999023,0.972168,0.641602,0.990234
934.000000,1200.000000,0.928223,1.000000,0.985840,0.974121,0.635742,0.985840
935.000000,1200.000000,0.929688,1.000000,0.997559,0.971680,0.641113,0.986816
936.000000,1200.000000,0.923828,1.000000,0.999023,0.973145,0.621094,0.986816
937.000000,1200.000000,0.930176,1.000000,1.000000,0.973145,0.642578,0.990234
938.000000,1200.000000,0.933594,1.000000,1.000000,0.974121,0.653320,0.991211
939.000000,1200.000000,0.923828,1.000000,0.998047,0.974609,0.622070,0.991211
940.000000,1200.000000,0.927734,1.000000,0.997559,0.971191,0.638184,0.985840
941.000000,1200.000000,0.928223,1.000000,1.000000,0.974609,0.634277,0.987305
942.000000,1200.000000,0.927734,0.000000,1.000000,0.975098,0.636230,0.985840
943.000000,1200.000000,0.929688,1.000000,0.989258,0.974121,0.635742,0.991211
944.000000,1200.000000,0.929688,1.000000,0.993652,0.974609,0.639160,0.982422
945.000000,1200.000000,0.932129,1.000000,0.998047,0.972656,0.645996,0.989258
946.000000,1200.000000,0.925781,1.000000,0.997070,0.970215,0.625488,0.987793
947.000000,1200.000000,0.928223,1.000000,0.999512,0.973633,0.634766,0.991699
948.000000,1200.000000,0.929199,1.000000,0.997559,0.972168,0.636719,0.991211
949.000000,1200.000000,0.924316,1.000000,0.997070,0.974121,0.626465,0.990234
950.000000,1200.000000,0.927734,1.000000,1.000000,0.973633,0.635742,0.991699
951.000000,1200.000000,0.929688,1.000000,1.000000,0.974121,0.643066,0.991699
952.000000,1200.000000,0.928711,1.000000,0.995605,0.975098,0.635742,0.991211
953.000000,1200.000000,0.933594,1.000000,0.997559,0.972656,0.652344,0.992188
954.000000,1200.000000,0.929688,1.000000,0.998535,0.972168,0.639648,0.984375
955.000000,1200.000000,0.930176,1.000000,0.998535,0.972656,0.644043,0.992188
956.000000,1200.000000,0.930176,1.000000,0.996582,0.972656,0.641602,0.988770
957.000000,1200.000000,0.928223,1.000000,0.999512,0.972656,0.632812,0.983887
958.000000,1200.000000,0.929688,1.000000,0.996094,0.972656,0.639648,0.985352
959.000000,1200.000000,0.932617,1.000000,0.998535,0.969727,0.649902,0.989746
960.000000,1200.000000,0.928711,1.000000,1.000000,0.974121,0.636230,0.986816
961.000000,1200.000000,0.928711,1.000000,0.999512,0.972656,0.638672,0.985352
962.000000,1200.000000,0.925293,1.000000,0.997070,0.973145,0.625977,0.985840
963.000000,1200.000000,0.927734,1.000000,1.000000,0.973145,0.635254,0.988281
964.000000,1200.000000,0.929199,1.000000,1.000000,0.973633,0.640137,0.989258
965.000000,1200.000000,0.932129,0.000000,1.000000,0.975586,0.649902,0.992188
966.000000,1200.000000,0.926758,1.000000,0.999023,0.974609,0.630371,0.985840
967.000000,1200.000000,0.931641,1.000000,0.999512,0.975098,0.645020,0.992676
968.000000,1200.000000,0.930176,1.000000,0.995605,0.974609,0.641113,0.988770
969.000000,1200.000000,0.925781,0.000000,0.999512,0.971680,0.628418,0.986328
970.000000,1200.000000,0.930176,1.000000,0.994629,0.973633,0.641113,0.989258
971.000000,1200.000000,0.927246,1.000000,0.996582,0.975586,0.632812,0.990234
972.000000,1200.000000,0.926758,1.000000,0.990234,0.974121,0.628906,0.989258
973.000000,1200.000000,0.929688,1.000000,0.999023,0.972168,0.641602,0.986816
974.000000,1200.000000,0.935547,1.000000,0.997070,0.974121,0.662109,0.986328
975.000000,1200.000000,0.928711,1.000000,0.998535,0.973145,0.635254,0.984375
976.000000,1200.000000,0.926270,1.000000,0.999512,0.970703,0.632324,0.989258
977.000000,1200.000000,0.930176,1.000000,0.986328,0.972656,0.640625,0.991211
978.000000,1200.000000,0.933105,1.000000,1.000000,0.971680,0.652344,0.992676
979.000000,1200.000000,0.928711,1.000000,0.985840,0.974121,0.635742,0.989258
980.000000,1200.000000,0.931152,1.000000,0.999023,0.973633,0.645996,0.988281
981.000000,1200.000000,0.931641,1.000000,1.000000,0.974609,0.647461,0.991699
982.000000,1200.000000,0.927734,1.000000,1.000000,0.974609,0.634766,0.991211
983.000000,1200.000000,0.926758,1.000000,0.998047,0.972168,0.628906,0.990723
984.000000,1200.000000,0.931641,1.000000,0.999512,0.973633,0.645508,0.991699
985.000000,1200.000000,0.928223,0.000000,0.993652,0.973145,0.637207,0.992188
986.000000,1200.000000,0.928711,1.000000,1.000000,0.973633,0.634766,0.990723
987.000000,1200.000000,0.926758,1.000000,0.989258,0.974121,0.625488,0.988770
988.000000,1200.000000,0.931641,1.000000,0.978027,0.975098,0.644043,0.990723
989.000000,1200.000000,0.928223,1.000000,1.000000,0.972656,0.633789,0.990723
990.000000,1200.000000,0.926270,1.000000,0.999512,0.972656,0.627930,0.984375
991.000000,1200.000000,0.926758,1.000000,0.997070,0.971680,0.628906,0.988770
992.000000,1200.000000,0.928711,1.000000,1.000000,0.973145,0.634766,0.986328
993.000000,1200.000000,0.930664,1.000000,0.998535,0.973633,0.646973,0.986816
994.000000,1200.000000,0.927734,1.000000,1.000000,0.973145,0.634277,0.987305
995.000000,1200.000000,0.925781,0.000000,0.999023,0.972168,0.625977,0.987305
996.000000,1200.000000,0.925781,1.000000,0.999512,0.973145,0.627930,0.988281
997.000000,1200.000000,0.928711,1.000000,1.000000,0.971680,0.638184,0.991699
998.000000,1200.000000,0.927246,1.000000,0.995117,0.971680,0.629883,0.990723
999.000000,1200.000000,0.923340,1.000000,1.000000,0.974121,0.618652,0.990234
1000.000000,1200.000000,0.933105,1.000000,0.998047,0.972168,0.650391,0.990234
1.000000,1500.000000,0.944824,1.000000,1.000000,0.975586,0.668945,0.990234
2.000000,1500.000000,0.941406,1.000000,0.996582,0.976562,0.655762,0.989258
3.000000,1500.000000,0.942871,1.000000,0.999512,0.975098,0.661621,0.991699
4.000000,1500.000000,0.940430,1.000000,0.998047,0.975586,0.656250,0.988770
5.000000,1500.000000,0.940918,1.000000,0.999512,0.976074,0.655273,0.986816
6.000000,1500.000000,0.946289,1.000000,1.000000,0.975098,0.674316,0.985352
7.000000,1500.000000,0.944336,1.000000,1.000000,0.974609,0.667969,0.992676
8.000000,1500.000000,0.943359,1.000000,1.000000,0.976074,0.664551,0.985840
9.000000,1500.000000,0.941895,1.000000,0.999512,0.975098,0.657227,0.981934
10.000000,1500.000000,0.942383,1.000000,1.000000,0.974609,0.660156,0.992676
11.000000,1500.000000,0.943359,1.000000,0.998535,0.974121,0.662598,0.992188
12.000000,1500.000000,0.943359,1.000000,0.999512,0.975586,0.662598,0.982422
13.000000,1500.000000,0.943848,1.000000,0.999512,0.975098,0.664551,0.982422
14.000000,1500.000000,0.941406,1.000000,0.999512,0.974121,0.655762,0.992188
15.000000,1500.000000,0.938477,1.000000,0.999512,0.975586,0.645996,0.988281
16.000000,1500.000000,0.943359,1.000000,0.995605,0.977051,0.664551,0.988770
17.000000,1500.000000,0.939941,1.000000,0.996582,0.974609,0.652344,0.992188
18.000000,1500.000000,0.941406,1.000000,0.997559,0.975098,0.655762,0.989746
19.000000,1500.000000,0.945312,1.000000,0.999023,0.976074,0.669434,0.985840
20.000000,1500.000000,0.943359,1.000000,0.996582,0.975098,0.663086,0.992676
21.000000,1500.000000,0.942871,1.000000,1.000000,0.972656,0.662598,0.991211
22.000000,1500.000000,0.943359,1.000000,0.999023,0.977539,0.662109,0.990234
23.000000,1500.000000,0.944336,1.000000,0.999512,0.975586,0.667969,0.989746
24.000000,1500.000000,0.941406,1.000000,0.999512,0.974121,0.654785,0.984375
25.000000,1500.000000,0.942871,1.000000,0.996582,0.976074,0.662109,0.982910
26.000000,1500.000000,0.940918,1.000000,1.000000,0.974121,0.652832,0.993164
27.000000,1500.000000,0.943359,1.000000,1.000000,0.975586,0.663574,0.991699
28.000000,1500.000000,0.940918,1.000000,0.999023,0.978027,0.656250,0.990723
29.000000,1500.000000,0.941895,0.000000,1.000000,0.976074,0.659668,0.990234
30.000000,1500.000000,0.940430,1.000000,0.999512,0.977051,0.651367,0.986328
31.000000,1500.000000,0.940918,1.000000,0.997559,0.974609,0.656250,0.985352
32.000000,1500.000000,0.944336,1.000000,1.000000,0.974121,0.665527,0.989746
33.000000,1500.000000,0.944336,1.000000,0.999023,0.974121,0.666504,0.992676
34.000000,1500.000000,0.940918,1.000000,0.997559,0.975098,0.656738,0.991699
35.000000,1500.000000,0.943848,1.000000,1.000000,0.974121,0.664062,0.990234
36.000000,1500.000000,0.936035,1.000000,1.000000,0.974121,0.641113,0.992188
37.000000,1500.000000,0.939453,1.000000,0.997070,0.976074,0.649902,0.985352
38.000000,1500.000000,0.941406,1.000000,0.998535,0.976562,0.655762,0.989258
39.000000,1500.000000,0.947754,1.000000,0.998047,0.976074,0.675781,0.986816
40.000000,1500.000000,0.944336,1.000000,0.999512,0.976074,0.666992,0.991699
41.000000,1500.000000,0.942383,1.000000,1.000000,0.973633,0.659668,0.985840
42.000000,1500.000000,0.943359,1.000000,0.998047,0.975098,0.664062,0.987793
43.000000,1500.000000,0.942383,1.000000,0.999023,0.975098,0.658203,0.992188
44.000000,1500.000000,0.941406,1.000000,1.000000,0.974121,0.657227,0.990723
45.000000,1500.000000,0.945312,1.000000,0.996582,0.975586,0.669434,0.986816
46.000000,1500.000000,0.943359,1.000000,0.999512,0.975586,0.664062,0.988770
47.000000,1500.000000,0.937500,1.000000,0.998535,0.976562,0.643555,0.991699
48.000000,1500.000000,0.942871,1.000000,0.997559,0.975098,0.662109,0.991211
49.000000,1500.000000,0.939941,0.000000,0.999023,0.975098,0.652832,0.992188
50.000000,1500.000000,0.944336,1.000000,1.000000,0.974609,0.665527,0.991211
51.000000,1500.000000,0.946289,1.000000,1.000000,0.976562,0.672852,0.991699
52.000000,1500.000000,0.943848,1.000000,0.995605,0.975098,0.664062,0.992188
53.000000,1500.000000,0.942871,1.000000,0.999023,0.975586,0.663574,0.987793
54.000000,1500.000000,0.946289,1.000000,0.999512,0.974609,0.670898,0.984863
55.000000,1500.000000,0.938965,1.000000,1.000000,0.974609,0.647949,0.991211
56.000000,1500.000000,0.941406,1.000000,1.000000,0.977051,0.657227,0.992188
57.000000,1500.000000,0.941406,1.000000,1.000000,0.974121,0.656738,0.988770
58.000000,1500.000000,0.940918,1.000000,0.997559,0.976074,0.655762,0.992188
59.000000,1500.000000,0.943359,1.000000,0.996094,0.975098,0.660645,0.991699
60.000000,1500.000000,0.945312,1.000000,1.000000,0.975098,0.670410,0.991699
61.000000,1500.000000,0.946777,1.000000,0.993164,0.974609,0.673828,0.990234
62.000000,1500.000000,0.943359,1.000000,0.999512,0.976074,0.663086,0.989258
63.000000,1500.000000,0.942383,1.000000,0.996094,0.976074,0.658203,0.992188
64.000000,1500.000000,0.941406,1.000000,0.999023,0.974609,0.655762,0.990723
65.000000,1500.000000,0.943848,1.000000,1.000000,0.974609,0.663574,0.988770
66.000000,1500.000000,0.942871,1.000000,0.999512,0.975586,0.660156,0.992188
67.000000,1500.000000,0.944336,1.000000,0.996582,0.974609,0.664551,0.992188
68.000000,1500.000000,0.944824,1.000000,0.999023,0.973633,0.666016,0.990234
69.000000,1500.000000,0.942383,1.000000,0.997559,0.976074,0.661133,0.991699
70.000000,1500.000000,0.939453,1.000000,0.994141,0.972656,0.649414,0.987305
71.000000,1500.000000,0.940918,1.000000,1.000000,0.973633,0.653809,0.992188
72.000000,1500.000000,0.940918,1.000000,0.993164,0.974609,0.655273,0.989746
73.000000,1500.000000,0.944336,1.000000,0.996094,0.975098,0.666016,0.988281
74.000000,1500.000000,0.942871,1.000000,1.000000,0.973633,0.661133,0.991211
75.000000,1500.000000,0.940430,1.000000,0.999512,0.974609,0.653320,0.988770
76.000000,1500.000000,0.946289,1.000000,0.998047,0.977539,0.671387,0.988770
77.000000,1500.000000,0.944336,1.000000,0.996094,0.975586,0.663574,0.988281
78.000000,1500.000000,0.942871,0.000000,0.996582,0.976074,0.659180,0.991699
79.000000,1500.000000,0.943359,1.000000,0.996094,0.971680,0.663574,0.989746
80.000000,1500.000000,0.939453,1.000000,0.999512,0.977539,0.650879,0.992676
81.000000,1500.000000,0.938477,1.000000,0.999512,0.977051,0.647461,0.985840
82.000000,1500.000000,0.938477,1.000000,1.000000,0.977051,0.647461,0.989746
83.000000,1500.000000,0.940430,1.000000,0.999512,0.975098,0.654785,0.988281
84.000000,1500.000000,0.939941,1.000000,0.996094,0.974609,0.651367,0.991699
85.000000,1500.000000,0.941406,1.000000,1.000000,0.975098,0.655273,0.989746
86.000000,1500.000000,0.940918,1.000000,0.996582,0.974121,0.653809,0.986328
87.000000,1500.000000,0.947266,1.000000,0.994141,0.974121,0.672852,0.985352
88.000000,1500.000000,0.944824,1.000000,0.999512,0.975098,0.667969,0.988770
89.000000,1500.000000,0.943848,1.000000,0.995605,0.975586,0.665039,0.985840
90.000000,1500.000000,0.943848,1.000000,0.996094,0.975586,0.664551,0.991699
91.000000,1500.000000,0.941895,1.000000,0.998047,0.974609,0.658203,0.990723
92.000000,1500.000000,0.942383,1.000000,0.998047,0.975098,0.658203,0.987793
93.000000,1500.000000,0.942383,1.000000,0.999023,0.974609,0.661621,0.992188
94.000000,1500.000000,0.945312,1.000000,0.996582,0.975098,0.667969,0.990723
95.000000,1500.000000,0.943848,1.000000,0.999512,0.976074,0.665039,0.986816
96.000000,1500.000000,0.938965,1.000000,0.998535,0.974609,0.648438,0.987305
97.000000,1500.000000,0.944336,1.000000,0.999512,0.976074,0.666504,0.988770
98.000000,1500.000000,0.942871,1.000000,0.999512,0.975098,0.660156,0.992676
99.000000,1500.000000,0.944824,1.000000,0.991699,0.975586,0.666992,0.988770
100.000000,1500.000000,0.943848,1.000000,0.995117,0.974609,0.664062,0.992188
101.000000,1500.000000,0.940918,1.000000,0.999512,0.974609,0.655762,0.987793
102.000000,1500.000000,0.940430,1.000000,0.987305,0.974609,0.652344,0.985352
103.000000,1500.000000,0.943848,1.000000,1.000000,0.972168,0.665039,0.986328
104.000000,1500.000000,0.947266,1.000000,0.997559,0.976074,0.674805,0.986816
105.000000,1500.000000,0.943359,1.000000,1.000000,0.974121,0.663086,0.991211
106.000000,1500.000000,0.945312,1.000000,0.998535,0.973633,0.668457,0.990234
107.000000,1500.000000,0.943848,1.000000,0.999512,0.975098,0.665039,0.993164
108.000000,1500.000000,0.944336,1.000000,0.999023,0.973145,0.665527,0.988770
109.000000,1500.000000,0.941895,1.000000,0.999512,0.973145,0.658203,0.991699
110.000000,1500.000000,0.940430,1.000000,0.996582,0.974609,0.655762,0.987793
111.000000,1500.000000,0.941406,1.000000,1.000000,0.974609,0.658203,0.984863
112.000000,1500.000000,0.944336,1.000000,0.987305,0.977051,0.666504,0.984375
113.000000,1500.000000,0.938965,1.000000,0.999512,0.972656,0.648926,0.988281
114.000000,1500.000000,0.947754,1.000000,1.000000,0.976074,0.678711,0.984863
115.000000,1500.000000,0.944336,1.000000,1.000000,0.977051,0.665527,0.992188
116.000000,1500.000000,0.941895,1.000000,1.000000,0.976074,0.659180,0.988281
117.000000,1500.000000,0.941895,1.000000,0.999023,0.974609,0.655762,0.984375
118.000000,1500.000000,0.944824,1.000000,1.000000,0.975098,0.667969,0.985840
119.000000,1500.000000,0.942383,1.000000,0.999023,0.974609,0.657715,0.990234
120.000000,1500.000000,0.944824,1.000000,0.996582,0.975586,0.666504,0.985840
121.000000,1500.000000,0.940430,1.000000,1.000000,0.975586,0.652832,0.987305
122.000000,1500.000000,0.943359,1.000000,1.000000,0.976074,0.662109,0.992676
123.000000,1500.000000,0.943359,0.000000,0.999512,0.976562,0.662598,0.990723
124.000000,1500.000000,0.943848,1.000000,1.000000,0.975098,0.664062,0.990723
125.000000,1500.000000,0.941406,1.000000,0.998047,0.974609,0.657227,0.985352
126.000000,1500.000000,0.944336,1.000000,0.997070,0.975586,0.663086,0.990723
127.000000,1500.000000,0.942871,1.000000,0.998047,0.976074,0.661621,0.984863
128.000000,1500.000000,0.943848,1.000000,0.999023,0.977051,0.664551,0.993164
129.000000,1500.000000,0.940430,1.000000,1.000000,0.974609,0.655762,0.990234
130.000000,1500.000000,0.943848,1.000000,0.999512,0.974609,0.664062,0.988770
131.000000,1500.000000,0.941895,1.000000,1.000000,0.972656,0.659180,0.992188
132.000000,1500.000000,0.944824,1.000000,0.997070,0.975586,0.667480,0.991699
133.000000,1500.000000,0.943848,1.000000,1.000000,0.976074,0.664062,0.992188
134.000000,1500.000000,0.943359,1.000000,0.999023,0.974121,0.661133,0.987793
135.000000,1500.000000,0.943359,1.000000,0.998535,0.975098,0.664551,0.989258
136.000000,1500.000000,0.944336,1.000000,0.996582,0.975586,0.666504,0.991211
137.000000,1500.000000,0.943359,1.000000,0.996582,0.975098,0.661621,0.982910
138.000000,1500.000000,0.945801,1.000000,0.999023,0.975098,0.670410,0.985352
139.000000,1500.000000,0.941406,1.000000,1.000000,0.976074,0.656738,0.988770
140.000000,1500.000000,0.943848,1.000000,1.000000,0.976562,0.663086,0.987305
141.000000,1500.000000,0.942383,1.000000,0.999512,0.974609,0.657715,0.990723
142.000000,1500.000000,0.942871,1.000000,1.000000,0.976074,0.661133,0.992188
143.000000,1500.000000,0.944336,1.000000,0.993164,0.976562,0.665527,0.990723
144.000000,1500.000000,0.942383,1.000000,1.000000,0.973633,0.658203,0.991699
145.000000,1500.000000,0.943359,1.000000,0.999512,0.973633,0.661621,0.992188
146.000000,1500.000000,0.945312,1.000000,1.000000,0.977051,0.669434,0.989746
147.000000,1500.000000,0.942383,1.000000,1.000000,0.976074,0.660156,0.992676
148.000000,1500.000000,0.943848,1.000000,0.995605,0.973633,0.665039,0.987793
149.000000,1500.000000,0.945801,1.000000,0.999512,0.975586,0.670410,0.984375
150.000000,1500.000000,0.939941,1.000000,0.999512,0.976562,0.652832,0.991699
151.000000,1500.000000,0.945801,1.000000,0.998535,0.975586,0.668945,0.985840
152.000000,1500.000000,0.944336,1.000000,0.998535,0.975586,0.665039,0.989746
153.000000,1500.000000,0.943848,1.000000,0.999512,0.976562,0.664551,0.989746
154.000000,1500.000000,0.944824,1.000000,1.000000,0.974609,0.667480,0.986816
155.000000,1500.000000,0.942871,1.000000,1.000000,0.974121,0.660645,0.986816
156.000000,1500.000000,0.940918,1.000000,1.000000,0.973633,0.654297,0.983887
157.000000,1500.000000,0.945801,1.000000,0.999512,0.974609,0.669434,0.988281
158.000000,1500.000000,0.940918,1.000000,0.985352,0.975098,0.654785,0.992188
159.000000,1500.000000,0.942871,1.000000,0.993652,0.974121,0.661133,0.988770
160.000000,1500.000000,0.939941,1.000000,1.000000,0.974609,0.653320,0.991211
161.000000,1500.000000,0.940918,1.000000,1.000000,0.975098,0.654785,0.988281
162.000000,1500.000000,0.940430,1.000000,0.996582,0.975586,0.652832,0.990723
163.000000,1500.000000,0.940918,0.000000,1.000000,0.975098,0.657227,0.990723
164.000000,1500.000000,0.938477,1.000000,0.997559,0.975586,0.648438,0.987793
165.000000,1500.000000,0.942871,1.000000,0.999512,0.977051,0.660156,0.982910
166.000000,1500.000000,0.944336,1.000000,0.995117,0.973145,0.664551,0.992188
167.000000,1500.000000,0.946777,0.000000,0.999512,0.974121,0.672852,0.992676
168.000000,1500.000000,0.945801,1.000000,1.000000,0.975098,0.670898,0.990234
169.000000,1500.000000,0.944824,1.000000,1.000000,0.977051,0.667480,0.973145
170.000000,1500.000000,0.942871,1.000000,1.000000,0.974121,0.662109,0.985352
171.000000,1500.000000,0.938965,0.000000,1.000000,0.975586,0.647949,0.990723
172.000000,1500.000000,0.942871,0.000000,0.998047,0.974121,0.661621,0.991699
173.000000,1500.000000,0.941895,1.000000,0.993652,0.975586,0.658691,0.986816
174.000000,1500.000000,0.940918,1.000000,1.000000,0.974609,0.654297,0.989746
175.000000,1500.000000,0.943359,1.000000,0.998047,0.975098,0.662109,0.983398
176.000000,1500.000000,0.945312,1.000000,0.999512,0.973145,0.666504,0.990234
177.000000,1500.000000,0.941895,1.000000,0.998047,0.976562,0.658203,0.992188
178.000000,1500.000000,0.941895,1.000000,1.000000,0.976074,0.658203,0.992188
179.000000,1500.000000,0.944336,1.000000,0.999512,0.975586,0.665527,0.989746
180.000000,1500.000000,0.941406,1.000000,0.999512,0.973145,0.655762,0.986328
181.000000,1500.000000,0.946777,1.000000,1.000000,0.976562,0.675293,0.989746
182.000000,1500.000000,0.941406,1.000000,1.000000,0.975586,0.656250,0.987793
183.000000,1500.000000,0.944336,1.000000,0.998535,0.976562,0.666504,0.981934
184.000000,1500.000000,0.940430,1.000000,0.999512,0.975586,0.653320,0.992676
185.000000,1500.000000,0.944336,1.000000,0.997070,0.977539,0.667969,0.989746
186.000000,1500.000000,0.941895,1.000000,1.000000,0.975586,0.657715,0.988770
187.000000,1500.000000,0.943359,1.000000,1.000000,0.974121,0.662598,0.990723
188.000000,1500.000000,0.941895,1.000000,0.999512,0.977051,0.657227,0.986816
189.000000,1500.000000,0.941895,1.000000,1.000000,0.976562,0.656250,0.989746
190.000000,1500.000000,0.942383,1.000000,0.992676,0.976074,0.659668,0.986328
191.000000,1500.000000,0.941406,1.000000,1.000000,0.972168,0.656738,0.991699
192.000000,1500.000000,0.940918,1.000000,1.000000,0.977051,0.653809,0.991211
193.000000,1500.000000,0.940430,1.000000,1.000000,0.976562,0.654785,0.982910
194.000000,1500.000000,0.939941,1.000000,0.998535,0.975586,0.650879,0.991699
195.000000,1500.000000,0.944824,1.000000,1.000000,0.974609,0.667969,0.987305
196.000000,1500.000000,0.943359,1.000000,0.993164,0.976562,0.660645,0.990723
197.000000,1500.000000,0.946289,1.000000,1.000000,0.974121,0.671387,0.984863
198.000000,1500.000000,0.944336,1.000000,0.997070,0.974121,0.666992,0.982910
199.000000,1500.000000,0.942871,1.000000,0.994629,0.976074,0.662109,0.990723
200.000000,1500.000000,0.942383,1.000000,1.000000,0.975586,0.657715,0.982910
201.000000,1500.000000,0.941895,1.000000,0.996582,0.973145,0.658203,0.987305
202.000000,1500.000000,0.941895,1.000000,0.996582,0.974609,0.657227,0.990234
203.000000,1500.000000,0.945312,1.000000,0.997559,0.975098,0.666992,0.988281
204.000000,1500.000000,0.941406,1.000000,1.000000,0.976074,0.655762,0.988281
205.000000,1500.000000,0.942871,1.000000,0.999023,0.976074,0.659180,0.983398
206.000000,1500.000000,0.944824,1.000000,1.000000,0.975098,0.665527,0.983887
207.000000,1500.000000,0.945312,1.000000,0.999512,0.976074,0.668945,0.986816
208.000000,1500.000000,0.948242,1.000000,1.000000,0.975098,0.678223,0.990723
209.000000,1500.000000,0.944336,1.000000,0.999512,0.976562,0.666504,0.988770
210.000000,1500.000000,0.939941,1.000000,0.999512,0.977051,0.652832,0.988770
211.000000,1500.000000,0.943359,1.000000,0.996582,0.975586,0.661133,0.990234
212.000000,1500.000000,0.946289,1.000000,0.992676,0.975098,0.670898,0.989746
213.000000,1500.000000,0.940918,1.000000,0.998535,0.976074,0.655273,0.984375
214.000000,1500.000000,0.943848,1.000000,0.997559,0.975586,0.664551,0.984375
215.000000,1500.000000,0.943848,1.000000,0.996582,0.976074,0.665039,0.991699
216.000000,1500.000000,0.940430,1.000000,1.000000,0.975586,0.654297,0.988281
217.000000,1500.000000,0.940918,1.000000,1.000000,0.976074,0.654297,0.992188
218.000000,1500.000000,0.940918,1.000000,1.000000,0.975586,0.656738,0.992676
219.000000,1500.000000,0.942383,1.000000,0.996094,0.975586,0.657227,0.989746
220.000000,1500.000000,0.940430,1.000000,1.000000,0.975098,0.652344,0.987305
221.000000,1500.000000,0.943359,1.000000,0.998535,0.974609,0.663574,0.991699
222.000000,1500.000000,0.947266,1.000000,0.998535,0.975098,0.676758,0.991699
223.000000,1500.000000,0.942871,1.000000,0.993652,0.976562,0.659668,0.982910
224.000000,1500.000000,0.937988,1.000000,1.000000,0.975098,0.646484,0.986816
225.000000,1500.000000,0.941895,1.000000,0.997559,0.974121,0.657715,0.984375
226.000000,1500.000000,0.944336,1.000000,0.999512,0.974121,0.664551,0.991699
227.000000,1500.000000,0.941895,1.000000,0.996582,0.977539,0.657715,0.992188
228.000000,1500.000000,0.940918,1.000000,0.993164,0.976074,0.656250,0.984863
229.000000,1500.000000,0.946289,0.000000,1.000000,0.972656,0.672363,0.991211
230.000000,1500.000000,0.942871,1.000000,0.997559,0.976074,0.662598,0.991211
231.000000,1500.000000,0.940918,1.000000,0.999512,0.973633,0.653809,0.989746
232.000000,1500.000000,0.943359,1.000000,0.999023,0.973145,0.661133,0.983398
233.000000,1500.000000,0.943848,1.000000,0.999512,0.973633,0.665039,0.986816
234.000000,1500.000000,0.942383,1.000000,1.000000,0.977539,0.659668,0.990234
235.000000,1500.000000,0.941895,1.000000,0.999512,0.975586,0.657715,0.988770
236.000000,1500.000000,0.945312,1.000000,0.997070,0.976562,0.666992,0.984375
237.000000,1500.000000,0.948730,1.000000,0.994141,0.976074,0.680664,0.983887
238.000000,1500.000000,0.940430,1.000000,0.996094,0.976074,0.654297,0.990234
239.000000,1500.000000,0.941895,1.000000,1.000000,0.975586,0.660156,0.990723
240.000000,1500.000000,0.941895,1.000000,1.000000,0.974121,0.659668,0.971680
241.000000,1500.000000,0.942383,0.000000,1.000000,0.975098,0.660645,0.981445
242.000000,1500.000000,0.944336,1.000000,1.000000,0.976562,0.665039,0.983398
243.000000,1500.000000,0.945801,1.000000,0.999023,0.976562,0.669434,0.990723
244.000000,1500.000000,0.941895,1.000000,1.000000,0.975098,0.658691,0.988281
245.000000,1500.000000,0.945801,1.000000,1.000000,0.973633,0.672363,0.991699
246.000000,1500.000000,0.940430,1.000000,1.000000,0.974609,0.653320,0.986816
247.000000,1500.000000,0.940430,1.000000,0.999512,0.976074,0.655762,0.990234
248.000000,1500.000000,0.941895,1.000000,1.000000,0.975586,0.657227,0.992676
249.000000,1500.000000,0.944336,1.000000,0.999023,0.976562,0.666992,0.988770
250.000000,1500.000000,0.940918,1.000000,0.999023,0.975586,0.655762,0.982910
251.000000,1500.000000,0.942871,1.000000,0.996582,0.974121,0.659668,0.991699
252.000000,1500.000000,0.942871,1.000000,0.995605,0.974121,0.660645,0.991211
253.000000,1500.000000,0.942871,1.000000,0.991699,0.976562,0.661133,0.992188
254.000000,1500.000000,0.941406,1.000000,0.983887,0.973633,0.656250,0.992188
255.000000,1500.000000,0.940430,1.000000,1.000000,0.975586,0.653809,0.989746
256.000000,1500.000000,0.939453,1.000000,0.999023,0.976074,0.648926,0.989746
257.000000,1500.000000,0.942871,1.000000,0.997070,0.972656,0.659180,0.989746
258.000000,1500.000000,0.941895,1.000000,0.999512,0.975098,0.658203,0.987793
259.000000,1500.000000,0.945312,1.000000,0.999023,0.976074,0.668945,0.982422
260.000000,1500.000000,0.943848,1.000000,0.999512,0.973145,0.664062,0.992188
261.000000,1500.000000,0.943359,1.000000,0.997070,0.976074,0.664062,0.985840
262.000000,1500.000000,0.940918,1.000000,0.999512,0.976074,0.656250,0.988770
263.000000,1500.000000,0.940918,0.000000,0.999512,0.974609,0.655762,0.993164
264.000000,1500.000000,0.939941,1.000000,1.000000,0.977051,0.654785,0.991211
265.000000,1500.000000,0.943848,1.000000,0.993652,0.976074,0.662598,0.988281
266.000000,1500.000000,0.942383,1.000000,0.999512,0.974609,0.660645,0.992188
267.000000,1500.000000,0.945801,1.000000,0.999512,0.976074,0.670410,0.992676
268.000000,1500.000000,0.941406,1.000000,0.996582,0.972656,0.656738,0.991699
269.000000,1500.000000,0.942383,1.000000,0.996094,0.973145,0.659668,0.990723
270.000000,1500.000000,0.939453,1.000000,0.993164,0.974609,0.650879,0.982910
271.000000,1500.000000,0.939941,1.000000,0.999023,0.976562,0.652344,0.985840
272.000000,1500.000000,0.940918,1.000000,0.999023,0.976074,0.656738,0.985840
273.000000,1500.000000,0.943359,1.000000,0.996094,0.975098,0.661133,0.987793
274.000000,1500.000000,0.946289,1.000000,0.999023,0.975586,0.671387,0.981934
275.000000,1500.000000,0.941895,1.000000,0.998535,0.974609,0.657227,0.987793
276.000000,1500.000000,0.942871,1.000000,1.000000,0.975586,0.661621,0.991211
277.000000,1500.000000,0.942871,1.000000,1.000000,0.976562,0.661133,0.991699
278.000000,1500.000000,0.942383,1.000000,1.000000,0.974609,0.659180,0.986816
279.000000,1500.000000,0.944824,1.000000,0.999512,0.975586,0.670410,0.993164
280.000000,1500.000000,0.944336,1.000000,1.000000,0.976562,0.670410,0.988770
281.000000,1500.000000,0.946777,1.000000,1.000000,0.976562,0.674316,0.989746
282.000000,1500.000000,0.944336,1.000000,1.000000,0.975098,0.667480,0.986816
283.000000,1500.000000,0.946289,1.000000,0.998535,0.975586,0.671387,0.993652
284.000000,1500.000000,0.944824,1.000000,1.000000,0.973633,0.668457,0.983887
285.000000,1500.000000,0.945801,1.000000,0.999023,0.976074,0.670898,0.990723
286.000000,1500.000000,0.943848,0.000000,0.992676,0.973145,0.664062,0.983887
287.000000,1500.000000,0.940430,1.000000,0.999512,0.975098,0.655273,0.992188
288.000000,1500.000000,0.941895,1.000000,1.000000,0.975586,0.659180,0.991211
289.000000,1500.000000,0.944336,1.000000,0.999512,0.975098,0.666016,0.992676
290.000000,1500.000000,0.942871,1.000000,0.996582,0.975098,0.662109,0.992188
291.000000,1500.000000,0.941406,1.000000,0.997070,0.974121,0.656250,0.982910
292.000000,1500.000000,0.939453,1.000000,1.000000,0.978027,0.649414,0.987793
293.000000,1500.000000,0.944336,1.000000,1.000000,0.975586,0.665039,0.989746
294.000000,1500.000000,0.942871,1.000000,0.993164,0.975586,0.662109,0.982910
295.000000,1500.000000,0.946777,1.000000,1.000000,0.976562,0.673828,0.983887
296.000000,1500.000000,0.945312,1.000000,1.000000,0.976562,0.669434,0.992188
297.000000,1500.000000,0.940430,1.000000,0.999512,0.976074,0.654297,0.986816
298.000000,1500.000000,0.943359,0.000000,0.999512,0.974121,0.661133,0.992188
299.000000,1500.000000,0.938965,1.000000,1.000000,0.975586,0.648438,0.991211
300.000000,1500.000000,0.944336,1.000000,0.999023,0.976562,0.666992,0.986328
301.000000,1500.000000,0.942871,1.000000,0.999512,0.976074,0.661133,0.987305
302.000000,1500.000000,0.945801,1.000000,1.000000,0.975586,0.671387,0.991699
303.000000,1500.000000,0.946289,1.000000,1.000000,0.976562,0.670898,0.989258
304.000000,1500.000000,0.942871,1.000000,0.997559,0.974121,0.659668,0.985840
305.000000,1500.000000,0.941895,1.000000,1.000000,0.976074,0.659180,0.991699
306.000000,1500.000000,0.944336,0.000000,0.996582,0.976074,0.667480,0.991211
307.000000,1500.000000,0.943848,1.000000,0.999512,0.974609,0.664062,0.989258
308.000000,1500.000000,0.939453,1.000000,0.999512,0.974609,0.649902,0.987305
309.000000,1500.000000,0.947266,1.000000,0.993652,0.974609,0.676270,0.987305
310.000000,1500.000000,0.941406,1.000000,0.991699,0.974121,0.657715,0.987793
311.000000,1500.000000,0.941895,1.000000,0.999023,0.973145,0.657715,0.990234
312.000000,1500.000000,0.945801,1.000000,0.993652,0.975586,0.668457,0.982422
313.000000,1500.000000,0.945801,1.000000,0.997070,0.975586,0.673340,0.987793
314.000000,1500.000000,0.943359,1.000000,1.000000,0.974609,0.663086,0.989746
315.000000,1500.000000,0.945801,1.000000,0.997559,0.974121,0.669922,0.993164
316.000000,1500.000000,0.941406,1.000000,0.997559,0.972656,0.656250,0.992188
317.000000,1500.000000,0.939453,1.000000,0.999512,0.973633,0.649414,0.981934
318.000000,1500.000000,0.943848,1.000000,0.994629,0.976562,0.666504,0.983398
319.000000,1500.000000,0.942871,1.000000,0.999023,0.975098,0.659668,0.981934
320.000000,1500.000000,0.942871,0.000000,0.998535,0.975586,0.661621,0.990234
321.000000,1500.000000,0.944336,1.000000,0.999512,0.977051,0.668457,0.987305
322.000000,1500.000000,0.942383,1.000000,1.000000,0.976074,0.661621,0.992188
323.000000,1500.000000,0.941406,1.000000,0.995605,0.974609,0.657227,0.984375
324.000000,1500.000000,0.946777,1.000000,1.000000,0.975098,0.673340,0.992676
325.000000,1500.000000,0.943359,1.000000,0.996094,0.975586,0.662109,0.991211
326.000000,1500.000000,0.946289,1.000000,1.000000,0.975098,0.672363,0.990234
327.000000,1500.000000,0.945312,1.000000,1.000000,0.975098,0.667480,0.991699
328.000000,1500.000000,0.942871,1.000000,0.999023,0.973633,0.663086,0.981934
329.000000,1500.000000,0.943848,1.000000,0.996582,0.973145,0.664551,0.989258
330.000000,1500.000000,0.937012,1.000000,1.000000,0.973633,0.644043,0.992188
331.000000,1500.000000,0.942871,1.000000,1.000000,0.975586,0.662598,0.980469
332.000000,1500.000000,0.940430,1.000000,0.999512,0.975098,0.652344,0.983887
333.000000,1500.000000,0.938477,0.000000,1.000000,0.974121,0.645996,0.984863
334.000000,1500.000000,0.941895,1.000000,1.000000,0.974609,0.656250,0.991699
335.000000,1500.000000,0.945801,1.000000,0.998535,0.977051,0.672363,0.991699
336.000000,1500.000000,0.940430,1.000000,1.000000,0.977051,0.654297,0.988281
337.000000,1500.000000,0.946777,1.000000,0.999512,0.973145,0.671875,0.981934
338.000000,1500.000000,0.942871,1.000000,0.998535,0.976074,0.662109,0.988281
339.000000,1500.000000,0.942383,1.000000,0.998047,0.974609,0.661133,0.990234
340.000000,1500.000000,0.943359,0.000000,0.998047,0.975098,0.663574,0.991699
341.000000,1500.000000,0.947754,1.000000,0.997559,0.973633,0.677246,0.991699
342.000000,1500.000000,0.945801,1.000000,0.997070,0.977539,0.670410,0.988281
343.000000,1500.000000,0.945312,1.000000,0.999512,0.976562,0.668945,0.985840
344.000000,1500.000000,0.945801,1.000000,0.999512,0.976074,0.669922,0.982910
345.000000,1500.000000,0.945312,1.000000,0.999512,0.974121,0.669434,0.988770
346.000000,1500.000000,0.941895,1.000000,0.996094,0.976074,0.659180,0.990234
347.000000,1500.000000,0.944824,1.000000,0.993164,0.975586,0.668457,0.991699
348.000000,1500.000000,0.944336,1.000000,1.000000,0.974609,0.664551,0.984375
349.000000,1500.000000,0.942871,1.000000,0.999512,0.973633,0.659668,0.984375
350.000000,1500.000000,0.945801,1.000000,0.998535,0.976562,0.670898,0.991699
351.000000,1500.000000,0.944824,1.000000,0.999512,0.975098,0.668945,0.984863
352.000000,1500.000000,0.942383,1.000000,0.999512,0.974609,0.659668,0.985840
353.000000,1500.000000,0.942383,1.000000,0.999512,0.974121,0.659668,0.991699
354.000000,1500.000000,0.940430,1.000000,0.999512,0.975586,0.652344,0.989746
355.000000,1500.000000,0.942871,1.000000,0.999023,0.972656,0.661133,0.984375
356.000000,1500.000000,0.946777,1.000000,0.999512,0.974609,0.671875,0.989258
357.000000,1500.000000,0.941406,1.000000,0.999023,0.973145,0.655762,0.988281
358.000000,1500.000000,0.941895,1.000000,0.998047,0.974121,0.657715,0.990723
359.000000,1500.000000,0.939941,1.000000,0.995117,0.972656,0.651855,0.982422
360.000000,1500.000000,0.941895,1.000000,0.999512,0.974609,0.656250,0.986816
361.000000,1500.000000,0.943359,1.000000,0.992676,0.973633,0.666504,0.984863
362.000000,1500.000000,0.941406,1.000000,0.999023,0.974121,0.656250,0.990723
363.000000,1500.000000,0.947266,1.000000,0.980469,0.976074,0.673340,0.990234
364.000000,1500.000000,0.944336,1.000000,1.000000,0.976562,0.666016,0.986816
365.000000,1500.000000,0.942383,0.000000,0.999023,0.975098,0.660156,0.984863
366.000000,1500.000000,0.942871,1.000000,1.000000,0.977051,0.661133,0.986816
367.000000,1500.000000,0.944336,1.000000,1.000000,0.974609,0.664551,0.988770
368.000000,1500.000000,0.941406,1.000000,0.997070,0.974121,0.656250,0.990723
369.000000,1500.000000,0.944336,1.000000,1.000000,0.976562,0.666016,0.992188
370.000000,1500.000000,0.941895,1.000000,1.000000,0.973145,0.658691,0.994141
371.000000,1500.000000,0.942383,1.000000,0.999023,0.974609,0.659668,0.985840
372.000000,1500.000000,0.942383,1.000000,0.999512,0.975586,0.659668,0.989258
373.000000,1500.000000,0.942383,1.000000,1.000000,0.974609,0.657715,0.992188
374.000000,1500.000000,0.946777,1.000000,0.998047,0.975098,0.672852,0.990234
375.000000,1500.000000,0.941895,1.000000,1.000000,0.974609,0.658203,0.990723
376.000000,1500.000000,0.941895,1.000000,0.997559,0.977539,0.659668,0.991699
377.000000,1500.000000,0.939941,1.000000,0.997070,0.974121,0.651367,0.991699
378.000000,1500.000000,0.940918,1.000000,0.998535,0.972656,0.654785,0.990234
379.000000,1500.000000,0.950195,1.000000,1.000000,0.975586,0.684082,0.985840
380.000000,1500.000000,0.944824,0.000000,0.997070,0.973633,0.666992,0.983398
381.000000,1500.000000,0.947754,1.000000,0.997559,0.972168,0.677734,0.993164
382.000000,1500.000000,0.939941,1.000000,1.000000,0.975098,0.653320,0.988281
383.000000,1500.000000,0.943848,1.000000,1.000000,0.976074,0.666992,0.990723
384.000000,1500.000000,0.943848,1.000000,0.998535,0.976074,0.665039,0.992188
385.000000,1500.000000,0.943848,1.000000,0.999023,0.975098,0.663574,0.988281
386.000000,1500.000000,0.941895,1.000000,0.995605,0.973633,0.658203,0.989746
387.000000,1500.000000,0.945801,1.000000,0.997070,0.974609,0.670898,0.990234
388.000000,1500.000000,0.940430,1.000000,0.991211,0.975098,0.654297,0.990234
389.000000,1500.000000,0.943848,1.000000,0.999023,0.973633,0.664062,0.988770
390.000000,1500.000000,0.939453,1.000000,0.998535,0.974121,0.650879,0.981934
391.000000,1500.000000,0.941406,1.000000,0.997070,0.973633,0.655273,0.991211
392.000000,1500.000000,0.941895,1.000000,0.995605,0.975586,0.658691,0.982910
393.000000,1500.000000,0.943359,1.000000,0.996094,0.976074,0.662598,0.992188
394.000000,1500.000000,0.943848,1.000000,0.997070,0.976074,0.664551,0.991699
395.000000,1500.000000,0.943848,1.000000,0.999023,0.977051,0.663574,0.984375
396.000000,1500.000000,0.944336,1.000000,0.992676,0.976074,0.665039,0.992188
397.000000,1500.000000,0.941895,1.000000,0.999023,0.975586,0.658691,0.990234
398.000000,1500.000000,0.942871,1.000000,0.998047,0.977051,0.660645,0.982422
399.000000,1500.000000,0.941895,1.000000,0.999512,0.976562,0.659668,0.989746
400.000000,1500.000000,0.942383,0.000000,0.999023,0.974121,0.663086,0.985352
401.000000,1500.000000,0.942383,1.000000,0.997559,0.973633,0.661133,0.992188
402.000000,1500.000000,0.940430,1.000000,1.000000,0.976074,0.653809,0.985352
403.000000,1500.000000,0.942871,1.000000,1.000000,0.975098,0.661133,0.989746
404.000000,1500.000000,0.942383,1.000000,1.000000,0.975586,0.661621,0.992188
405.000000,1500.000000,0.940918,1.000000,0.998535,0.974609,0.656738,0.989258
406.000000,1500.000000,0.938477,1.000000,0.999023,0.974609,0.645996,0.992676
407.000000,1500.000000,0.943359,1.000000,0.998047,0.972656,0.663574,0.984375
408.000000,1500.000000,0.944824,1.000000,0.997070,0.975098,0.665527,0.982422
409.000000,1500.000000,0.941406,1.000000,1.000000,0.973633,0.655273,0.991699
410.000000,1500.000000,0.944336,1.000000,0.999023,0.974609,0.664551,0.987793
411.000000,1500.000000,0.941895,1.000000,0.994629,0.976074,0.654785,0.992188
412.000000,1500.000000,0.941406,1.000000,1.000000,0.975586,0.655762,0.985840
413.000000,1500.000000,0.942871,1.000000,0.999023,0.975098,0.659668,0.989746
414.000000,1500.000000,0.943848,1.000000,1.000000,0.976074,0.665527,0.991699
415.000000,1500.000000,0.941406,0.000000,0.998047,0.975098,0.655762,0.983887
416.000000,1500.000000,0.942383,1.000000,0.994141,0.974609,0.657715,0.983887
417.000000,1500.000000,0.942871,1.000000,1.000000,0.975098,0.661133,0.986328
418.000000,1500.000000,0.942871,1.000000,0.998047,0.976562,0.661133,0.989258
419.000000,1500.000000,0.941406,1.000000,0.996094,0.975586,0.655762,0.987793
420.000000,1500.000000,0.938965,1.000000,1.000000,0.975586,0.647461,0.989746
421.000000,1500.000000,0.943359,1.000000,0.999023,0.976074,0.663086,0.982910
422.000000,1500.000000,0.940918,1.000000,0.998047,0.976074,0.653809,0.993164
423.000000,1500.000000,0.937500,1.000000,0.995605,0.976074,0.644043,0.990234
424.000000,1500.000000,0.941895,1.000000,0.999512,0.975586,0.657715,0.989258
425.000000,1500.000000,0.942383,1.000000,0.996094,0.975098,0.661133,0.989258
426.000000,1500.000000,0.945312,1.000000,1.000000,0.974609,0.669434,0.987793
427.000000,1500.000000,0.940918,1.000000,0.998535,0.976562,0.654785,0.984375
428.000000,1500.000000,0.945312,1.000000,1.000000,0.975586,0.668945,0.991699
429.000000,1500.000000,0.943359,1.000000,0.992676,0.975098,0.665039,0.989258
430.000000,1500.000000,0.943359,1.000000,0.993652,0.972168,0.663086,0.989258
431.000000,1500.000000,0.941895,1.000000,0.999512,0.974609,0.657715,0.991699
432.000000,1500.000000,0.943848,1.000000,0.999023,0.976074,0.665527,0.981934
433.000000,1500.000000,0.940918,1.000000,0.999512,0.976562,0.655762,0.987305
434.000000,1500.000000,0.939453,1.000000,1.000000,0.975098,0.650391,0.981934
435.000000,1500.000000,0.943359,0.000000,0.999023,0.974609,0.663086,0.992676
436.000000,1500.000000,0.945801,1.000000,0.999023,0.974609,0.669922,0.989746
437.000000,1500.000000,0.945801,0.000000,0.997559,0.974609,0.668945,0.992188
438.000000,1500.000000,0.945312,1.000000,1.000000,0.976562,0.666992,0.990234
439.000000,1500.000000,0.945312,1.000000,0.999023,0.975586,0.668945,0.993164
440.000000,1500.000000,0.946289,1.000000,0.998535,0.975586,0.673340,0.985840
441.000000,1500.000000,0.943359,1.000000,0.997070,0.974121,0.664062,0.992676
442.000000,1500.000000,0.939453,1.000000,0.999023,0.976074,0.649902,0.989258
443.000000,1500.000000,0.946289,1.000000,0.998047,0.976074,0.672852,0.990234
444.000000,1500.000000,0.944336,1.000000,1.000000,0.974609,0.666992,0.991699
445.000000,1500.000000,0.943848,1.000000,0.999023,0.976562,0.663574,0.982910
446.000000,1500.000000,0.944824,1.000000,1.000000,0.977051,0.668945,0.991699
447.000000,1500.000000,0.939453,1.000000,1.000000,0.977051,0.650391,0.986816
448.000000,1500.000000,0.946289,1.000000,0.999023,0.972656,0.673340,0.989746
449.000000,1500.000000,0.943359,1.000000,0.996582,0.975098,0.663574,0.990234
450.000000,1500.000000,0.942871,1.000000,0.999023,0.973145,0.660645,0.991699
451.000000,1500.000000,0.942871,0.000000,0.999512,0.975098,0.661621,0.987793
452.000000,1500.000000,0.946289,1.000000,0.999512,0.975098,0.672852,0.981934
453.000000,1500.000000,0.943848,1.000000,0.999023,0.974609,0.664062,0.989746
454.000000,1500.000000,0.942871,1.000000,1.000000,0.973633,0.662598,0.990234
455.000000,1500.000000,0.937988,1.000000,1.000000,0.976074,0.646484,0.989258
456.000000,1500.000000,0.942871,1.000000,0.999512,0.975586,0.661621,0.991699
457.000000,1500.000000,0.944824,1.000000,1.000000,0.975586,0.666992,0.990723
458.000000,1500.000000,0.944336,1.000000,0.989746,0.975586,0.664551,0.993652
459.000000,1500.000000,0.943848,1.000000,0.998535,0.974609,0.664551,0.987305
460.000000,1500.000000,0.943359,1.000000,0.999512,0.975586,0.661621,0.992188
461.000000,1500.000000,0.942383,1.000000,1.000000,0.975586,0.658203,0.986816
462.000000,1500.000000,0.946777,1.000000,0.999512,0.975586,0.673340,0.991699
463.000000,1500.000000,0.942383,1.000000,0.998047,0.973145,0.660645,0.979004
464.000000,1500.000000,0.945801,1.000000,0.998047,0.975098,0.671387,0.991211
465.000000,1500.000000,0.942871,1.000000,0.993164,0.974121,0.662109,0.993164
466.000000,1500.000000,0.943848,1.000000,1.000000,0.976074,0.664062,0.992188
467.000000,1500.000000,0.941895,1.000000,0.999512,0.974609,0.657227,0.984375
468.000000,1500.000000,0.942871,1.000000,1.000000,0.974609,0.662598,0.992188
469.000000,1500.000000,0.943848,1.000000,0.999023,0.972656,0.664551,0.991699
470.000000,1500.000000,0.945312,1.000000,0.999023,0.973633,0.667969,0.992188
471.000000,1500.000000,0.947754,1.000000,1.000000,0.973145,0.676270,0.981934
472.000000,1500.000000,0.944336,1.000000,0.991211,0.976074,0.665039,0.989746
473.000000,1500.000000,0.944336,1.000000,0.996582,0.977051,0.667969,0.988281
474.000000,1500.000000,0.944824,1.000000,0.999023,0.974609,0.669922,0.991699
475.000000,1500.000000,0.938965,1.000000,0.996094,0.974609,0.649902,0.983887
476.000000,1500.000000,0.943848,1.000000,0.999512,0.976074,0.664551,0.991699
477.000000,1500.000000,0.940430,1.000000,0.999023,0.973145,0.652832,0.991699
478.000000,1500.000000,0.944824,1.000000,0.999023,0.975586,0.665039,0.991699
479.000000,1500.000000,0.942871,1.000000,0.999512,0.975098,0.658691,0.990234
480.000000,1500.000000,0.945801,1.000000,0.999023,0.975586,0.670898,0.986816
481.000000,1500.000000,0.942871,1.000000,0.992676,0.975098,0.662109,0.986328
482.000000,1500.000000,0.943359,1.000000,0.997070,0.973633,0.662598,0.992188
483.000000,1500.000000,0.943848,0.000000,0.997559,0.975586,0.663086,0.988770
484.000000,1500.000000,0.943359,1.000000,0.999512,0.974121,0.661133,0.983887
485.000000,1500.000000,0.941895,1.000000,0.999512,0.975586,0.658203,0.991699
486.000000,1500.000000,0.944336,1.000000,1.000000,0.975586,0.666016,0.982422
487.000000,1500.000000,0.941895,1.000000,1.000000,0.974609,0.658203,0.987793
488.000000,1500.000000,0.944336,1.000000,0.998047,0.976074,0.665039,0.991211
489.000000,1500.000000,0.939941,1.000000,0.998535,0.973145,0.652344,0.990723
490.000000,1500.000000,0.945801,1.000000,0.999512,0.976562,0.669922,0.991699
491.000000,1500.000000,0.942871,1.000000,1.000000,0.974121,0.662109,0.992676
492.000000,1500.000000,0.940918,1.000000,0.998047,0.974609,0.655762,0.991699
493.000000,1500.000000,0.948730,1.000000,0.998047,0.973145,0.678711,0.991699
494.000000,1500.000000,0.941895,1.000000,0.997559,0.975586,0.659180,0.990723
495.000000,1500.000000,0.943848,1.000000,0.999023,0.977051,0.664551,0.988770
496.000000,1500.000000,0.941895,1.000000,0.996094,0.976074,0.657715,0.992676
497.000000,1500.000000,0.941895,1.000000,0.996582,0.977539,0.658691,0.984863
498.000000,1500.000000,0.943848,1.000000,1.000000,0.977051,0.664551,0.984375
499.000000,1500.000000,0.942871,1.000000,0.995605,0.976562,0.661133,0.991699
500.000000,1500.000000,0.940430,1.000000,1.000000,0.973145,0.654297,0.988281
501.000000,1500.000000,0.941895,1.000000,1.000000,0.975586,0.658691,0.992188
502.000000,1500.000000,0.942871,1.000000,0.999023,0.976074,0.661133,0.991211
503.000000,1500.000000,0.942383,1.000000,1.000000,0.975098,0.660156,0.989258
504.000000,1500.000000,0.940430,1.000000,0.998047,0.975098,0.655273,0.988281
505.000000,1500.000000,0.941406,1.000000,0.990234,0.978027,0.654785,0.992188
506.000000,1500.000000,0.939453,1.000000,0.997070,0.976074,0.649414,0.989746
507.000000,1500.000000,0.942383,1.000000,0.999023,0.975098,0.660156,0.993164
508.000000,1500.000000,0.941895,0.000000,0.998535,0.976074,0.658691,0.992188
509.000000,1500.000000,0.941406,1.000000,0.999023,0.975098,0.656738,0.989258
510.000000,1500.000000,0.944824,1.000000,0.997559,0.975586,0.668945,0.991211
511.000000,1500.000000,0.939941,1.000000,0.998047,0.976074,0.649414,0.991211
512.000000,1500.000000,0.944824,1.000000,1.000000,0.974609,0.669434,0.990723
513.000000,1500.000000,0.942871,1.000000,0.999023,0.974121,0.661133,0.987793
514.000000,1500.000000,0.940918,1.000000,1.000000,0.974121,0.654297,0.987793
515.000000,1500.000000,0.946777,1.000000,0.997559,0.977051,0.671875,0.988770
516.000000,1500.000000,0.943359,1.000000,0.997559,0.975586,0.662109,0.992188
517.000000,1500.000000,0.943359,1.000000,0.999023,0.975098,0.665039,0.989746
518.000000,1500.000000,0.939941,1.000000,1.000000,0.974121,0.652344,0.987793
519.000000,1500.000000,0.942383,1.000000,0.999512,0.977051,0.657715,0.990723
520.000000,1500.000000,0.943848,1.000000,0.999512,0.976074,0.665039,0.992676
521.000000,1500.000000,0.939453,1.000000,0.994629,0.975586,0.648438,0.988281
522.000000,1500.000000,0.943848,1.000000,1.000000,0.976074,0.665527,0.990723
523.000000,1500.000000,0.942383,1.000000,0.996582,0.976074,0.658203,0.990723
524.000000,1500.000000,0.946777,1.000000,1.000000,0.974609,0.674316,0.993164
525.000000,1500.000000,0.944336,0.000000,0.990234,0.975586,0.666504,0.987305
526.000000,1500.000000,0.943848,1.000000,0.998535,0.975098,0.662598,0.993652
527.000000,1500.000000,0.946777,1.000000,1.000000,0.976562,0.674316,0.991699
528.000000,1500.000000,0.939941,1.000000,0.997559,0.974609,0.652832,0.987305
529.000000,1500.000000,0.941895,1.000000,0.999023,0.975586,0.657715,0.989258
530.000000,1500.000000,0.942383,1.000000,0.989746,0.976562,0.660645,0.985840
531.000000,1500.000000,0.939941,0.000000,0.999023,0.975586,0.652344,0.982422
532.000000,1500.000000,0.942383,1.000000,0.997559,0.975586,0.658691,0.993164
533.000000,1500.000000,0.943848,1.000000,0.998535,0.975098,0.665527,0.990234
534.000000,1500.000000,0.941406,1.000000,0.999023,0.975098,0.656738,0.986328
535.000000,1500.000000,0.943359,1.000000,0.999023,0.974121,0.663086,0.990723
536.000000,1500.000000,0.942871,1.000000,0.999023,0.973145,0.661133,0.987305
537.000000,1500.000000,0.941895,1.000000,0.991699,0.972168,0.658203,0.988770
538.000000,1500.000000,0.941406,1.000000,1.000000,0.975098,0.657715,0.987793
539.000000,1500.000000,0.940918,1.000000,1.000000,0.975586,0.654785,0.990234
540.000000,1500.000000,0.942871,1.000000,0.997559,0.975586,0.661133,0.989746
541.000000,1500.000000,0.943359,1.000000,0.992676,0.975098,0.664062,0.983887
542.000000,1500.000000,0.942383,1.000000,1.000000,0.974609,0.659180,0.990723
543.000000,1500.000000,0.944824,1.000000,0.987305,0.976562,0.666504,0.985352
544.000000,1500.000000,0.947266,1.000000,0.993164,0.977051,0.677734,0.992188
545.000000,1500.000000,0.940918,1.000000,1.000000,0.975098,0.653809,0.993164
546.000000,1500.000000,0.943359,1.000000,1.000000,0.974121,0.664551,0.990723
547.000000,1500.000000,0.944336,1.000000,0.986328,0.975586,0.665527,0.988770
548.000000,1500.000000,0.943359,1.000000,0.997559,0.975586,0.663574,0.985840
549.000000,1500.000000,0.941406,1.000000,1.000000,0.975098,0.658691,0.992188
550.000000,1500.000000,0.942871,1.000000,0.999512,0.973145,0.662598,0.989258
551.000000,1500.000000,0.943848,1.000000,0.999023,0.975098,0.664062,0.990723
552.000000,1500.000000,0.944336,1.000000,1.000000,0.973145,0.666504,0.992188
553.000000,1500.000000,0.942871,1.000000,1.000000,0.975586,0.660645,0.992188
554.000000,1500.000000,0.944336,0.000000,0.999023,0.973633,0.666016,0.988770
555.000000,1500.000000,0.946289,0.000000,1.000000,0.974121,0.672363,0.986328
556.000000,1500.000000,0.945312,1.000000,0.999512,0.976562,0.672363,0.988281
557.000000,1500.000000,0.941406,0.000000,0.994629,0.976074,0.655762,0.982910
558.000000,1500.000000,0.940918,1.000000,0.998535,0.973145,0.654297,0.992676
559.000000,1500.000000,0.940430,1.000000,0.998047,0.975586,0.654297,0.991211
560.000000,1500.000000,0.944336,1.000000,0.999512,0.974121,0.666016,0.991699
561.000000,1500.000000,0.942383,1.000000,1.000000,0.975098,0.659180,0.986816
562.000000,1500.000000,0.938965,1.000000,1.000000,0.975586,0.649414,0.987793
563.000000,1500.000000,0.942871,1.000000,0.994141,0.976074,0.662109,0.991211
564.000000,1500.000000,0.939453,1.000000,1.000000,0.976562,0.650391,0.989258
565.000000,1500.000000,0.939941,1.000000,0.994141,0.975098,0.651367,0.987793
566.000000,1500.000000,0.943359,1.000000,0.998535,0.976074,0.663574,0.990723
567.000000,1500.000000,0.943359,1.000000,0.998535,0.975586,0.662598,0.991699
568.000000,1500.000000,0.942383,1.000000,0.999512,0.974121,0.660645,0.992676
569.000000,1500.000000,0.945312,1.000000,0.991211,0.975586,0.670410,0.990723
570.000000,1500.000000,0.941406,1.000000,1.000000,0.975586,0.661133,0.991699
571.000000,1500.000000,0.940918,1.000000,0.996582,0.976562,0.656250,0.988281
572.000000,1500.000000,0.938965,1.000000,0.998535,0.974609,0.650391,0.982910
573.000000,1500.000000,0.943359,1.000000,0.997070,0.978027,0.663086,0.983398
574.000000,1500.000000,0.941406,1.000000,0.998047,0.974121,0.657715,0.987793
575.000000,1500.000000,0.941406,1.000000,0.999512,0.976074,0.657715,0.989258
576.000000,1500.000000,0.943359,1.000000,1.000000,0.973633,0.662598,0.989258
577.000000,1500.000000,0.940430,1.000000,0.999023,0.975098,0.654297,0.991699
578.000000,1500.000000,0.945312,1.000000,0.993652,0.973145,0.668945,0.992676
579.000000,1500.000000,0.941406,1.000000,1.000000,0.973145,0.656738,0.990234
580.000000,1500.000000,0.942383,1.000000,0.999512,0.976562,0.658691,0.981445
581.000000,1500.000000,0.941895,1.000000,1.000000,0.973633,0.655762,0.991699
582.000000,1500.000000,0.947754,1.000000,0.999023,0.975586,0.677246,0.989258
583.000000,1500.000000,0.939941,1.000000,0.999512,0.975098,0.650879,0.992188
584.000000,1500.000000,0.947754,1.000000,0.996582,0.976074,0.677734,0.988281
585.000000,1500.000000,0.939941,1.000000,0.999512,0.976074,0.652344,0.992188
586.000000,1500.000000,0.943359,1.000000,0.999512,0.976074,0.664062,0.991699
587.000000,1500.000000,0.944336,1.000000,0.999023,0.974609,0.666504,0.984375
588.000000,1500.000000,0.943359,1.000000,0.997070,0.973633,0.663086,0.991699
589.000000,1500.000000,0.942871,1.000000,0.992676,0.976074,0.661621,0.991699
590.000000,1500.000000,0.944824,1.000000,1.000000,0.975098,0.666016,0.983887
591.000000,1500.000000,0.942383,1.000000,0.997070,0.975098,0.660156,0.989258
592.000000,1500.000000,0.943359,1.000000,0.997559,0.976074,0.661621,0.990234
593.000000,1500.000000,0.942871,1.000000,0.996582,0.974121,0.663574,0.989746
594.000000,1500.000000,0.942871,1.000000,0.998535,0.975586,0.659180,0.986816
595.000000,1500.000000,0.943848,1.000000,0.999512,0.975586,0.662109,0.984375
596.000000,1500.000000,0.944824,0.000000,1.000000,0.976074,0.663574,0.992188
597.000000,1500.000000,0.945312,1.000000,0.999023,0.975586,0.669434,0.992188
598.000000,1500.000000,0.944824,1.000000,0.999512,0.976562,0.666992,0.982910
599.000000,1500.000000,0.943848,1.000000,0.988281,0.974609,0.665527,0.987305
600.000000,1500.000000,0.943359,1.000000,0.999512,0.975586,0.663086,0.984863
601.000000,1500.000000,0.941895,1.000000,0.999023,0.975098,0.657227,0.982422
602.000000,1500.000000,0.945312,1.000000,0.999023,0.972656,0.668457,0.987305
603.000000,1500.000000,0.944824,1.000000,0.999512,0.973145,0.666992,0.992188
604.000000,1500.000000,0.942871,1.000000,1.000000,0.973633,0.659180,0.993652
605.000000,1500.000000,0.942871,1.000000,0.994141,0.974121,0.659668,0.992188
606.000000,1500.000000,0.941895,1.000000,0.999512,0.975098,0.655762,0.986328
607.000000,1500.000000,0.944824,1.000000,1.000000,0.973145,0.666504,0.987793
608.000000,1500.000000,0.941895,1.000000,0.997559,0.975586,0.658691,0.982910
609.000000,1500.000000,0.943359,1.000000,0.999023,0.974121,0.664062,0.989258
610.000000,1500.000000,0.945801,1.000000,0.995117,0.976074,0.670898,0.985352
611.000000,1500.000000,0.941895,1.000000,0.998047,0.975098,0.660156,0.990234
612.000000,1500.000000,0.941895,1.000000,0.996582,0.974121,0.659668,0.984863
613.000000,1500.000000,0.942871,1.000000,0.995117,0.975098,0.660645,0.987305
614.000000,1500.000000,0.943848,1.000000,0.996582,0.974121,0.666016,0.987793
615.000000,1500.000000,0.942383,1.000000,0.996582,0.973633,0.659668,0.984863
616.000000,1500.000000,0.939941,1.000000,0.999023,0.974609,0.653809,0.985840
617.000000,1500.000000,0.941895,1.000000,0.996094,0.975586,0.658691,0.987793
618.000000,1500.000000,0.943848,1.000000,0.999512,0.975098,0.665039,0.989746
619.000000,1500.000000,0.944336,1.000000,0.997559,0.977051,0.666992,0.984863
620.000000,1500.000000,0.942383,1.000000,0.997559,0.974121,0.660645,0.986328
621.000000,1500.000000,0.944824,1.000000,0.998535,0.972656,0.666992,0.987793
622.000000,1500.000000,0.944824,1.000000,0.999512,0.975586,0.667969,0.993652
623.000000,1500.000000,0.945801,1.000000,1.000000,0.977051,0.671387,0.992188
624.000000,1500.000000,0.945312,1.000000,0.999512,0.976562,0.668457,0.991211
625.000000,1500.000000,0.940430,1.000000,0.992676,0.974609,0.652344,0.992188
626.000000,1500.000000,0.946289,1.000000,1.000000,0.974121,0.671387,0.983398
627.000000,1500.000000,0.940430,0.000000,0.999023,0.975098,0.654297,0.986816
628.000000,1500.000000,0.944336,1.000000,0.996582,0.977051,0.666504,0.992188
629.000000,1500.000000,0.945312,1.000000,0.999512,0.974121,0.670410,0.988281
630.000000,1500.000000,0.943848,0.000000,0.994629,0.976074,0.663574,0.985352
631.000000,1500.000000,0.939941,0.000000,0.991699,0.974609,0.651855,0.986816
632.000000,1500.000000,0.944824,1.000000,0.993164,0.975586,0.666016,0.990234
633.000000,1500.000000,0.942383,1.000000,0.997559,0.974609,0.659180,0.986816
634.000000,1500.000000,0.943848,1.000000,1.000000,0.975098,0.665527,0.990723
635.000000,1500.000000,0.942871,1.000000,0.998535,0.975586,0.659668,0.992188
636.000000,1500.000000,0.945312,1.000000,0.996094,0.974609,0.667969,0.988281
637.000000,1500.000000,0.943359,1.000000,1.000000,0.977051,0.664551,0.985352
638.000000,1500.000000,0.941406,1.000000,0.996094,0.976562,0.658691,0.991211
639.000000,1500.000000,0.944336,1.000000,0.999023,0.975586,0.667480,0.982910
640.000000,1500.000000,0.944336,0.000000,0.994141,0.971191,0.665527,0.989258
641.000000,1500.000000,0.942871,1.000000,0.998535,0.975098,0.662109,0.989746
642.000000,1500.000000,0.944336,1.000000,1.000000,0.973633,0.664062,0.990234
643.000000,1500.000000,0.941406,1.000000,1.000000,0.976074,0.656250,0.991211
644.000000,1500.000000,0.943359,1.000000,1.000000,0.975586,0.661621,0.985352
645.000000,1500.000000,0.945312,1.000000,1.000000,0.977539,0.668945,0.990234
646.000000,1500.000000,0.943359,1.000000,0.998535,0.976074,0.661133,0.990234
647.000000,1500.000000,0.941406,0.000000,1.000000,0.974609,0.658691,0.992188
648.000000,1500.000000,0.940918,1.000000,1.000000,0.976562,0.654297,0.992188
649.000000,1500.000000,0.939453,1.000000,0.999512,0.977539,0.648926,0.991699
650.000000,1500.000000,0.943848,1.000000,0.999512,0.975586,0.663574,0.986816
651.000000,1500.000000,0.942871,1.000000,1.000000,0.976074,0.659668,0.986328
652.000000,1500.000000,0.942871,1.000000,0.999512,0.976074,0.661621,0.990723
653.000000,1500.000000,0.939453,1.000000,0.999023,0.976074,0.651367,0.989746
654.000000,1500.000000,0.945312,1.000000,0.993164,0.975098,0.667480,0.985840
655.000000,1500.000000,0.943848,0.000000,0.998535,0.974121,0.663086,0.988770
656.000000,1500.000000,0.944336,1.000000,0.996094,0.972168,0.666016,0.981445
657.000000,1500.000000,0.941895,1.000000,0.999512,0.977051,0.658691,0.990723
658.000000,1500.000000,0.943848,1.000000,0.998535,0.975098,0.663574,0.988281
659.000000,1500.000000,0.937988,1.000000,1.000000,0.974121,0.645508,0.991699
660.000000,1500.000000,0.940918,0.000000,0.998047,0.975098,0.656250,0.990234
661.000000,1500.000000,0.947754,1.000000,1.000000,0.975586,0.677246,0.992188
662.000000,1500.000000,0.942871,1.000000,0.999512,0.976562,0.663574,0.988770
663.000000,1500.000000,0.938965,1.000000,0.999512,0.976074,0.647949,0.991699
664.000000,1500.000000,0.944336,1.000000,0.998047,0.975098,0.667480,0.973145
665.000000,1500.000000,0.941895,1.000000,0.999512,0.974609,0.655762,0.982422
666.000000,1500.000000,0.946289,1.000000,1.000000,0.975098,0.670410,0.984863
667.000000,1500.000000,0.943848,1.000000,0.993652,0.976074,0.663086,0.990234
668.000000,1500.000000,0.940430,1.000000,0.999512,0.975098,0.654297,0.987305
669.000000,1500.000000,0.944824,1.000000,0.999023,0.976562,0.668945,0.988281
670.000000,1500.000000,0.944336,1.000000,0.996094,0.974121,0.666504,0.987793
671.000000,1500.000000,0.941895,1.000000,1.000000,0.977539,0.658691,0.987793
672.000000,1500.000000,0.941895,1.000000,0.995117,0.976074,0.657715,0.991699
673.000000,1500.000000,0.945312,1.000000,0.997070,0.975098,0.668945,0.992676
674.000000,1500.000000,0.944824,1.000000,0.998047,0.974609,0.666016,0.985352
675.000000,1500.000000,0.944336,1.000000,0.996094,0.977051,0.665527,0.988770
676.000000,1500.000000,0.947266,1.000000,0.999023,0.976074,0.675293,0.987793
677.000000,1500.000000,0.941895,1.000000,1.000000,0.978027,0.659668,0.991699
678.000000,1500.000000,0.943359,1.000000,0.999023,0.975586,0.663574,0.983887
679.000000,1500.000000,0.941895,1.000000,0.999512,0.974609,0.656250,0.982910
680.000000,1500.000000,0.941406,1.000000,0.999512,0.976074,0.657715,0.982422
681.000000,1500.000000,0.941895,1.000000,1.000000,0.973633,0.656738,0.986816
682.000000,1500.000000,0.942383,1.000000,0.998535,0.975586,0.659668,0.985352
683.000000,1500.000000,0.946777,1.000000,1.000000,0.975586,0.673340,0.991699
684.000000,1500.000000,0.944336,1.000000,0.990234,0.975586,0.663574,0.989746
685.000000,1500.000000,0.946777,0.000000,1.000000,0.974609,0.673340,0.987793
686.000000,1500.000000,0.944824,1.000000,1.000000,0.975586,0.667480,0.989746
687.000000,1500.000000,0.943848,1.000000,1.000000,0.972168,0.663574,0.992676
688.000000,1500.000000,0.941406,1.000000,0.999512,0.975098,0.655762,0.983887
689.000000,1500.000000,0.939453,1.000000,0.999512,0.973633,0.651367,0.990723
690.000000,1500.000000,0.941406,1.000000,1.000000,0.976074,0.657715,0.992676
691.000000,1500.000000,0.941406,1.000000,1.000000,0.976562,0.656738,0.987305
692.000000,1500.000000,0.947266,0.000000,0.995605,0.974121,0.676270,0.991211
693.000000,1500.000000,0.942871,1.000000,1.000000,0.975098,0.659668,0.990723
694.000000,1500.000000,0.941895,1.000000,0.996582,0.974121,0.658203,0.989258
695.000000,1500.000000,0.944824,1.000000,1.000000,0.974609,0.667480,0.990723
696.000000,1500.000000,0.944824,1.000000,0.999512,0.973145,0.670410,0.990723
697.000000,1500.000000,0.944336,1.000000,0.999023,0.975586,0.665527,0.990234
698.000000,1500.000000,0.939453,1.000000,0.994629,0.976562,0.650391,0.992676
699.000000,1500.000000,0.943848,1.000000,0.999512,0.974121,0.665527,0.983398
700.000000,1500.000000,0.939453,1.000000,1.000000,0.975586,0.652832,0.991699
701.000000,1500.000000,0.944336,1.000000,0.999512,0.975098,0.666016,0.992188
702.000000,1500.000000,0.945312,1.000000,0.998047,0.973633,0.669922,0.988770
703.000000,1500.000000,0.942871,1.000000,0.998047,0.974121,0.662598,0.986328
704.000000,1500.000000,0.946777,1.000000,0.999512,0.976074,0.672852,0.982422
705.000000,1500.000000,0.943848,1.000000,0.996582,0.976562,0.665039,0.981445
706.000000,1500.000000,0.943359,0.000000,1.000000,0.975098,0.661621,0.989258
707.000000,1500.000000,0.946777,1.000000,1.000000,0.974609,0.675781,0.992188
708.000000,1500.000000,0.941406,1.000000,1.000000,0.975098,0.658203,0.988770
709.000000,1500.000000,0.941406,1.000000,0.998535,0.974609,0.658691,0.986816
710.000000,1500.000000,0.941406,1.000000,0.999512,0.976562,0.658203,0.990234
711.000000,1500.000000,0.944824,1.000000,1.000000,0.975586,0.668457,0.992676
712.000000,1500.000000,0.941895,1.000000,0.996582,0.975586,0.659180,0.987305
713.000000,1500.000000,0.944824,1.000000,0.998047,0.978516,0.666992,0.985840
714.000000,1500.000000,0.943848,1.000000,0.999023,0.976074,0.664062,0.992188
715.000000,1500.000000,0.941406,1.000000,0.998535,0.976562,0.656250,0.990234
716.000000,1500.000000,0.943848,1.000000,0.995605,0.975586,0.664551,0.991699
717.000000,1500.000000,0.944336,1.000000,0.999023,0.974121,0.665039,0.990723
718.000000,1500.000000,0.944336,1.000000,0.997070,0.976562,0.666016,0.991699
719.000000,1500.000000,0.945312,1.000000,0.998535,0.974121,0.668457,0.988281
720.000000,1500.000000,0.942871,1.000000,1.000000,0.976074,0.660156,0.993164
721.000000,1500.000000,0.944824,1.000000,1.000000,0.976074,0.667480,0.990723
722.000000,1500.000000,0.936523,1.000000,1.000000,0.976074,0.642090,0.985840
723.000000,1500.000000,0.941895,1.000000,0.996582,0.975098,0.659668,0.991211
724.000000,1500.000000,0.944336,1.000000,1.000000,0.977051,0.668457,0.991699
725.000000,1500.000000,0.943848,1.000000,0.997070,0.974609,0.664062,0.978516
726.000000,1500.000000,0.940918,1.000000,0.999512,0.976074,0.656738,0.990723
727.000000,1500.000000,0.943848,1.000000,0.999512,0.976562,0.664062,0.991699
728.000000,1500.000000,0.945801,1.000000,1.000000,0.972656,0.670410,0.987305
729.000000,1500.000000,0.942871,1.000000,0.999512,0.974609,0.660645,0.990234
730.000000,1500.000000,0.942383,1.000000,0.998047,0.974609,0.661133,0.986328
731.000000,1500.000000,0.946289,1.000000,1.000000,0.975586,0.672852,0.992188
732.000000,1500.000000,0.938965,1.000000,1.000000,0.977539,0.649902,0.993164
733.000000,1500.000000,0.947754,1.000000,0.998535,0.974121,0.676758,0.991699
734.000000,1500.000000,0.939941,1.000000,1.000000,0.974121,0.650391,0.979980
735.000000,1500.000000,0.942383,1.000000,0.999512,0.975098,0.659668,0.991699
736.000000,1500.000000,0.940430,1.000000,0.999512,0.974609,0.653809,0.985840
737.000000,1500.000000,0.941406,1.000000,0.993164,0.976074,0.653809,0.991211
738.000000,1500.000000,0.941895,1.000000,1.000000,0.977051,0.656250,0.991699
739.000000,1500.000000,0.938477,1.000000,0.999023,0.976074,0.648438,0.986328
740.000000,1500.000000,0.944336,1.000000,1.000000,0.975098,0.666016,0.984375
741.000000,1500.000000,0.942383,1.000000,1.000000,0.971680,0.660156,0.986328
742.000000,1500.000000,0.938965,1.000000,0.999023,0.977051,0.648438,0.992188
743.000000,1500.000000,0.941895,1.000000,0.996582,0.975098,0.657227,0.992676
744.000000,1500.000000,0.946289,1.000000,0.997559,0.975586,0.671875,0.983887
745.000000,1500.000000,0.945801,1.000000,1.000000,0.976074,0.668457,0.991699
746.000000,1500.000000,0.942871,1.000000,0.997559,0.977051,0.659668,0.988281
747.000000,1500.000000,0.941895,1.000000,0.988770,0.973633,0.657715,0.985840
748.000000,1500.000000,0.945801,1.000000,0.996582,0.974121,0.669434,0.984375
749.000000,1500.000000,0.942871,1.000000,0.999023,0.975586,0.661133,0.983887
750.000000,1500.000000,0.944824,1.000000,0.999512,0.975586,0.667480,0.990234
751.000000,1500.000000,0.943359,1.000000,0.999512,0.976074,0.662109,0.987793
752.000000,1500.000000,0.938477,1.000000,0.999512,0.975586,0.646973,0.991699
753.000000,1500.000000,0.945312,1.000000,0.999512,0.975586,0.670410,0.991211
754.000000,1500.000000,0.940918,1.000000,0.995605,0.974609,0.655762,0.986816
755.000000,1500.000000,0.947266,1.000000,0.997559,0.973633,0.675781,0.987793
756.000000,1500.000000,0.943359,1.000000,0.999512,0.975098,0.663086,0.989746
757.000000,1500.000000,0.941406,1.000000,0.999023,0.973145,0.657715,0.987793
758.000000,1500.000000,0.944336,1.000000,0.999023,0.974609,0.665527,0.991699
759.000000,1500.000000,0.944336,1.000000,0.999512,0.975586,0.665527,0.985840
760.000000,1500.000000,0.942871,1.000000,1.000000,0.976074,0.659668,0.993164
761.000000,1500.000000,0.942871,1.000000,1.000000,0.975586,0.661621,0.990234
762.000000,1500.000000,0.943848,1.000000,1.000000,0.974609,0.665527,0.992188
763.000000,1500.000000,0.943848,1.000000,1.000000,0.975098,0.664062,0.985840
764.000000,1500.000000,0.941895,1.000000,0.999512,0.976074,0.656250,0.990723
765.000000,1500.000000,0.942871,1.000000,0.999023,0.975098,0.661621,0.986816
766.000000,1500.000000,0.943359,1.000000,0.999023,0.973633,0.661621,0.991211
767.000000,1500.000000,0.941895,0.000000,1.000000,0.976562,0.658203,0.986816
768.000000,1500.000000,0.937988,1.000000,0.999023,0.975098,0.642090,0.990723
769.000000,1500.000000,0.939941,1.000000,0.999512,0.974121,0.652832,0.985840
770.000000,1500.000000,0.941406,1.000000,1.000000,0.975098,0.656250,0.989258
771.000000,1500.000000,0.940430,1.000000,0.999512,0.972168,0.651855,0.983398
772.000000,1500.000000,0.945312,1.000000,0.995605,0.974609,0.670410,0.981445
773.000000,1500.000000,0.946289,1.000000,0.992676,0.977539,0.671387,0.988281
774.000000,1500.000000,0.944336,0.000000,1.000000,0.974609,0.663086,0.992676
775.000000,1500.000000,0.943359,1.000000,0.997070,0.975586,0.661133,0.988770
776.000000,1500.000000,0.942383,1.000000,0.999023,0.976074,0.658203,0.989258
777.000000,1500.000000,0.941895,1.000000,0.997559,0.975098,0.659668,0.991211
778.000000,1500.000000,0.941895,1.000000,1.000000,0.977539,0.656738,0.992188
779.000000,1500.000000,0.942383,1.000000,0.998535,0.974121,0.660156,0.987793
780.000000,1500.000000,0.945312,1.000000,0.996582,0.975098,0.668945,0.981934
781.000000,1500.000000,0.944336,1.000000,0.998047,0.979004,0.666016,0.983887
782.000000,1500.000000,0.944336,1.000000,1.000000,0.975098,0.667969,0.990723
783.000000,1500.000000,0.944336,1.000000,0.996582,0.975098,0.664551,0.988770
784.000000,1500.000000,0.946289,1.000000,1.000000,0.974121,0.671387,0.989258
785.000000,1500.000000,0.944824,1.000000,0.998535,0.975586,0.666992,0.991211
786.000000,1500.000000,0.945801,1.000000,0.999512,0.976562,0.671387,0.992676
787.000000,1500.000000,0.944336,1.000000,1.000000,0.975098,0.666992,0.991699
788.000000,1500.000000,0.943359,1.000000,0.996582,0.973145,0.664062,0.991699
789.000000,1500.000000,0.941895,1.000000,1.000000,0.973145,0.656250,0.992188
790.000000,1500.000000,0.944336,1.000000,1.000000,0.975098,0.666504,0.992188
791.000000,1500.000000,0.937012,1.000000,0.999512,0.976074,0.643555,0.989746
792.000000,1500.000000,0.943359,1.000000,0.995605,0.975586,0.665039,0.988770
793.000000,1500.000000,0.939453,1.000000,0.996094,0.974609,0.649902,0.989258
794.000000,1500.000000,0.940430,1.000000,0.996582,0.974121,0.651855,0.990723
795.000000,1500.000000,0.942871,1.000000,0.997559,0.975586,0.659668,0.990234
796.000000,1500.000000,0.944824,1.000000,0.999512,0.975098,0.666992,0.987793
797.000000,1500.000000,0.940430,1.000000,1.000000,0.975586,0.653320,0.990234
798.000000,1500.000000,0.944824,1.000000,0.998535,0.975098,0.667969,0.991699
799.000000,1500.000000,0.948242,1.000000,0.993164,0.975098,0.679199,0.992188
800.000000,1500.000000,0.942871,1.000000,0.998535,0.976562,0.661621,0.985840
801.000000,1500.000000,0.942871,1.000000,0.989746,0.976074,0.662598,0.991699
802.000000,1500.000000,0.942383,1.000000,0.995605,0.975098,0.658691,0.987305
803.000000,1500.000000,0.940918,1.000000,1.000000,0.973145,0.653320,0.991211
804.000000,1500.000000,0.942871,1.000000,0.998535,0.975586,0.661133,0.981934
805.000000,1500.000000,0.942871,1.000000,0.999023,0.975098,0.662109,0.987793
806.000000,1500.000000,0.942871,1.000000,0.998535,0.975098,0.661133,0.991699
807.000000,1500.000000,0.944336,1.000000,0.993164,0.977051,0.666504,0.988281
808.000000,1500.000000,0.941895,1.000000,0.997070,0.976562,0.656738,0.991699
809.000000,1500.000000,0.942871,1.000000,0.998535,0.974609,0.661621,0.983398
810.000000,1500.000000,0.945312,1.000000,1.000000,0.973145,0.669434,0.987793
811.000000,1500.000000,0.943359,1.000000,1.000000,0.975586,0.663574,0.991699
812.000000,1500.000000,0.946289,1.000000,1.000000,0.976074,0.671387,0.991699
813.000000,1500.000000,0.941406,1.000000,1.000000,0.975098,0.655273,0.991211
814.000000,1500.000000,0.944824,1.000000,0.999023,0.975098,0.668457,0.994141
815.000000,1500.000000,0.944824,1.000000,0.999512,0.974609,0.665527,0.992188
816.000000,1500.000000,0.943359,1.000000,0.999512,0.975586,0.660645,0.993164
817.000000,1500.000000,0.943848,1.000000,0.993164,0.976562,0.664551,0.992188
818.000000,1500.000000,0.941895,1.000000,1.000000,0.976562,0.658203,0.988770
819.000000,1500.000000,0.946777,1.000000,0.999023,0.974121,0.671875,0.986328
820.000000,1500.000000,0.944336,1.000000,0.999023,0.977539,0.665039,0.991699
821.000000,1500.000000,0.941895,1.000000,0.999023,0.974121,0.659180,0.992188
822.000000,1500.000000,0.939453,1.000000,0.999023,0.974609,0.650879,0.976562
823.000000,1500.000000,0.946289,1.000000,0.999512,0.975586,0.673340,0.992188
824.000000,1500.000000,0.945801,1.000000,1.000000,0.976074,0.670410,0.991699
825.000000,1500.000000,0.939453,1.000000,1.000000,0.975098,0.648926,0.982422
826.000000,1500.000000,0.945312,1.000000,1.000000,0.974609,0.670898,0.985840
827.000000,1500.000000,0.940430,1.000000,1.000000,0.972168,0.652832,0.992188
828.000000,1500.000000,0.945312,1.000000,0.998047,0.976074,0.670410,0.992188
829.000000,1500.000000,0.945801,1.000000,0.999512,0.974609,0.671387,0.986328
830.000000,1500.000000,0.940918,1.000000,0.997070,0.974121,0.654297,0.991699
831.000000,1500.000000,0.943359,1.000000,0.999023,0.973145,0.661621,0.991211
832.000000,1500.000000,0.944336,1.000000,0.998047,0.975586,0.666016,0.987305
833.000000,1500.000000,0.939941,1.000000,1.000000,0.976562,0.653320,0.989258
834.000000,1500.000000,0.947266,1.000000,0.998535,0.975098,0.676270,0.991699
835.000000,1500.000000,0.942871,1.000000,0.999512,0.977051,0.664062,0.990723
836.000000,1500.000000,0.945801,1.000000,0.997070,0.972656,0.670410,0.992676
837.000000,1500.000000,0.945312,1.000000,0.999512,0.974609,0.669922,0.982910
838.000000,1500.000000,0.944336,1.000000,1.000000,0.976074,0.667480,0.988281
839.000000,1500.000000,0.943359,1.000000,0.999512,0.977051,0.662109,0.991699
840.000000,1500.000000,0.939941,1.000000,0.998535,0.973145,0.652832,0.990234
841.000000,1500.000000,0.942383,1.000000,0.999512,0.974609,0.658203,0.987793
842.000000,1500.000000,0.945801,1.000000,0.998047,0.973145,0.670898,0.988770
843.000000,1500.000000,0.945312,0.000000,1.000000,0.975098,0.669922,0.991699
844.000000,1500.000000,0.942871,1.000000,1.000000,0.974121,0.661621,0.980957
845.000000,1500.000000,0.938477,1.000000,1.000000,0.975586,0.647949,0.984863
846.000000,1500.000000,0.943359,1.000000,0.996582,0.974609,0.663086,0.987305
847.000000,1500.000000,0.944824,1.000000,1.000000,0.975098,0.668945,0.983398
848.000000,1500.000000,0.941895,1.000000,0.999512,0.976074,0.657715,0.989746
849.000000,1500.000000,0.941895,1.000000,0.998535,0.974609,0.657227,0.990234
850.000000,1500.000000,0.946289,1.000000,0.994141,0.975586,0.672852,0.989746
851.000000,1500.000000,0.942383,1.000000,0.998535,0.975586,0.658691,0.992188
852.000000,1500.000000,0.940918,1.000000,0.996094,0.974609,0.655273,0.991211
853.000000,1500.000000,0.947754,1.000000,0.998047,0.976074,0.676758,0.989258
854.000000,1500.000000,0.944336,1.000000,0.999512,0.977051,0.665527,0.989746
855.000000,1500.000000,0.943359,1.000000,0.993652,0.976562,0.661133,0.991699
856.000000,1500.000000,0.940918,1.000000,1.000000,0.977539,0.654785,0.992188
857.000000,1500.000000,0.945801,1.000000,0.998535,0.976562,0.672363,0.991699
858.000000,1500.000000,0.941895,1.000000,0.996582,0.973633,0.656738,0.990723
859.000000,1500.000000,0.943359,1.000000,0.999512,0.976562,0.663574,0.988281
860.000000,1500.000000,0.943359,1.000000,0.999023,0.975586,0.664062,0.987305
861.000000,1500.000000,0.942871,1.000000,0.998047,0.975098,0.660645,0.985352
862.000000,1500.000000,0.945801,1.000000,0.999023,0.974121,0.670410,0.991699
863.000000,1500.000000,0.942383,1.000000,0.996582,0.975586,0.660156,0.988281
864.000000,1500.000000,0.942871,1.000000,0.997559,0.972656,0.661621,0.987305
865.000000,1500.000000,0.940430,1.000000,1.000000,0.971191,0.654785,0.986816
866.000000,1500.000000,0.942871,1.000000,0.999512,0.974121,0.660645,0.992188
867.000000,1500.000000,0.945312,1.000000,0.996582,0.973145,0.668945,0.989746
868.000000,1500.000000,0.941406,1.000000,1.000000,0.972168,0.658203,0.986328
869.000000,1500.000000,0.941895,1.000000,0.998535,0.974121,0.659180,0.987305
870.000000,1500.000000,0.944336,1.000000,0.999512,0.976562,0.665527,0.992188
871.000000,1500.000000,0.945312,1.000000,0.989746,0.974609,0.670410,0.991699
872.000000,1500.000000,0.945312,1.000000,0.999512,0.976562,0.668945,0.990234
873.000000,1500.000000,0.940430,1.000000,0.999512,0.974121,0.652344,0.987793
874.000000,1500.000000,0.943359,1.000000,1.000000,0.975586,0.663086,0.991211
875.000000,1500.000000,0.943848,1.000000,0.998535,0.976074,0.661621,0.991699
876.000000,1500.000000,0.943848,1.000000,0.997070,0.975586,0.664062,0.987305
877.000000,1500.000000,0.945312,1.000000,1.000000,0.975586,0.668457,0.988281
878.000000,1500.000000,0.944336,0.000000,0.998535,0.974121,0.666016,0.986816
879.000000,1500.000000,0.940430,1.000000,1.000000,0.975098,0.653320,0.986816
880.000000,1500.000000,0.943848,1.000000,0.999023,0.974121,0.666016,0.991699
881.000000,1500.000000,0.942871,1.000000,0.999023,0.975098,0.660645,0.989258
882.000000,1500.000000,0.940430,1.000000,0.997070,0.973633,0.653320,0.993164
883.000000,1500.000000,0.938477,1.000000,0.994141,0.976074,0.645996,0.988770
884.000000,1500.000000,0.944336,1.000000,0.998047,0.974609,0.665039,0.991699
885.000000,1500.000000,0.945312,1.000000,0.999512,0.976074,0.668457,0.990723
886.000000,1500.000000,0.942871,1.000000,1.000000,0.974121,0.662598,0.991211
887.000000,1500.000000,0.944336,1.000000,1.000000,0.975098,0.665039,0.991699
888.000000,1500.000000,0.942871,1.000000,1.000000,0.976074,0.660156,0.988281
889.000000,1500.000000,0.940918,1.000000,1.000000,0.975098,0.656250,0.987793
890.000000,1500.000000,0.945312,1.000000,0.998535,0.975098,0.668945,0.987793
891.000000,1500.000000,0.947754,1.000000,0.995605,0.978027,0.674805,0.989258
892.000000,1500.000000,0.944336,1.000000,1.000000,0.972656,0.667969,0.984863
893.000000,1500.000000,0.942871,1.000000,0.999512,0.975586,0.661621,0.992188
894.000000,1500.000000,0.942871,1.000000,0.996582,0.973633,0.660156,0.983887
895.000000,1500.000000,0.942383,1.000000,0.999023,0.974609,0.659180,0.989258
896.000000,1500.000000,0.944336,1.000000,0.999512,0.975098,0.665527,0.993164
897.000000,1500.000000,0.942383,1.000000,0.999512,0.975098,0.659668,0.991211
898.000000,1500.000000,0.944336,1.000000,0.999512,0.975586,0.667480,0.989258
899.000000,1500.000000,0.944336,1.000000,0.999512,0.976074,0.665039,0.983887
900.000000,1500.000000,0.944336,1.000000,0.997559,0.977051,0.666992,0.992188
901.000000,1500.000000,0.942383,1.000000,1.000000,0.975098,0.660156,0.988770
902.000000,1500.000000,0.941895,1.000000,0.999512,0.974609,0.659668,0.991699
903.000000,1500.000000,0.943359,1.000000,0.999512,0.975586,0.662598,0.992188
904.000000,1500.000000,0.940430,0.000000,0.995605,0.973633,0.651367,0.989258
905.000000,1500.000000,0.947266,1.000000,0.995605,0.975098,0.674805,0.990234
906.000000,1500.000000,0.944336,1.000000,0.999512,0.974121,0.667480,0.989746
907.000000,1500.000000,0.941406,1.000000,1.000000,0.976074,0.655762,0.990234
908.000000,1500.000000,0.940430,1.000000,0.983887,0.977051,0.654785,0.989258
909.000000,1500.000000,0.940918,1.000000,0.997070,0.976562,0.656738,0.991699
910.000000,1500.000000,0.943848,1.000000,0.996582,0.976074,0.666504,0.991211
911.000000,1500.000000,0.945312,1.000000,0.998535,0.974121,0.668457,0.983887
912.000000,1500.000000,0.941406,1.000000,0.999512,0.974609,0.656738,0.985352
913.000000,1500.000000,0.945801,1.000000,0.999512,0.976074,0.671875,0.991699
914.000000,1500.000000,0.946289,1.000000,1.000000,0.977051,0.670410,0.981934
915.000000,1500.000000,0.943848,1.000000,0.999023,0.976074,0.662109,0.987305
916.000000,1500.000000,0.947754,1.000000,0.999023,0.973633,0.678223,0.991211
917.000000,1500.000000,0.939941,1.000000,0.995605,0.977539,0.652344,0.988770
918.000000,1500.000000,0.941895,0.000000,0.999512,0.975098,0.657715,0.990723
919.000000,1500.000000,0.942871,1.000000,1.000000,0.976074,0.661133,0.985352
920.000000,1500.000000,0.941895,1.000000,1.000000,0.976562,0.659668,0.990234
921.000000,1500.000000,0.940918,1.000000,1.000000,0.976074,0.655762,0.992188
922.000000,1500.000000,0.944824,1.000000,1.000000,0.976074,0.665527,0.991699
923.000000,1500.000000,0.943848,1.000000,0.997070,0.973145,0.666016,0.994141
924.000000,1500.000000,0.945801,1.000000,1.000000,0.974121,0.669434,0.991699
925.000000,1500.000000,0.942871,1.000000,0.999023,0.976074,0.663086,0.989746
926.000000,1500.000000,0.942871,1.000000,1.000000,0.975098,0.662109,0.991699
927.000000,1500.000000,0.944336,1.000000,0.999512,0.973145,0.667480,0.991699
928.000000,1500.000000,0.942383,1.000000,0.999512,0.975586,0.660156,0.993164
929.000000,1500.000000,0.938965,0.000000,0.999512,0.974121,0.647461,0.984863
930.000000,1500.000000,0.942383,1.000000,0.998047,0.974609,0.660156,0.989258
931.000000,1500.000000,0.942383,1.000000,1.000000,0.976562,0.660645,0.987305
932.000000,1500.000000,0.942871,1.000000,0.997559,0.977051,0.663086,0.987793
933.000000,1500.000000,0.943359,1.000000,0.998535,0.974609,0.659180,0.986328
934.000000,1500.000000,0.941895,1.000000,0.993652,0.975586,0.659180,0.989746
935.000000,1500.000000,0.943359,1.000000,0.995605,0.974121,0.661621,0.989746
936.000000,1500.000000,0.942871,1.000000,0.999512,0.975098,0.660156,0.988281
937.000000,1500.000000,0.944336,1.000000,1.000000,0.975098,0.667480,0.992676
938.000000,1500.000000,0.946777,1.000000,0.996582,0.976074,0.675293,0.991699
939.000000,1500.000000,0.939941,1.000000,1.000000,0.976562,0.651367,0.988281
940.000000,1500.000000,0.941406,1.000000,0.996582,0.975098,0.657715,0.992676
941.000000,1500.000000,0.941406,1.000000,0.998047,0.976074,0.658203,0.986816
942.000000,1500.000000,0.942871,1.000000,1.000000,0.976562,0.662598,0.988770
943.000000,1500.000000,0.939941,0.000000,0.991699,0.975586,0.653809,0.982910
944.000000,1500.000000,0.943359,1.000000,0.996582,0.976562,0.663086,0.984375
945.000000,1500.000000,0.945312,1.000000,0.999023,0.975098,0.668457,0.982910
946.000000,1500.000000,0.939941,1.000000,0.984375,0.973633,0.649414,0.987793
947.000000,1500.000000,0.942383,1.000000,0.999512,0.976074,0.660156,0.992188
948.000000,1500.000000,0.944336,1.000000,1.000000,0.974609,0.665527,0.985352
949.000000,1500.000000,0.938965,1.000000,0.996094,0.976562,0.648926,0.983398
950.000000,1500.000000,0.940918,1.000000,0.999512,0.975586,0.654785,0.991699
951.000000,1500.000000,0.945801,1.000000,0.991699,0.976562,0.671875,0.991211
952.000000,1500.000000,0.941895,1.000000,0.998535,0.976562,0.655762,0.987305
953.000000,1500.000000,0.945312,0.000000,0.999512,0.974609,0.667969,0.990234
954.000000,1500.000000,0.944336,1.000000,0.998535,0.974609,0.663574,0.987305
955.000000,1500.000000,0.944824,1.000000,0.999512,0.975098,0.667480,0.984863
956.000000,1500.000000,0.945312,1.000000,0.998047,0.974609,0.668945,0.989258
957.000000,1500.000000,0.943848,1.000000,0.999512,0.975586,0.663086,0.988281
958.000000,1500.000000,0.943359,1.000000,0.999512,0.974121,0.660645,0.990723
959.000000,1500.000000,0.944824,1.000000,1.000000,0.972656,0.668457,0.988770
960.000000,1500.000000,0.941895,1.000000,0.996582,0.976074,0.657715,0.983398
961.000000,1500.000000,0.942383,0.000000,1.000000,0.975098,0.658691,0.989258
962.000000,1500.000000,0.938477,1.000000,0.998047,0.973633,0.647949,0.991699
963.000000,1500.000000,0.943359,1.000000,1.000000,0.976074,0.663086,0.985352
964.000000,1500.000000,0.940430,1.000000,0.991211,0.976074,0.656738,0.986816
965.000000,1500.000000,0.944824,0.000000,1.000000,0.978027,0.666016,0.992188
966.000000,1500.000000,0.941406,1.000000,1.000000,0.976562,0.656250,0.990234
967.000000,1500.000000,0.943848,1.000000,0.997559,0.975098,0.664551,0.989258
968.000000,1500.000000,0.943848,1.000000,0.999023,0.977051,0.663574,0.991211
969.000000,1500.000000,0.940918,0.000000,0.999023,0.974121,0.653320,0.988770
970.000000,1500.000000,0.943359,1.000000,1.000000,0.975098,0.662598,0.992188
971.000000,1500.000000,0.943359,1.000000,0.997559,0.978027,0.662598,0.989258
972.000000,1500.000000,0.942383,1.000000,0.999512,0.974609,0.657715,0.991699
973.000000,1500.000000,0.942383,1.000000,1.000000,0.974609,0.660645,0.981934
974.000000,1500.000000,0.946777,1.000000,0.998535,0.976074,0.674805,0.991211
975.000000,1500.000000,0.942871,1.000000,0.999512,0.975098,0.663574,0.992676
976.000000,1500.000000,0.941895,1.000000,1.000000,0.973633,0.659180,0.991699
977.000000,1500.000000,0.942871,1.000000,0.998535,0.976074,0.660645,0.990234
978.000000,1500.000000,0.948242,1.000000,0.999023,0.974609,0.677734,0.988770
979.000000,1500.000000,0.941895,1.000000,0.986328,0.975586,0.657715,0.990723
980.000000,1500.000000,0.944824,1.000000,1.000000,0.976562,0.668457,0.988281
981.000000,1500.000000,0.945801,1.000000,1.000000,0.977051,0.668457,0.990723
982.000000,1500.000000,0.943359,1.000000,0.999023,0.975586,0.663574,0.984375
983.000000,1500.000000,0.940918,1.000000,0.999512,0.975098,0.653809,0.988281
984.000000,1500.000000,0.945312,1.000000,0.999023,0.975586,0.668457,0.992676
985.000000,1500.000000,0.941895,0.000000,1.000000,0.974609,0.662109,0.991699
986.000000,1500.000000,0.942871,1.000000,1.000000,0.975098,0.660645,0.985840
987.000000,1500.000000,0.938965,1.000000,0.993652,0.976074,0.648438,0.980957
988.000000,1500.000000,0.945801,1.000000,0.998535,0.975586,0.669434,0.984863
989.000000,1500.000000,0.942871,1.000000,1.000000,0.975098,0.660645,0.989746
990.000000,1500.000000,0.940918,1.000000,0.999512,0.974121,0.654297,0.992188
991.000000,1500.000000,0.940430,1.000000,0.999512,0.974121,0.655273,0.985840
992.000000,1500.000000,0.940918,1.000000,0.995605,0.976074,0.653320,0.991699
993.000000,1500.000000,0.944824,1.000000,0.990234,0.975098,0.667969,0.992188
994.000000,1500.000000,0.941406,1.000000,1.000000,0.974609,0.657715,0.984863
995.000000,1500.000000,0.939453,1.000000,0.999023,0.975586,0.650391,0.987305
996.000000,1500.000000,0.940430,1.000000,0.999023,0.975098,0.653809,0.989258
997.000000,1500.000000,0.943848,1.000000,0.999023,0.974121,0.666992,0.991699
998.000000,1500.000000,0.940918,1.000000,1.000000,0.974121,0.653320,0.993164
999.000000,1500.000000,0.939941,1.000000,0.998047,0.975586,0.650879,0.993164
1000.000000,1500.000000,0.948730,1.000000,1.000000,0.975586,0.681641,0.993164
